S0220000687474703A2F2F737265636F72642E736F75726365666F7267652E6E65742F1D
S32500000000000600201D42000031420000334200003542000035420000354200000000000008
S32500000020000000000000000000000000C1DD0100354200000000000061E3010019E4010061
S325000000403542000035420000354200003542000035420000354200003542000035420000E2
S325000000603542000035420000354200003542000035420000354200003542000035420000C2
S325000000803542000035420000354200003542000035420000354200003542000035420000A2
S325000000A0354200003542000035420000354200003542000035420000354200003542000082
S325000000C0354200003542000035420000354200003542000035420000354200003542000062
S325000000E0354200003542000035420000354200003542000035420000354200003542000042
S32500000100354200003542000035420000354200003542000035420000354200003542000021
S32500000120354200003542000035420000354200003542000035420000354200003542000001
S325000001403542000035420000354200003542000000000000000000003542000035420000CF
S32500000160354200003542000000000000354200003542000035420000354200003542000038
S325000001803542000035420000354200003542000035420000354200003542000035420000A1
S325000001A0354200003542000035420000354200003542000035420000354200003542000081
S325000001C0354200003542000035420000354200003542000035420000354200003542000061
S325000001E0354200003542000035420000354200003542000035420000354200003542000041
S3250000020055AA55AA020000001C420000E4FD0100EAF818841369DA76D436BF9C4EF68850CD
S32500000220CEF20000016841F47001016000F004B8FEE7FEE7FEE7000000F002F800F0D1F88A
S3250000024014A696E8000CB244B344DA4501D100F0C8F8BAE80F000FA696E83000A5EB040519
S3250000026004EB0607AAEB0704A7F101074FEA15154FEA3414A4F10104AC4201D300F0B1F863
S3250000028013F0010F18BFFB1A43F0010300F001F8DBE71847ECF501000CF601000A444FF0A6
S325000002A0000C10F8013B13F0070408BF10F8014B1D1108BF10F8015B641E05D010F8016B9B
S325000002C0641E01F8016BF9D113F0080F1EBF10F8014BAD1C0C1B09D16D1E58BF01F801CBEB
S325000002E0FAD505E014F8016B01F8016B6D1EF9D59142D6D3704700007047000000230024DD
S3250000030000250026103A28BF78C1FBD8520728BF30C148BF0B6070476E2900F0458470290C
S3250000032000F09B8566291CF0328565291CF02F8567291CF02C8561291CF02B8503681B0AE4
S3250000034028BF41F08001692900F0F283642900F0EF83752900F0EC836F2900F02985782944
S3250000036000F06785E92900F0C384E42900F0C084F52900F0BD84EF2900F02685F82900F0FE
S3250000038066850368DB0928BF41F08001632901F01787732901F01C87E32901F02787F32972
S325000003A001F02C87002070471FB51CF0DBFC00F0D7FA0400002000211BF008FF401C6060D1
S325000003C0002000211BF018FFE06001F0C3F900F0B1FA1FBD10B5002002F070FC01F023FAFF
S325000003E010BD17F0DBF902F098FC1146FFF7DCFF0FB417F0D1F90FBC17F076FD02F078FE60
S3250000040003B4FFF7E7FF03BC03F028F902480349034A044B70470000701D022000060020B2
S32500000420701F02200000002010B500F099FA001D10BD00BF99BD010053EA020C23D010B59A
S325000004404C1084EA530404D54042C1F1000138BF491E1B4204D55242C3F1000338BF5B1E18
S3250000046000F086FA14F0804F04D04042C1F1000138BF491E14F0004F04D05242C3F100035A
S3250000048038BF5B1E10BD13B540424FF0000070EB0104B8BF012001F0004100281CBF6FF004
S325000004A000414FF0FF30AFF300801CBD0FB4044910B503AA029800F0ABFB10BC5DF814FBAA
S325000004C0540C00200FB4014610B504AA039800F09FFB10BC5DF814FB0FB41CB50C0007AA73
S325000004E0009007D04142A14202D32044401E01E04FF0FF30074B7B4469460190069800F064
S325000005006CFB0021002C01D0009A11701CBC5DF814FB0000070700007CB51D4616460C00EF
S32500000520009007D04142A14202D32044401E01E04FF0FF30064B7B442A46694601903046CC
S3250000054000F04BFB002C02D0009A002111707CBDC70600000FB400B58DB010A90990009187
S325000005600B904FF0FF300A9000200C90064878440690064878446A4607900F9909A800F0DC
S3250000058003FF0DB05DF814FB370E00004F0E000070B5064600F0E8F90468054630460A22F5
S325000005A0002100F002F82C6070BD2DE9F04791460F4680460446002614F8015B2DB1FFF786
S325000005C033FF0068405DC007F6D12B2D02D02D2D18D0641E4A463946204600F005FF27B121
S325000005E03968A14201D1C7F800804FF0020471050BD54042002803DD00F0B6F90460A00791
S32500000600BDE8F08746F48066E4E70028F8DA00F0ABF904606FF00040F2E70B46014618466D
S3250000062001F03FB90EB5054614460E4613A001F04FF9284601F04CF916A001F049F9304620
S3250000064001F046F915A001F043F900218DF80B100A210DF10A008DF80A1008E094FBF1F295
S3250000066001FB124294FBF1F4303200F8012D002CF4DC01F02DF901F009F900002A2A2A2084
S32500000680617373657274696F6E206661696C65643A2000002C2066696C6520002C206C6970
S325000006A06E65200040EA0103024630B59B0710D14FF0013400E008C208C91D1B9D4315EA5D
S325000006C0C41FF8D013F0FF0102F8011B0DD01B0AF8E711F8013B002B02F8013B05D011F8EB
S325000006E0013B002B02F8013BF3D130BD10B5431C02E010F8011B71B18107FAD14FF0013295
S3250000070002C88C1A8C4314EAC211F9D0C01A0A0603D0C01E10BDC01A10BD0A0401D0801E6E
S3250000072010BD0902FCD0401E10BD032A40F2308010F0030C00F0158011F8013BBCF1020F3E
S32500000740624498BF11F801CB00F8013B38BF11F8013BA2F1040298BF00F801CB38BF00F8AE
S32500000760013B11F0030301F0BD80083AC0F0088051F8043B083A51F804CBA0E80810F5E72A
S32500000780121D5CBF51F8043B40F8043BAFF30080D20724BF11F8013B11F801CB48BF11F802
S325000007A0012B24BF00F8013B00F801CB48BF00F8012B704702F0FF0343EA032242EA024294
S325000007C000F024B84FF000020429C0F0128010F0030C00F01B80CCF1040CBCF1020F18BF9B
S325000007E000F8012BA8BF20F8022BA1EB0C0100F00DB85FEAC17C24BF00F8012B00F8012B24
S3250000080048BF00F8012B70474FF0000200B5134694469646203922BFA0E80C50A0E80C50E9
S32500000820B1F12001BFF4F7AF090728BFA0E80C5048BF0CC05DF804EB890028BF40F8042BCD
S3250000084008BF704748BF20F8022B11F0804F18BF00F8012B704710B5044610F0030F08BF5E
S3250000086011F0030F40F015804FF0013E121FC0F20E8051F8043BA3EB0E0C2CEA030C1CEA50
S32500000880CE1C08BF40F8043BF0D0A1F1040102F10402521E08DB11F8013B00F8013B002BE3
S325000008A0F7D11146FFF78EFF204610BD0000000030B44FF0013C50F8042B51F8043BCCFA38
S325000008C052F4D51A20D1FCB950F8042B51F8043BCCFA52F4D51A17D1B4B950F8042B51F828
S325000008E0043BCCFA52F4D51A0ED16CB950F8042B51F8043BCCFA52F4D51A05D1002CDAD00E
S3250000090030BC4FF00000704729BAB1FA81F111F01801D1F120008440F2D1CA40CB4012F055
S32500000920FF0213F0FF0330BCD01A7047704770477047000008487CB5784400900748784421
S32500000940009C0546019004E02046016808448047241DAC42F8D17CBDA0F00100AAF00100F6
S32500000960004870471C0D002000487047FC0C002053EA020C00F069802DE9F04B4FF0000648
S32500000980002B1FBFB3FA83F503FA05F424FA05F65E4012BF1643B2FA82F502FA05F4C5F17E
S325000009A020051EBF22FA05FC44EA0C04203556EA044C4FEA144418BF641C4FF000084FF081
S325000009C00009904271EB030C39D3002919BFB1FA81F701FA07F6B0FA80F700FA07F6C7F1D3
S325000009E020071EBF20FA07FC46EA0C062037B6FBF4FCA7EB0507103F07F01F0BCBF12006A6
S32500000A002CFA06F60CFA0BFB44BFB3460026202FA4BF5E464FF0000B5BEA060C08BF4FF083
S32500000A20010B19EB0B0948EB0608ABFB027C06FB02CC0BFB03CCC01B71EB0C01C1E70B4646
S32500000A40024641464846BDE8F08B13B5084318BF4FF0FF300146AFF30080BDE81C4070479A
S32500000A600B460146184600F0D3B870B5044685690068C10601D5302600E02026C00707D083
S32500000A8070BDD4E9012130469047206A401C20626D1EF6D570BD70B5044685690078C00770
S32500000AA007D170BDD4E9012120209047206A401C20626D1EF6D570BD09684A0501D540B2C2
S32500000AC07047C905FCD500B2704709684A0501D5C0B27047C905FCD580B2704770B50C4693
S32500000AE00546012A05D02878800600D5EA69002302E0012305E05B1C934202D2E05C0028C5
S32500000B00F9D1A869E618C01AA861286A184428622846FFF7AAFF04E0D5E9012114F8010BB2
S32500000B209047B442F8D32846FFF7B5FF70BD00002DE9F0410646002410687529314616A5D3
S32500000B4010D0FFF7B9FF002802DA404213A507E031688A0701D512A502E0490704D511A564
S32500000B60012401E0FFF7B1FF00210A2206F1240709E0B0FBF2FCB0FBF2F302FB1C003030C9
S32500000B8078541846491C0028F3D123462A463046BDE8F04100F025BF000000002D000000AE
S32500000BA02B0000002000000011680268006A530501D508700AE0D30501D5088006E01306D2
S32500000BC003D5C217C1E9000200E008600120704701694A1C02610878704700B58FB0CDE97E
S32500000BE001310021059105497944CDE903101146684600F03DF90FB000BD0000E5FFFFFFA9
S32500000C00D1E900239A4202D2531C0B6010707047074B70B50D467B44FFF7DFFF044628461B
S32500000C2001F043FF10B14FF0FF3070BD204670BD0F6D01002DE9FF5F15468A460446DFF84F
S32500000C40AC80F8440027D8E900103E46CDE9001010E03AF816106A4602A802F00BF8411CF0
S32500000C6007D02178890603D5E269391891420DD80744761C2078800602D5E069B84205DD4C
S32500000C80AE42E6DB3AF816000028E2D1A069C01BA0612046FFF7E9FED8E90010CDE90010BB
S32500000CA0002017E03AF818106A4602A801F0E2FFB0F1FF3F81460BD000250DF1080B05E0F5
S32500000CC0D4E901211BF8050090476D1C4D45F7D308F10100B0428046E4DB206A3844206262
S32500000CE02046FFF7D8FEBDE8FF9F00004EC201002DE9F0418046D21D22F007020025D2E971
S32500000D000002F52915A614D0011E72F1000106DA0023D0EB030063EB020211A608E0D8F809
S32500000D2000108B0701D50FA602E0490701D50EA601251146002408F1240704E000F00CFE21
S32500000D4030323A55641C50EA0102F7D12B46324621464046BDE8F04100F043BE000000007A
S32500000D602D0000002B0000002000000030B4002100F1240408E002F00705D208303542EA86
S32500000D804372DB086554491C52EA0305F3D10468002310A2250708D504F020040C4304D00A
S32500000DA0C46901230CA2641EC46130BC00F019BE10B5044621461068FFF787FE02462046BD
S32500000DC0BDE810400023D1E7D21D22F00701D1E90023CBE70000000030000000F0B40D467E
S32500000DE00188090502D5214C7C4402E01F4C7C440E34002100F1240608E002F00F071209BC
S32500000E00E75D42EA03721B097754491C52EA0307F3D102780023120704D5702D06D009B1CD
S32500000E20022311342246F0BC00F0DBBD01231034F8E770B504460D4621461068FFF745FE85
S32500000E40024629462046BDE870400023C6E7D21D22F00703D3E90023C0E70368126843F0A1
S32500000E60200303600823C3610023B7E7B0C001002DE9F05F894604464FF0000ADFF874B1A2
S32500000E80FB44C0F820A02046E1688847002874D0252806D0D4E901219047206A401C20626A
S32500000EA0F1E700265F462046E16888472028054607DB312D05D2781910F8200C08B106439A
S32500000EC0F1E7B00701D526F00406C4F81CA00027C4F818A02A2D09D028461BF028F938B3BF
S32500000EE004EB8708303DC8F8185019E059F8041B204604EB87029161E1688847012F05460D
S32500000F0018D1E069002820DA26F020061DE0D8F8180000EB800005EB40003038C8F818007B
S32500000F202046E168884705461BF001F90028EED1012F0AD02E2D08D12046E16888477F1C9F
S32500000F400546022F46F02006C4DBA069002803DA404246F00106A061F00701D026F0100652
S32500000F606C2D0BD0682D09D04C2D39D06A2D35D0742D35D07A2D33D016E038E0E1682F464F
S32500000F8020468847B842054609D16C2F26D04FF48060E168064320468847054604E06C2FB2
S32500000FA01AD04FF4807006430DB3A5F14100192802D8203546F400664A4629462046266033
S32500000FC04E46FFF7A9F980B101280BD0F61D26F0070000F1080956E74020E4E78020D8E7B1
S32500000FE00020D6E706F104094DE7284652E7206ABDE8F09F40C001002DE9FF4F1C469146D3
S325000010004FF0FF3581B000218A468846D4E90167A16902986D1C8847216A834688470028FB
S32500001020F6D1BBF1FF3F0CD0002F26F4C0661ADD700615D5BBF12B0F0AD0BBF12D0F0FD1CF
S3250000104004E04FF0FF3005B0BDE8F08F46F48066A16902986D1C88477F1E8346002F02DDCF
S32500001060BBF1300F03D0B9F1000F2AD025E0A1696D1C02987F1E46F400768847002F8346B3
S3250000108005DDBBF1780F06D0BBF1580F03D0B9F1000F10D011E0B9F1000F02D0B9F1100F9B
S325000010A00BD1A1696D1C02987F1E26F4007688478346102000E0082081464FEAE97000903B
S325000010C017E00A20F8E74346AAFB0928DDF800C07F1E03FB098046F4007605F101050AFB41
S325000010E00C0112EB0B0A029841EBEB78A16988478346002F06DD4946584601F083F85FEA0C
S32500001100000BE0D5E16902988847B00502D46FF0010098E7F00718D1700610D551467005A5
S3250000112005D50023D1EB030163EB080200E042462068031D23600068C0E9001205E0206871
S32500001140011D21600068C0E900A828467BE72DE9FF5F1D464FF0FF3B91464FF000085F464E
S32500001160D5E90146A96901987F1C8847296A824688470028F6D1BAF1FF3F0CD0002E24F42B
S32500001180C06419DD600614D5BAF12B0F09D0BAF12D0F0ED103E0584604B0BDE8F09F44F4BB
S325000011A08064A96901987F1C8847761E8246002E02DDBAF1300F03D0B9F1000F26D032E049
S325000011C0A969761E01987F1C44F400748847002E824605DDBAF1780F06D0BAF1580F03D0EF
S325000011E0B9F1000F10D01EE0B9F1000F02D0B9F1100F18D1A969761E01987F1C24F40074AF
S3250000120088478246102002E0082000E00A20814609E0A96908FB0908761E01987F1C44F417
S32500001220007488478246002E05DD4946504600F0E9FF0028EDDAE96901988847A00502D46C
S325000012406FF00100A8E7E00725D1600613D5600502D5C8F1000000E0404629680A1D2A60D1
S325000012600968220501D5087015E0220701D5088011E008600FE02868011D296000682105F9
S3250000128002D580F8008006E0210702D5A0F8008001E0C0F8008038467EE72DE9FF5F4FF0CD
S325000012A000089946144646469169D2E901A7DDF838B001988847054659EA0B0005D009E082
S325000012C0A1690198761C88470546216A284688470028F5D1681C03D05FEACA7005D015E05F
S325000012E04FF0FF3004B0BDE8F09F2068011D2160D0F800800AE05FEACA7001D108F8015B88
S32500001300A169761C01987F1E88470546002F1ADD681C18D0B9F1000F0DD0E81705EBD06094
S32500001320421120F01F0059F822102A1A012090400142E0D107E0BBF1000FDCD12846216A31
S3250000134088470028D7D0E16901988847BBF1000F07D1002E05DD5FEACA7002D1002188F89D
S325000013600010A068B84203DDBBF1000F03D017B16FF00100B6E73046B4E700000268114452
S325000013801378016018467047D16005497944516104497944116200211161114600F040BF02
S325000013A0EDFFFFFF3B6B0100426842B1016811F8013B23B1521EC0E9001218467047012115
S325000013C0C160881E704742685AB1C368016843B983688B4205D0491E521CC0E90012002007
S325000013E070474FF0FF3070472DE9F05F824615468B4600270AF10104B9460078302801D0EB
S325000014009DB113E014F8010B0127782803D0582801D045B10AE00DB1102D07D1002714F89B
S32500001420010B102502E0082500E00A250026B0460EE005FB080005FB06F101271FFA80F885
S3250000144001EB1046B6F5803F00D3B94614F8010B294600F0D7FE0028EBDABBF1000F05D03F
S325000014600FB1641E00E05446CBF80040B9F1000F06D0FFF779FA02210160C81EBDE8F09F11
S3250000148048EA0640FAE72DE9FF4F4FF000089A461446C146464683B0D2E901B7CDF800808A
S325000014A0CDF80480916904988847109905465AEA010005D009E0A1690498761C884705462F
S325000014C0216A284688470028F5D1681C03D05FEACB7005D02AE04FF0FF3007B0BDE8F08F4D
S325000014E02068011D2160D0F800801FE002A86A46E9B201F09FFB411C07D0801C09D04FF010
S3250000150000095FEACB7007D00AE0E169049888473EE04FF0010904E0BDF8081028F8021B6D
S325000015207F1EA1690498761C88470546002F1ADD681C18D0BAF1000F0DD0E81705EBD0606E
S32500001540421120F01F005AF822102A1A012090400142CBD107E010980028C7D12846216A23
S3250000156088470028C2D0E16904988847B9F1000F0ED1109830B9002E04DD5FEACB7001D199
S32500001580A8F80000A068B84202DD109818B117B16FF00100A1E730469FE72DE9FF4F4FF004
S325000015A000089B461446454683B0D2E90196CDF80080CDF804809169DDF848A00498884722
S325000015C007465BEA0A0005D009E0A16904986D1C88470746216A384688470028F5D1781C06
S325000015E003D05FEAC97005D01BE04FF0FF3007B0BDE8F08F2068011D2160D0F8008010E018
S325000016005FEAC97007D16A464046B9B201F032FB411C31D08044A1696D1C0498761E8847F7
S325000016200746002E14DD781C12D0BBF1000007D03B46DDE9101201F029FA0028E0D107E002
S32500001640BAF1000FDCD13846216A88470028D7D0E16904988847BAF1000F06D1002D04DD22
S325000016605FEAC97001D188F80000A068B04203DDBAF1000F03D016B16FF00100B7E72846F6
S32500001680B5E72DE9FF5F9B46144600273D469169D2E90196DDF840A00198884780465BEADB
S325000016A00A0005D009E0A16901986D1C88478046216A404688470028F5D1B8F1FF3F03D013
S325000016C05FEAC97005D014E04FF0FF3004B0BDE8F09F2068011D216007680AE05FEAC97061
S325000016E001D127F8028BA1696D1C0198761E88478046002E15DDB8F1FF3F12D0BBF100007C
S3250000170007D04346DDE90E1201F0C0F90028E5D107E0BAF1000FE1D14046216A884700289A
S32500001720DCD0E16901988847BAF1000F05D1002D03DD5FEAC97000D13880A068B04203DDC3
S32500001740BAF1000F03D016B16FF00100BEE72846BCE7000010B542485421FFF755F8414889
S325000017605421FFF751F840485421FFF74DF83F493B483C4A3F4B08603D490A603A49196008
S32500001780531C0365481C1065012008653B48344A39A1784401F0B0F920B9384878440A387D
S325000017A001F0B4FA37482F4A35A1784401F0A4F920B9344878440A3801F0A8FA32482A4A98
S325000017C02FA1784401F098F920B92F4878440A3801F09CFA40232248DC000021224601F0FD
S325000017E068F920B125487844543801F08FFA1D4822464023002101F05CF920B121487844F5
S32500001800543801F083FA184822461023002101F050F9002806D01C487844BDE810405638D1
S3250000182001F074BA10BD104870B5006D20F001040B4801F0D9F90B4801F0D6F90A4801F04B
S32500001840D3F909E0206D20F00105204601F0CCF9204616F091F82C46002CF3D170BD00008A
S32500001860000C0020540C0020A80C002000060020040600200806002072000000F2C9010036
S3250000188077000000E1C90100BAC9010010B5002001F035FAFEF79EFDBDE81040012001F000
S325000018A0DDBE2DE9F041074615460E46102016F08FFB04000AD06760C4E9026500F048F89B
S325000018C00168216004600020BDE8F0810120FBE710B5044602E0641C01F076FF20780028E4
S325000018E0F9D110BD10B5203AC0F00B80B1E81850A0E81850B1E81850A0E81850203ABFF402
S32500001900F5AF5FEA027C24BFB1E81850A0E8185044BF18C918C0BDE810405FEA827C24BFA7
S3250000192051F8043B40F8043B08BF7047D20728BF31F8023B48BF11F8012B28BF20F8023B86
S3250000194048BF00F8012B704700487047FC0C002000487047340D002030B5B0F10A0271F124
S3250000196000034FEA900E4EEA817EB0EB0E0061EB91014FEA101E4EEA017E10EB0E0041EB76
S3250000198011114FEA102E4EEA016E10EB0E0041EB11214FEA104E4EEA014E10EB0E0041EB47
S325000019A01141401841F100014FEAD00040EA41704FEAD1014FEA810444EA907410EB8005E5
S325000019C044EB01046D1944EB0404521BA3414FF0000348BF0A3200D530BD401C41F10001E9
S325000019E030BD2DE9F0470D4699469246044600F124080168880604D5E06921F0100121607A
S32500001A0000E00120A84201DD471B00E00027A1697A1902EB0900081AA0612078C00602D4A4
S32500001A202046FFF722F8002608E0D4E901211AF806009047206A401C761C20624E45F4DBF2
S32500001A402078C0060AD52046FFF70FF806E0D4E9012130209047206A401C2062381EA7F19E
S32500001A600107F4DC07E0D4E9012118F805009047206A401C2062281EA5F10105F3DC204657
S32500001A80FFF709F82078000602D50220BDE8F0870120FBE72DE9FF4F0C461E464FF0FF3704
S32500001AA08BB0D2E90001DDF860800A908A46C1F30A5505B93D46002108464FF00000BAF15D
S32500001AC0000F00F4400005DA00EB80004FF4400101EA50004FEA9059B9F1010F00DDB946FC
S32500001AE00A9850EA4A000ED044F61050A5F2FF3545432F14B8F1000F1ED07542291E1EDD0D
S32500001B00C9F100021CE0B8F1010F4FF0000001D0302103E0F24305E02154401CB042FBDB57
S32500001B2030460022002121540B99C1F80880C1E900200FB0BDE8F08FBD1B6D1CDEE74A4629
S32500001B4000DA694206A801F061F906AB93E8070003AB83E8070050460A9919F085FD8DE875
S32500001B600700A0F500501F3800900398002D0ADD42F21F014A460844002303A9039068469D
S32500001B801AF030F809E0A0F500504A461F38002303A9039068461AF04FF88DE80700000477
S32500001BA0000C03D04FF0FF30410800E01046B8F1000F03D00022009215461EE0751E05D44F
S32500001BC0FFF7CAFE303262556D1EF9D5B3460122084302D000227F1C04E02078302801D133
S32500001BE000227F1E002A099784D01DE0112D07DAFFF7B2FE303262556D1C50EA0102F5D19B
S32500001C00084302D00098C8B10EE00021681E05E0235C625C63542254401E491C8142F7DB54
S32500001C20AB46A81B401E0990002004F80B000B98099AC0F80880C0E9002B7AE711264FF09B
S32500001C40000857E72DE9F04F88460446D21D22F0070191B0D1E90001CDE90A011AF038F9CA
S32500001C6002460B98C00F01D02D2007E02068810701D52B2002E0202101EAC000032A0990DA
S32500001C8001D0072A05DB03464146204601F07EF80BE12078800601D5E06900E00620B8F1E7
S32500001CA0650F814606D0B8F1660F18D0B8F1670F70D131E00020B9F1110F009001DB11230C
S32500001CC001E009F101030AAA01A90CA8FFF7E2FEDDE90C70002609F10105834647E00120BE
S32500001CE04B4600904FF000470AAA01A90CA8FFF7D1FEDDE90DB00C995D46002610B909F1AC
S32500001D0001000D18B9EB050003D4C0F1FF3609F10105A5EB09002BE0B9F1010F01DA4FF0B9
S32500001D2001090020B9F1110F0090484601DD112300E003460AAA01A90CA8FFF7ABFEDDE9D9
S32500001D400C704D4600268346207800070AD4AB4500DA5D4601A8012D04DD411911F8011C5D
S32500001D60302907D04F4502DA17F1040F04DA012082460FE06D1EEEE7002F02DCED1B3E44F5
S32500001D8003E0781CA84200DD7D1CB81B00F1010A4FF000472078000703D4AA4501DB4FF091
S32500001DA0FF3A0021B7F1004F0DF143088DF8431024D002202B23002F01DA7F422D230A2101
S32500001DC0021EA0F1010000DC5FB197FBF1FC97FBF1F201FB1C7C17460CF1300C08F801CD73
S32500001DE0EEE7A8F1010003702188090501D5452100E06521A0F1010800F8011C09980FA99A
S32500001E00A1EB0807FF1D00B10120411901EBEA70A1693844081A401EA0612078C00602D458
S32500001E202046FEF722FE099828B1D4E901219047206A401C20622078C00622D52046FEF7D9
S32500001E4014FE1EE0002E04DBB34502DD01A8805D00E03020D4E901219047206A401C2062B4
S32500001E60761CAAF101005FEA000A0AD1FEF778FDC0680168405CD4E901219047206A401CCD
S32500001E802062281EA5F10105DCDC07E0D4E9012118F8010B9047206A401C2062381EA7F111
S32500001EA00107F3DC2046FEF7F6FD032011B041E62DE9F04F04460D46D21D22F0070089B0B9
S32500001EC0D0E90097484639461AF002F80246F80F01D02D2307E02068810701D52B2302E02E
S32500001EE0202101EAC0038DF820300BB1012000E00020032A824601D0072A04DB2946204690
S32500001F0000F044FF3FE12078800601D40D2500E0E569C7F30A560D2D49DA00214FEA175BD2
S32500001F2008464FF00000002F00F4400007DA00EB80004FF4400100EBD07001EA60008115CF
S32500001F40012901DD4FF0FF3100224FEA850CBCF1180F06D31346ACF118004FF08052C2404A
S32500001F6003E04FF4801323FA0CF30CF10C0CBCF1200F04D3ACF1200C09FA0CF001E007FA14
S32500001F800CF000294FF0004801DD18B90FE00ED140450CD319EB02095F4121B9404502D1CD
S32500001FA09F4329EA0209BBEB175F00D0761C2088000502D57B48784402E07A4878441938E9
S32500001FC008AA302302F80A30037C0AF10101002E0AF1020A53546A4602DC4FF0300101E08B
S32500001FE04FF031014FF001088DF8001002D0A6F2FF3603E059EA470100D06B4E002D02DCEC
S325000020002178090704D54FF002082E218DF80110C44600210BE0C7F303433F01C35C491C30
S325000020206D1E02F80830052908F1010801DA002DF1DC00210CE000EB1973491C1B786D1ED1
S32500002040082902F808304FEA091908F1010801DA002DF0DC21688B0602D516E0A8F101085D
S32500002060E04505DD02EB080313F8013C302BF5D0B8F1000F09DD02EB080313F8013C2E2BBC
S3250000208003D1090701D4A8F10108002D05DD3E2102F808106D1E08F10108407C002E02F8EE
S325000020A0080008F1010804DA2D20764202F8080002E02B2002F808000A214FF47A708642DC
S325000020C008F101080BDB96FBF0F3303302F8083096FBF0F308F1010800FB136601E0642EAC
S325000020E00CDB642096FBF0F3303302F8083096FBF0F308F1010800FB136601E00A2E06DB82
S3250000210096FBF1F0303002F8080008F1010896FBF1F001FB1060303002F80800A16908F1A0
S32500002120010808EB050202EB0A00081AA0612078C00602D42046FEF798FC216A08AE01EB2C
S325000021400A00206204E0D4E9012116F8010B9047BAF1010AF7D22078C00602D52046FEF72A
S3250000216084FC6E4609E016F8010B3E280FD0D4E901219047206A401C2062B8F10108F2D249
S325000021802046FEF788FC09B00320BDE8F08F206A2844206203E0D4E90121302090476D1E6E
S325000021A0EBD3F8E72EAF010002FCFFFF10B5436913B1AFF3008001E0FEF790FC012010BDFB
S325000021C0127800F124010A7000224A700122EDE711684FF0FF32E9E710B5436913B1AFF37C
S325000021E0008001E0FEF726FD012010BD128800F1240182840022C2840122EDE711684FF0A5
S32500002200FF32E9E73A2800D2303820F02002412A01D3A2F13700884201D34FF0FF3070471D
S325000022202DE9F34F4FF0000A0C4656468DB001200C9001F10C000B9062690B98012190470F
S32500002240051E2DD0252D2CD0216A8847C0B162690B9801219047216A88470028F7D16269C3
S32500002260411E0B98904700E0761CA1690D988847216A88470028F7D1E1690D988847DBE7C5
S32500002280A1690D988847A842074601D1761CD3E7E1690D9888477F1C02D1BAF1000F6FD040
S325000022A06BE162690B9800273D46394690472A2804D162690B98012190470125DFF8D08281
S325000022C062690B9801219047A0F130010A290AD24745E5DC07EB870100EB4107303FDFD4A4
S325000022E045F01005ECE7E90601D46FF000476C280AD04C2814D0682815D06A280DD074280B
S325000023001CD07A281AD01DE062690B98012190476C2802D045F0040514E045F002050DE01A
S3250000232045F020050AE062690B9801219047682802D045F0080505E045F4006562690B9857
S3250000234001219047C4E9015765283DD019DC58287AD00CDC452837D004DC252826D0412838
S325000023609ED131E046282FD0472899D12CE05B2877D0612828D063287CD0642823D15AE0A9
S32500002380F6E06F2848D008DC66281DD067281BD0692821D06E2816D127E0702845D073288B
S325000023A068D0752847D078280DD14DE0A1690D988847252805463FF469AFE1690D98884761
S325000023C06D1C3FF46AAFD8E00D9923466A466FF001001AF040FDC5E045F0400023464FF042
S325000023E000026060A80736D43EE0E8077FF447AF2068011D21600068290501D506701BE7DB
S32500002400290701D5068017E7A90703D5F117C0E9006111E706600FE745F0400023464FF021
S3250000242008026060A80716D41EE040F60E0125EA0100606016E045F0400023464FF00A0201
S325000024406060A80707D40FE045F040006060A80708D5234610220D996FF00100FEF7CCFD1D
S3250000246080E007E0102223460D996FF00100FEF76EFE77E04FF0000963284F46C8464B46AF
S32500002480CB4602D05B2806D038E0E80601D40120A060012732E06269D4F80CB00B980121AC
S325000024A090475E2807D14FF0010949466269D4F80CB00B989047216939B900210A4603ABA1
S325000024C043F82120491C0829FADBD8B3216949B308F1010862690B98012190475D28F4D14B
S325000024E0B9F1000F09D0002003A951F82020D24341F82020401C0828F7DB03AB20690028A4
S3250000250020794FEA40701ED05B462246CDF80080CDE901970D9900286FF0010020DAFFF78B
S32500002520B0F81FE0C11703AA00EBD1614B1121F01F0102EB8302411A136801208840034348
S325000025401360C7E719E00D99224600286FF00100009702DAFEF797FF04E0FEF79EFE01E071
S32500002560FFF71BF800280ADA401C06D10C9820B14FF0FF300FB0BDE8F08F5046FAE7E907E0
S3250000258001D10AF1010A064400200C9054E60000CCCCCC0C2DE9FF4F06468BB00878FF281B
S325000025A006D0491C2D2805D000244FF0000908E000200CE00124F8E709EB8903491C00EB7C
S325000025C043090878FF28F7D114B1C9F100008146107800252C46AA4629462D2801D02B28FD
S325000025E004D1521C2D2813D0002082468B461078FF280FD04FF0000C0A21521CA5FB017816
S3250000260004FB018105FB0C11C5194BEB0104EEE70120EAE7002108464FF00000BAF1000FCE
S3250000262002D000EB80004008C0F38157012F01DD4FF0FF370E9955EA040009EB01080BD03F
S325000026404FF0020918F5FA7F16DA4FEACA70002F706008DD012007E04FEACA70C6E900B083
S325000026600FB0BDE8F08F00203060FEF77DF9C0F800901821084616E0B8F5FA7F18DD002F47
S3250000268002DAF748784401E0F6487844D0E90010C6E9001040EACA707060FEF765F9C0F8BB
S325000026A00090142108460FB0BDE8F04F1AF06CBB002108464FF00000B8F10001099002DA60
S325000026C0C7F1000200E03A4601DAC8F1000106A800F09CFB06AB93E8070003AB83E80700BD
S325000026E044F23E005BEA04010090584604D144F21E012C465D460091210C0904014306D1C3
S325000027000099240444EA15442D041039009104F07F41014306D10099240244EA15642D02FC
S325000027200839009104F07041014306D10099240144EA15742D01091F009104F040410143EC
S3250000274006D10099A40044EA9574AD00891E009104F00041084304D100986D196441401ECD
S3250000276000904FF001033A466846B8F1000FCDE9014503A902DD19F074FA01E019F047FA71
S32500002780BAF1000F04460D4601D084F00044002108464FF00000099940F2FF77484010F0D3
S325000027A00C0F07D124F00040284303D0C4F30A50B84212D1FEF7D8F8C0F80090C4F30A5082
S325000027C0B8420AD1A8487844D0E90010C6E9001004F000410843706042E7C6E900543FE748
S325000027E02DE9FF4F1F464FF0000A4FF0FF38454691B0D7E90146CDF83CA0FEF7B1F8C06811
S325000028000168405C1090B96912986D1C8847396A814688470028F6D1B9F1FF3F0AD0002ED1
S3250000282024F4D06411DDB9F12B0F08D0B9F12D0F0BD102E0404615B013E744F48064B96975
S3250000284012986D1C8847761E8146600504A901D52D2000E02B20002E01F1010B0DF1300853
S325000028608DF810003FDDB9F1690F08D0B9F1490F05D0B9F16E0F02D0B9F14E0F1CD13B4662
S3250000288001A8009580E85002DDE912126FF002001AF0E5FAC11CCED10EE0B96912986D1C47
S325000028A0884781461398761E44F4007405600F98401C002E0F9016DDB9F1300FEDD0B9F119
S325000028C0780F02D0B9F1580F0DD10F9801280AD13B46CDE90054DDE91212001F02961AF0C9
S325000028E0BCFAC11CA7D1109989453ED144F0800406E01399681CAAF1010A44F400740860B9
S32500002900B9696D1C1298761E884730288146F0D02BE01099894505D1200603D4761E44F0FD
S32500002920800418E0484619F002FC08B3761E0DF123029345A9F1300044F4007406D20BF8E5
S32500002940010B200607D5AAF1010003E0200602D40AF101008246A00502D51399681C086010
S32500002960B96912986D1C88478146002ED1DC53E0002E51DDB9F1650F02D0B9F1450F4BD1F2
S32500002980A00549D5B9696D1C1298761E24F440748847002E81460CDD2B2804D0B9F12D0FFF
S325000029A007D144F48074B96912986D1C8847761E8146E00501D52D2100E02B2108F8011B3D
S325000029C0CDF8008021E0761E0DF13901884544F400740CD2A9F1300010F0FF0088F800003F
S325000029E002D10099884509D908F1010806E0E00501D51E4801E042F20F708246B969129885
S32500002A006D1C8847814613980560002E04DD484619F08DFB0028D6D1F96912988847FF208A
S32500002A2053468BF8000088F8000000200A900B9004AA0CA90AA8FFF7ADFDA00502D46FF010
S32500002A400100F8E614F0240F12D0E0071CD13868DDE90A12031D3B600068C0E9001213E051
S32500002A6020D2010012D20100D6D00100F1D8FFFF0AA9684619F048FBE00705D13868009A66
S32500002A80011D3960006802602846D4E610B508E030F8024B9C4204D10AB1002010BD0120E9
S32500002AA010BD491EF4D2104610BD007B00F08000704770B5C468A50713D0650211D4B2F57E
S32500002AC0807F09D0B2F5007F06D0B2F5806F08D1012300F1240106E05D1E6FF07F46B542F7
S32500002AE001D3012070BD0161C361416024F470611143C160002070BD2DE9F0410C461646E7
S32500002B00070047D0104600F06FF82078611C61280AD0722802D077283CD102E00125002428
S32500002B2005E00225042402E0082448F2020511F8010B2B2806D0622809D011F8010C7428B9
S32500002B400AD00BE045F0030544F00204EFE745F0040544F00104EAE744F0100438462146E8
S32500002B6000F09CFD411C15D00021316171604FF40071F560F1617061200704D5304602223A
S32500002B80002100F0B5F9306D40F0010030653046BDE8F0810020FBE72DE9F0410D46064699
S32500002BA0104C206DC10704D0410804D020F00104F7E722460EE0542015F00AFA07000ED0C2
S32500002BC0206D47F001010843542120653846FDF71BFE3A4629463046BDE8F0418CE700208B
S32500002BE0D6E70000000C00202DE9F04704464FF0FF380026C568D4E90497A80718D0204631
S32500002C0000F032FA384600F023FD002800DA4646280502D5484614F0AFFE4C212046FDF76C
S32500002C20F3FD206D20F0010020653046BDE8F0874046FBE7F8B516460C460546FDF7F4FBF8
S32500002C40036893F80101012804D0185D78B101202C80F8BDD3F803013246214603F20313A0
S32500002C60C71868460023B84700992980F8BD4FF0FF30F8BD2DE9F04116460C460546FDF751
S32500002C80D3FB036893F80101012807D0FF2C12D8185D80B101202C70BDE8F081D3F8070107
S32500002CA03246214603F20713C7182846BC46BDE8F041002360474FF0FF30EDE72DE9F041A8
S32500002CC00646FEF745FE8046454613E016B1E068B0420ED120682860D4E90101D8F8007037
S32500002CE08847204614F048FED8F80000B842EBD100E025462C68002CE8D1BDE8F08110B52A
S32500002D0000F004FABDE8104000F0FBB910B500F015FABDE8104000F0F4B97546FEF714FE0E
S32500002D20AE4605006946534620F00700854618B020B5FDF76BFBBDE820404FF000064FF0EA
S32500002D4000074FF000084FF0000BAC46ACE8C009ACE8C009ACE8C009ACE8C00921F0070156
S32500002D608D467047B2F120030AD5C2F1200301FA02F120FA03F341EA030100FA02F0704778
S32500002D8000FA03F14FF00000704700002DE9F0411F46044603260168072A01F4006004DB5C
S32500002DA008B116A505E016A503E008B115A500E015A521F010002060A069C01EA0610FB1C0
S32500002DC0401EA0612046FDF750FE4FB1D4E9012138469047206A401C2062C01C206206E006
S32500002DE0206AFAE7D4E9012115F8010B9047761EF8D22046FDF74FFEBDE8F0814E414E009B
S32500002E006E616E00494E4600696E66002DE9F047814616468AB0354878440DC88DE80D001B
S32500002E2032487844801C03AC0DC884E80D0041F69B300844372190FBF1F290FBF1F5A5F1A2
S32500002E40800501FB12041B3C02D56442012000E00020DFF898A080460027FA44AAF1BE0A43
S32500002E600EE0E0070AD03246684607EB470101230AEB810118F0E0FE8DE8070064107F1C31
S32500002E80002CEED1194F7F44AE3F19E0E80715D007EB04100DF1180A90E80E008AE80E0030
S32500002EA0C068F04201D1981908903246012306A903A818F0C1FE03AB83E807006D10641CBD
S32500002EC0002DE3D14FF0010332466946B8F1000F03A802D018F086FE01E018F0ADFEC9E99A
S32500002EE00001C9F808200AB0BDE8F0875CA101002DE9F041044616460D464769007B80071C
S32500002F002ED0384600F0C4FB50BB3EB3012E02D0022E25D104E0204600F060FB05441DE082
S32500002F20384600F0AFFBE168002841F01001E16005DA204600F058F80120BDE8F081C903F7
S32500002F400BD56268E16A914200D81146A26911442269891A814200DD08460544002D01DAA7
S32500002F600220EAE7E16A6068E268814206D29103E06203D522F4003141F01002A6690027F2
S32500002F80AE4213DCE16A814201D90B4600E0034603EB060C2369ACEB030CAC4506DD814221
S32500002FA001D98C4600E084469C4505D1A760276042F02000A5620DE0AD1BE669AE1B814287
S32500002FC0A66000D90846C01A281A20605819606022F0200003490840E060002084F8487097
S32500002FE0ABE70000BFCFD7FFC16821F4001141F08001C16000218160016070472DE9F74F3D
S3250000300015460C464FF0FF3B3848D768D2F814A0074209D05046A96900F080FB002819DBF6
S325000030203248C0430740EF604FF000496FF000484C4501D3464600E0264600993B4650465B
S32500003040324600F073FBA96920F00042B21A1144A96128B12846FFF7C7FF5846BDE8FE8F32
S32500003060A41BE5D10020F9E770B504460569C06A6168884200D80846E16821F42011E16045
S32500003080C90312D5A84208D02246411B2846FFF7B5FF10B14FF0FF3070BD0020E562C4E969
S325000030A00150E06820F48030E060002070BD10B50446C06820F02000E060A16AA06988429B
S325000030C00DD02046FFF7D0FFE06820F4405040F01000E060A06AA0612069E062606044F2AA
S325000030E04001E0688843E06010BD00001000020010B50446AFF300802046BDE81040FDF7D7
S325000031007FB9002801D000F0A9BA704710B5002102A000F084FA012010BD00005349474166
S325000031204252543A2041626E6F726D616C207465726D696E6174696F6E00000010B5014645
S3250000314002A000F06CFA012010BD000053494752545245443A2052656469726563743A2039
S3250000316063616E2774206F70656E3A200000000010B5FDF7F9FB006810BD10B50446FDF76B
S32500003180F3FB046010BD00002DE9FF4F1F464FF03C0987B04FF00042DDE9141001F1010820
S325000031A0DDF858A002EA40500390002005908346054604460490B969461E08988847AAF1F6
S325000031C0010A0290BAF1000F3BDD02982E2815D01021FFF717F800282EDB4FF0010B059955
S325000031E0014317D0B9F1000F0BDB4A46C117FFF7B9FD05430C43A9F1040905E00120049013
S325000032000BE008B145F0010501200590049820B9361D02E0049800B1361FB969089808F10C
S3250000322001088847BBF1000FAAF1010A0290C9D00999C1F80080C5E70298702808D050281B
S3250000324006D0F96908988847BBF1000F14D04FE0002002900120BBF1000F049009D0B969D6
S32500003260089808F101088847AAF10109B9F1000F07DCF969089888476FF001000BB0BDE805
S32500003280F08F2B2804D02D280CD14FF0FF300490B969089808F101088847A9F10109B9F16D
S325000032A0000FE6DD411CE4D00A21FEF7ABFF0028DFDB029908F1010801EB810100EB410042
S325000032C00290B969089888470A21FEF79BFF099AA9F10109B9F1000FC2F8008001DD0028CB
S325000032E0E7DAF969089888470499029800FB016655EA040004D004F04041090002D006E050
S32500003300039898E0A40044EA9574AD00B61E04F00041080002D16D196441761E159810F0BC
S32500003320240F03D04FF00B095C4803E04FF028096FF07D008246564507DAAAEB06018944AE
S32500003340B9F1410F01DD4FF0410901200021A9F10102FFF707FD024628400B462140084380
S3250000336001D0012100E00021501E029143F1FF3128402140084301D0012000E0002002994D
S32500003380834651EA0B014FD0002108464FF00000039900F4400039B100EB80004FF44001A1
S325000033A000EBD07001EA60008015012802DD4FF0FF3000E013D0401C36D0029860B3BBF108
S325000033C0000F0CD14A4601200021FFF7CBFC28402140084301D0012000E00020E0B10120B4
S325000033E04A460021FFF7BEFC034640190A4661412D1A8C4111D3B9F1400F09DD159810F04E
S32500003400240F02D0AAF1340603E0AAF1170600E0761C00254FF0004406E05B1E42F1FF3254
S3250000342020EA030521EA0204CAF10100B04206DA1B49039808430190002000900EE0039ABF
S32500003440C4F3D321E80A0A43164940EA44500A433146CDE90002684618F05FFE159810F023
S32500003460240F0BD01598C00715D13868DDE90012031D3B600068C0E900120CE002A8694643
S3250000348018F042FE1598C00705D13868029A011D3960006802604046F0E6000002FCFFFF7F
S325000034A00000F07F0000F03F2DE9FF4F92461D4685B04FF00041DDE9124BDDE914727F1E08
S325000034C001EA4B50414940F0FF4940EA0108002122F020004928049102D04E2828D04CE066
S325000034E03BA0012607C88DE80700A9690698641C88477F1E014606D41DF8060018B121F0C7
S32500003500200181420BD0E96906988847032E34D0082E32D06FF0010009B0BDE8F08F761CEB
S32500003520032E01D0082EE0D1601CCAF80000DCE7A9690698641C88477F1E2AD420F02000D1
S32500003540412826D1A9690698641C88477F1E20D420F020004E281CD1A9690698641C8847E3
S325000035607F1E48F4002849F48009CAF8004001D4282806D0E969069888475FEACB7012D05C
S3250000358022E0A9690698641C88477F1E01D4002803DAE96906988847BCE72928F1D1641CB8
S325000035A0CAF80040E9E71BF0240F07D028680499031D2B600068C0E9001805E02868021D89
S325000035C02A600068C0F800902046A5E70000F07F494E46494E4954590000000010B50146D4
S325000035E0C268900703D0900607D5886A0AE0FDF7BBF901210160881E10BD8B694868184445
S325000036000B69C01A91F848301BB191F84910401A10BD1103FCD50028FADD401E10BD70B54C
S3250000362005460C460A2000E06D1C00F0CDF835B128780028F8D102E0641C00F0C5F814B154
S3250000364020780028F8D1BDE870400A2000F0BCB881B00090002001B07047000080B582B048
S32500003660009043F21440C0F20200FCF71FFFFFE74FF0A00080F31188BFF36F8FBFF34F8F55
S325000036800190F5E781B000904FF0FF3001B0704781B00090002001B07047000080B584B06E
S325000036A002900191029820B9FFE74FF0FF30039030E0029800783A2828D1FFE7029843F254
S325000036C02B41C0F20201FDF7F3F820B9FFE748F2010003901EE0029843F23A41C0F202015A
S325000036E0FDF7E6F820B9FFE748F20200039011E0029843F23241C0F20201FDF7D9F820B9DE
S32500003700FFE748F20300039004E0FFE74FF0FF300390FFE7039804B080BD000082B00190ED
S3250000372000914FF0FF3002B07047000080B588B006900591049203930698019048F20101EB
S3250000374088420CD0FFE7019848F2020188420AD0FFE7019848F20301884219D02DE04FF0A1
S32500003760FF3007902DE0FFE7049870B1FFE70598411C0591007802909DF8080015F07CFB34
S32500003780FFE7049801380490EEE70020079018E0FFE7049870B1FFE70598411C05910078BF
S325000037A002909DF8080015F041FBFFE7049801380490EEE70020079003E04FF0FF300790D0
S325000037C0FFE7079808B080BD80B582B001909DF8040015F051FB02B080BD000080B586B02D
S325000037E005900491FFE7059848B9FFE742F6D370C0F2020040F6280113F0C0FFFFE7FFE713
S32500003800059802900298283001900198808C00286BD0FFE70198808C4007002812D5FFE721
S325000038200198C08B0499884205D8FFE70298002102F032F805E0049A0199C88B801AC88348
S32500003840FFE7FFE7029800F031F98DF80F009DF80F00C00758B3FFE70198808C800700289E
S3250000386005D5FFE70298012102F016F8FFE70198808CC006002804D5FFE7029802F050F8BA
S32500003880FFE70198808C0007002804D5FFE7029802F02CF8FFE70198808C10F01A0F05D16F
S325000038A0FFE70199002081F82F00FFE7FFE7019890F82F00C007B8B9FFE70198808C800655
S325000038C0002810D5FFE70199086891F8341006F037FB00900298D0F810C04069009A0221C8
S325000038E00023E047FFE7FFE7FFE706B080BD0000EFF3108072B6704700207047EFF3108039
S3250000390062B670470020704780B582B00190ADF80210019800F0CAF88DF801009DF80100E5
S32500003920C00748B1FFE70198BDF80210002918BF012101F0B1FFFFE79DF8010000F001004B
S3250000394002B080BD80B582B00190019800F0AEF88DF803009DF80300C00720B1FFE7019814
S3250000396001F0C4FFFFE79DF8030000F0010002B080BD000080B582B00190019800F096F820
S325000039808DF803009DF80300C00720B1FFE7019801F0C6FFFFE79DF8030000F0010002B013
S325000039A080BD000080B588B006908DF8171004920393069840680068406802900020019050
S325000039C00090FFE7029810B3FFE702984078042816D1FFE7029880789DF8171088420FD1E5
S325000039E0FFE701980499884206D1FFE7009803990860029807900DE0019801300190FFE723
S32500003A000698029A694601F09DFD0290DAE700200790FFE7079808B080BD000083B00290E3
S32500003A200191019808B9FFE72BE000200090FFE70098072825D8FFE79DF80400C007A0B1B2
S32500003A40FFE70099012000FA01F3029AD2F8D0109943C2F8D010009900FA01F20299D1F82C
S32500003A60D4001043C1F8D400FFE7019840080190019808B9FFE704E0FFE7009801300090D1
S32500003A80D6E703B07047000082B001900091009A0199D1F8D4009043C1F8D40002B070470B
S32500003AA081B00090002001B07047000080B582B001900198D0F810C04069032100231A463E
S32500003AC0E04700900098B0FA80F0400902B080BD80B582B0022002F09FF907F045FC4FF2B3
S32500003AE01C00C4F20A00006800909DF8000010F00C0F03D0FFE7022001901CE045F6000099
S32500003B00CFF2000002F0D2F9022002F085F907F02BFC4FF21C00C4F20A00006800909DF8C7
S32500003B20000010F00C0F03D0FFE70220019002E000200190FFE7019802B080BD80B54EF282
S32500003B400000C4F20F0000680021C7F2FF0108400021C1F2050188420BD1FFE74EF200006A
S32500003B60C4F20F000068000418B9FFE707F0B2FBFFE74FF28001C4F20A010120CEF27B30BE
S32500003B80086007F0F1FB45F60000CFF2000002F08DF9022002F040F907F0E6FB4FF21800E2
S32500003BA0C4F20A00006880BD80B586B0049003910292FFE7049848B9FFE743F21210C0F201
S32500003BC002004FF4C27113F0D9FDFFE7FFE7FFE703984FF20001C4F20A01096889B2B0EBF7
S32500003BE0810F09D3FFE743F21210C0F2020040F2851113F0C3FDFFE7FFE7FFE703980299EF
S32500003C0008444FF20001C4F20A01096889B2B0EB810F09D9FFE743F21210C0F2020040F273
S32500003C20871113F0ABFDFFE7FFE7FFE79DF80C00800748B1FFE743F21210C0F202004FF434
S32500003C40C47113F09BFDFFE7FFE7FFE79DF80800800748B1FFE743F21210C0F2020040F29C
S32500003C60891113F08BFDFFE7FFE7FFE74FF21800C4F20A0000680190FFE79DF80400C0070F
S32500003C800028F3D1FFE7039880094FF20401C4F20A0108600398C0F383004FF20801C4F2E8
S32500003CA00A010860029880080290FFE7029800286FD0FFE74EF20000C4F20F00006800217C
S32500003CC0C7F2FF0108400021C1F2050188420CD1FFE74EF20000C4F20F000068000420B92C
S32500003CE0FFE7039807F018FBFFE7049800684FF21401C4F20A0108600A2002F08DF8FFE743
S32500003D004FF21800C4F20A0000680190FFE79DF80400C0070028F3D1FFE79DF80400C00614
S32500003D2000281DD5FFE74EF20000C4F20F0000680021C7F2FF0108400021C1F2050188424A
S32500003D400BD1FFE74EF20000C4F20F000068000418B9FFE707F0BEFAFFE70198059039E097
S32500003D60049804300490029801380290029878B1FFE74FF20800C4F20A00006840B9FFE77B
S32500003D804FF20401C4F20A01086801300860FFE78CE74EF20000C4F20F0000680021C7F26D
S32500003DA0FF0108400021C1F2050188420BD1FFE74EF20000C4F20F000068000418B9FFE727
S32500003DC007F088FAFFE74FF21800C4F20A0000680590FFE7059806B080BD000080B584B089
S32500003DE0039002910192FFE7039848B9FFE743F21210C0F202004FF49C7113F0BFFCFFE79D
S32500003E00FFE7FFE702984FF20001C4F20A01096889B2B0EB810F09D3FFE743F21210C0F291
S32500003E20020040F2391113F0A9FCFFE7FFE7FFE70298019908444FF20001C4F20A010968B0
S32500003E4089B2B0EB810F09D9FFE743F21210C0F2020040F23B1113F091FCFFE7FFE7FFE763
S32500003E609DF80800800748B1FFE743F21210C0F202004FF49E7113F081FCFFE7FFE7FFE7AA
S32500003E809DF80400800748B1FFE743F21210C0F2020040F23D1113F071FCFFE7FFE70298BC
S32500003EA080094FF20401C4F20A0108600298C0F383004FF20801C4F20A01086001988008A0
S32500003EC00190FFE7019800B3FFE74FF21400C4F20A000068039908600398043003900198B7
S32500003EE001380190019878B1FFE74FF20800C4F20A00006840B9FFE74FF20401C4F20A01F3
S32500003F00086801300860FFE7DCE704B080BD00004FF20000C4F20A00006880B28000704726
S32500003F2080B582B00090FFE7BDF80000800540B1FFE743F24F10C0F20200872113F01EFC80
S32500003F40FFE7FFE74DF21401C4F20F0140F60120086000984DF20001C4F20F0108604DF271
S32500003F600801C4F20F010220CAF242400860FFE74DF20800C4F20F0000688007002801D5C5
S32500003F80FFE7F5E74DF20C00C4F20F00006840F60121084204D0FFE74FF0FF30019002E0A4
S32500003FA000200190FFE7019802B080BD80B586B0049003910292FFE79DF80C00800740B1B6
S32500003FC0FFE743F24F10C0F20200C52113F0D6FBFFE7FFE7FFE79DF80800800740B1FFE746
S32500003FE043F24F10C0F20200C62113F0C7FBFFE7FFE74DF21401C4F20F0142F201600860E4
S32500004000FFE70298002848D0FFE7039820F07F004DF20001C4F20F010860FFE79DF80C00D5
S3250000402010F07C0F09D1FFE74DF23000C4F20F0001680020019031B9FFE70298002818BF78
S3250000404001200190FFE70198C00798B1FFE70498011D04910068039901F07C014DF2001221
S32500004060C4F20F028850039804300390029804380290D3E74DF22001C4F20F010120CAF214
S3250000408042400860FFE74DF22000C4F20F000068C00708B1FFE7F6E7B3E74DF20C00C4F2E0
S325000040A00F00006842F20161084204D0FFE74FF0FF30059002E000200590FFE7059806B016
S325000040C080BD000080B586B005908DF813100392FFE7059807F070F948B9FFE742F63750D7
S325000040E0C0F202004FF4997113F048FBFFE7FFE7FFE7039888B1FFE7039801280DD0FFE780
S325000041000398022809D0FFE742F63750C0F2020040F2351113F032FBFFE7FFE79DF80C008D
S32500004120C00740B1FFE70598D0F800049DF813100843029007E00598D0F800049DF81310D5
S3250000414088430290FFE702980599C1F800049DF80C008007002808D5FFE70598D0F8200485
S325000041609DF813100843019007E00598D0F820049DF8131088430190FFE701980599C1F84B
S32500004180200406B080BD000080B592B011908DF843100F920E93FFE7119807F00DF948B943
S325000041A0FFE742F63750C0F2020040F2312113F0E5FAFFE7FFE7FFE70F98012821D0FFE7E1
S325000041C00F9802281DD0FFE70F98652819D0FFE70F98662815D0FFE70F986E2811D0FFE72E
S325000041E00F9875280DD0FFE70F98772809D0FFE742F63750C0F202004FF40E7113F0BEFABD
S32500004200FFE7FFE7FFE70E98082822D0FFE70E980A281ED0FFE70E980C281AD0FFE70E983C
S32500004220092816D0FFE70E98B0F5847F11D0FFE70E98B0F5027F0CD0FFE70E9848B1FFE753
S3250000424042F63750C0F2020040F23F2113F096FAFFE7FFE74EF20000C4F20F000068002166
S32500004260C7F2FF0108400021C1F20501884234D0FFE700208DF83700FFE79DF837000728EC
S325000042802ADCFFE79DF843009DF83710C840C007D8B1FFE71198D0F8C40F9DF837104A00D0
S325000042A00321914088431199C1F8C40F0F98C0F341109DF83710490000FA01F21199D1F8D2
S325000042C0C40F1043C1F8C40FFFE7FFE79DF8370001308DF83700D0E7FFE79DF83C00C0076C
S325000042E040B1FFE71198D0F800059DF8431008430C9007E01198D0F800059DF8431088438C
S325000043000C90FFE70C981199C1F800059DF83C008007002808D5FFE71198D0F804059DF8B7
S32500004320431008430B9007E01198D0F804059DF8431088430B90FFE70B981199C1F804059A
S325000043409DF83C004007002808D5FFE71198D0F808059DF8431008430A9007E01198D0F8B1
S3250000436008059DF8431088430A90FFE70A981199C1F808059DF83C000007002808D5FFE722
S325000043801198D0F818059DF843100843099007E01198D0F818059DF8431088430990FFE716
S325000043A009981199C1F818054EF20000C4F20F0000680021C7F2FF0108400021C1F205016D
S325000043C088421BD0FFE79DF83C00C006002808D5FFE71198D0F83C059DF84310084308903D
S325000043E007E01198D0F83C059DF8431088430890FFE708981199C1F83C05FFE79DF83800F6
S32500004400C00740B1FFE71198D0F80C059DF843100843079007E01198D0F80C059DF843105B
S3250000442088430790FFE707981199C1F80C059DF838008007002808D5FFE71198D0F8100556
S325000044409DF843100843069007E01198D0F810059DF8431088430690FFE706981199C1F8F0
S3250000446010059DF838004007002808D5FFE71198D0F814059DF843100843059007E0119840
S32500004480D0F814059DF8431088430590FFE705981199C1F814059DF838000007002808D515
S325000044A0FFE71198D0F81C059DF843100843049007E01198D0F81C059DF8431088430490F7
S325000044C0FFE704981199C1F81C054EF20000C4F20F0000680021C7F2FF0108400021C1F26D
S325000044E00501884234D0FFE79DF839008007002808D5FFE71198D0F844059DF843100843CF
S32500004500039007E01198D0F844059DF8431088430390FFE703981199C1F844059DF8390020
S32500004520800740B1FFE71198D0F840059DF843100843029007E01198D0F840059DF8431017
S3250000454088430290FFE702981199C1F84005FFE70E9840B9FFE71198D0F828059DF84310DF
S325000045600843019007E01198D0F828059DF8431088430190FFE701981199C1F8280512B0BF
S3250000458080BD000080B584B00390FFE79DF80E00122809D3FFE742F63750C0F2020040F6AE
S325000045A0B11113F0EBF8FFE7FFE7FFE70399E32010EA112F09D0FFE742F63750C0F2020090
S325000045C040F6B21113F0DAF8FFE7FFE79DF80E0002904EF26C00C4F20F0000680299C8408A
S325000045E0C00750B1FFE7029942F21450C0F2020000EBC1004068029008E0029942F214501F
S32500004600C0F2020050F831000290FFE79DF80D0001900298D0F82C05019A0F2191408843C2
S32500004620039901F00F01914008430299C1F82C0504B080BD80B582B001908DF80310FFE7CF
S32500004640019806F0B9FE48B9FFE742F63750C0F2020040F2644113F091F8FFE7FFE70198EC
S325000046609DF8031050F8210002B080BD80B584B003908DF80B10FFE7039806F09DFE48B985
S32500004680FFE742F63750C0F2020040F2516113F075F8FFE7FFE703989DF80B10012201929A
S325000046A00823FFF771FD019A03989DF80B10FFF709FD04B080BD000080B582B001908DF815
S325000046C00310FFE7019806F077FE48B9FFE742F63750C0F2020040F69E0113F04FF8FFE778
S325000046E0FFE701989DF803100222FFF7EBFC01989DF8031001220823FFF746FD02B080BDD5
S3250000470080B584B003908DF80B10FFE7039806F053FE48B9FFE742F63750C0F202004FF492
S325000047200D6113F02BF8FFE7FFE703989DF80B1000220192FFF7C6FC019B03989DF80B1074
S325000047400122FFF721FD04B080BD000080B582B001908DF803108DF80220FFE7019806F07F
S325000047602BFE48B9FFE742F63750C0F2020040F2844113F003F8FFE7FFE79DF802000199BE
S325000047809DF8032041F8220002B080BD85B004900391029201930498807800F00F0003995D
S325000047A00860049880886FF3DF2002990860049881784FF4005000EA811001990860049842
S325000047C0C07800F0030001460091032817D80099DFE801F00214080E0199086840F440704B
S325000047E008600CE00199086840F48070086006E00199086840F40070086000E0FFE705B052
S325000048007047000085B00390029100200190FFE70198082814D8FFE7019908208840009034
S3250000482000980399884206D3FFE70098029908600198049009E0FFE7019801300190E7E7F5
S325000048400299002008600490FFE7049805B0704780B584B003900291FFE7039848B9FFE7B6
S3250000486042F6D370C0F2020040F26E5112F086FFFFE7FFE703980090009828300190019979
S325000048800120C876019988760199087601994876019890F83100C00748B9FFE70098D0F84B
S325000048A008C0C068002319461A46E047FFE70199012081F8310004B080BD000080B584B054
S325000048C003900398D0F804C08068032100231A46E04701900398203006F072FA0290029858
S325000048E00199084404B080BD80B588B00790069105920798029002982830049005980390C2
S3250000490006980E3801460191082800F283800199DFE801F0051C80408080645672000398B5
S32500004920007830B9FFE703984078049981F835000BE003980078012806D1FFE70398407855
S32500004940049981F83600FFE7FFE764E0039800780006002816D5FFE70398007800F07F0061
S32500004960012807D1FFE7039840780001049981F8320006E0039840780001049981F833002B
S32500004980FFE706E0039840780001049981F83400FFE740E0049890F8350003998870049818
S325000049A090F8350003994877049890F8360003998877049890F83600039981F823002AE048
S325000049C00298806848B1FFE70298D0F808C0C068152100231A46E047FFE71CE002988068DA
S325000049E048B1FFE70298D0F808C0C068142100231A46E047FFE70EE00298806848B1FFE76C
S32500004A000298D0F808C0C068162100231A46E047FFE700E0FFE708B080BD000080B584B053
S32500004A200390FFE7039848B9FFE742F6D370C0F2020040F2C27112F0A1FEFFE7FFE70398D9
S32500004A400290029828300190019890F83100C00748B1FFE70298D0F808C0C06801210023AC
S32500004A601A46E047FFE70199002081F8310004B080BD000080B586B005900491FFE7059856
S32500004A8048B9FFE742F6D370C0F2020040F2A45112F074FEFFE7FFE705980390049808B906
S32500004AA0FFE73EE00398283002900298807E022801D0FFE735E00298007F20281FD1FFE7A2
S32500004AC00498072804D0FFE7002003F01DF815E0029824300321012200F09EFF0398FEF7DC
S32500004AE031FF8DF807009DF80700C00728B9FFE70299012081F82F00FFE7FFE70DE000208D
S32500004B0003F002F8FFE742F6D370C0F2020040F2F45112F033FEFFE7FFE70299012088765D
S32500004B20FFE706B080BD000080B584B003900291FFE7039848B9FFE742F6D370C0F2020070
S32500004B4040F23B5112F01AFEFFE7FFE7039801900198283000900298009991F832100909EE
S32500004B60C840C00728B1FFE70198029900F0C4FDFFE70298009991F834100909C840C003F9
S32500004B80002805D5FFE70198029900F00BFDFFE70298009991F833100909C840C00728B15C
S32500004BA0FFE70198029900F057FDFFE704B080BD80B586B00490039102920498203005F0B2
S32500004BC09FFF019001980399884209D3FFE70499C86A496A0844029908600398059004E0FA
S32500004BE00299002008600590FFE7059806B080BD80B58AB009900891FFE7099848B9FFE772
S32500004C0042F6D370C0F2020040F2AC6112F0B6FDFFE7FFE70998079007982830069008983A
S32500004C208088069991F83510884201D0FFE7E7E00898407801460391532800F2DD80039918
S32500004C40DFE811F0540058005C0060006400DA00DA00DA00DA00DA00DA00DA00DA00DA0010
S32500004C60DA00DA00D600D600D600D600D600D600DA00DA00DA00DA00DA00DA00DA00DA00A6
S32500004C80DA00DA0068007D009400B400DA00DA00DA00DA00DA00DA00DA00DA00DA00DA00A9
S32500004CA0DA00DA00D600D600D600D600D600D600D600D600D600D600D600DA00DA00DA007A
S32500004CC0DA00DA00D600D600D600D600D600DA00DA00DA00DA00DA00DA00DA00DA00DA0042
S32500004CE0DA00DA00D600D600D600D600002002F00BFF85E0002002F007FF81E0002002F096
S32500004D0003FF7DE0002002F0FFFE79E0002002F0FBFE75E006992020087706990220887649
S32500004D20069800F1280100200290072202F0A8FE029A06980068114604F03EF960E0069840
S32500004D40006800220192114604F036F9019A0798D0F808C0C06848F2040104AB0093E0471C
S32500004D6000990198072202F0ADFE49E0069800680022114604F020F90898408806990884ED
S32500004D80069824300421012200F046FE0798FEF7F1FD8DF817009DF81700C00728B9FFE747
S32500004DA00699012081F82F00FFE729E0069800680022114604F000F9089840880699C883D8
S32500004DC0069824300122114600F026FE079808994988FEF799FD8DF817009DF81700C007A2
S32500004DE028B9FFE70699012081F82F00FFE707E0002002F089FE03E0002002F085FEFFE7BA
S32500004E000AB080BD80B582B00190FFE7019848B9FFE742F6D370C0F2020040F6050112F0CA
S32500004E20ADFCFFE7FFE7019800900098D0F808C0C068082100231A46E04702B080BD0000BC
S32500004E4080B588B0079006910592059890B3FFE7059807998969884210D3FFE70598079A54
S32500004E609169D2691144884208D2FFE707982030069905F0E1FD002001901AE0079820301D
S32500004E8005F0BAFE049004980699884203D2FFE70498009002E006980090FFE700980390BE
S32500004EA0079820300599039A05F0B6FF03980190FFE743E007980169406988470290079831
S32500004EC0203005F01DFE0490079AD2F80CC05069D16A526A1144049A0123E0470390039885
S32500004EE030B1FFE707982030039905F0A5FDFFE70398029988421ED2FFE70798203005F023
S32500004F00FFFD04900498A8B1FFE7079AD2F80CC05069D16A526A1144049A0123E047029069
S32500004F20029830B1FFE707982030029905F084FDFFE7FFE7FFE700200190FFE707982030D2
S32500004F4005F03EFF0490079B049AD3F804C09868D96A9B6A0B440221E04703900798203053
S32500004F60039905F03DFD019808B080BD80B582B00190FFE7019848B9FFE742F6D370C0F247
S32500004F80020040F2EC7112F0F9FBFFE7FFE7019800900098D0F808C0C068072100231A4694
S32500004FA0E04702B080BD000080B582B00190009101982030009905F013FD019800F0CAFB77
S32500004FC0002002B080BD000080B582B00190FFE701989B2809D3FFE742F67250C0F2020012
S32500004FE040F2B12112F0CAFBFFE7FFE70198042809D1FFE74EF62451CEF20001086820F491
S32500005000803008603EE00198052809D1FFE74EF62451CEF20001086820F40030086030E028
S325000050200198062809D1FFE74EF62451CEF20001086820F48020086022E001980F2809D131
S32500005040FFE74EF21001CEF20001086820F00200086014E00198102810D3FFE70198A0F1B0
S32500005060100101F01F02012090404A0942F2EC41C0F2020151F822100860FFE7FFE7FFE718
S32500005080FFE7FFE702B080BD80B582B00190FFE701989B2809D3FFE742F67250C0F20200A5
S325000050A040F2672112F06AFBFFE7FFE70198042809D1FFE74EF62451CEF20001086840F45A
S325000050C0803008603EE00198052809D1FFE74EF62451CEF20001086840F40030086030E048
S325000050E00198062809D1FFE74EF62451CEF20001086840F48020086022E001980F2809D151
S32500005100FFE74EF21001CEF20001086840F00200086014E00198102810D3FFE70198A0F1CF
S32500005120100101F01F02012090404A0942F20051C0F2020151F822100860FFE7FFE7FFE733
S32500005140FFE7FFE702B080BD80B582B00190FFE701989B2809D3FFE742F67250C0F20200E4
S3250000516040F2FE2112F00AFBFFE7FFE7002000900198042809D1FFE74EF62450CEF2000058
S32500005180006800F48030009041E00198052809D1FFE74EF62450CEF20000006800F40030C2
S325000051A0009033E00198062809D1FFE74EF62450CEF20000006800F48020009025E001981D
S325000051C00F2809D1FFE74EF21000CEF20000006800F00200009017E00198102813D3FFE744
S325000051E001981038410942F20050C0F2020050F8210000680199103901F01F02012191408D
S3250000520008400090FFE7FFE7FFE7FFE7FFE7009802B080BD80B5FEF76BFB002818BF0120FB
S3250000522080BD000080B5FEF769FB002818BF012080BD000080B582B00190FFE701989B2806
S3250000524009D3FFE742F67250C0F2020040F2513112F094FAFFE7FFE70198022809D1FFE745
S325000052604EF60451CEF20001086840F00040086030E001980E2809D1FFE74EF60451CEF28E
S325000052800001086840F08050086022E001980F2809D1FFE74EF60451CEF20001086840F0A3
S325000052A08060086014E00198102810D3FFE70198A0F1100101F01F02012090404A0942F24D
S325000052C0A451C0F2020151F822100860FFE7FFE7FFE7FFE702B080BD80B584B003908DF833
S325000052E00B10FFE70398042804D3FFE703989B2809D3FFE742F67250C0F2020040F21621EC
S3250000530012F03CFAFFE7FFE7039820F0030042F2B851C0F20201085800680190039800F0FF
S325000053200300C200FF2000FA02F20198904301909DF80B00039A02F00302D20000FA02F2A4
S325000053400198104301900198039A22F003028958086004B080BD000080B584B003900291B4
S32500005360FFE703989B2809D3FFE742F67250C0F202004FF49E7112F001FAFFE7FFE7FFE772
S32500005380012048B9FFE742F67250C0F2020040F2411112F0F3F9FFE7FFE74EF60850CEF2B7
S325000053A00000006840F60001C2F20001884227D0FFE74EF60850CEF2000000680090002078
S325000053C00190FFE701989A2810D8FFE70199009850F82100019A40F60001C2F2000141F8CC
S325000053E02200FFE7019801300190EBE740F60000C2F200004EF60851CEF200010860FFE7DC
S325000054000298039A40F60001C2F2000141F8220004B080BD84B00290019100200090FFE729
S32500005420009805281FDCFFE7009941F67400C2F2000050F8210088B9FFE70298009A41F6CD
S325000054407401C2F2000141F822000198009A41F63421C2F2000141F8220004E0FFE7009890
S3250000546001300090DCE70098062804D1FFE74FF0FF30039002E000200390FFE7039804B056
S325000054807047000080B582B00190019A41F64C21C2F2000108681044086000200090FFE7A1
S325000054A0009805281EDCFFE7009941F67400C2F2000050F8210080B1FFE7009941F6740085
S325000054C0C2F2000050F8212041F63420C2F2000050F8210001999047FFE7FFE700980130DB
S325000054E00090DDE702B080BD81B041F67000C2F200000078C00710BBFFE700200090FFE751
S325000055000098052814D8FFE7009A41F67401C2F20001002041F82200009A41F63421C2F29E
S32500005520000141F82200FFE7009801300090E7E741F67001C2F2000101200870FFE701B06F
S325000055407047000083B00290019100920098017808440090009802994968019A126851F876
S325000055602220516812881144884218D3FFE701990868013008600198006802990978884216
S3250000558009D2FFE7029840680199096850F821004068009002E000200090FFE7FFE7009860
S325000055A003B0704780B586B0049003910498283000900099086891F8341004F0A7FE029063
S325000055C00099086891F83410029A03F057FE9DF80A00C00718B3FFE70098243005210122BF
S325000055E000F01AFA009890F83000C007B0B9FFE7009890F82F00C00780B9FFE700990868FD
S3250000560091F8341004F09CFC01900498D0F810C04069019A02210023E047FFE714E09DF846
S325000056200A0010F00E0F0BD0FFE70498D0F810C04069029901F4602206210023E047FFE736
S3250000564000208DF8170003E001208DF81700FFE79DF8170006B080BD80B586B005900491CE
S325000056600598283003900399086891F8331004F04DFE02900399086891F83310029A03F08C
S32500005680FDFD0399012048760398C08C80B3FFE70398C08C40F27461C2F200010988401A01
S325000056A0B0FA80F040098DF803000398C08C019003980023C3840598D0F818C0C069019A7B
S325000056C00521E0479DF80300C00780B1FFE70398C08C60B9FFE70399022048760399086893
S325000056E091F833104FF4817204F090FDFFE7FFE7012006B080BD000080B586B005900491AC
S3250000570001208DF807000598283002900299086891F8321004F0FAFD03900299086891F867
S325000057203210039A03F0AAFD0298808CC00730B1FFE7059800F00EF98DF8070003E0029918
S325000057400120C876FFE79DF8070000F0010006B080BD000080B58EB00D900D9801694069B6
S3250000576088470C900C98002800F09380FFE70D98203005F0F5F90B900D98203005F020FB8B
S325000057800A900C980A99884203D2FFE70C98089002E00A980890FFE7089809900B9800285B
S325000057A05DD0FFE709980D9908630B980C99884203D2FFE70B98079002E00C980790FFE714
S325000057C007980B900D99C868029048690390C86A896A084404900B9905910C9A0020914205
S325000057E0069008D2FFE70B990A9A0020914238BF01200690FFE7DDF808C0059A049903980A
S32500005800DDF818E0012323EA0E03E0470B980C99884223D2FFE70B980A9988421ED2FFE779
S325000058200B990C98401A0C900A980B99401A0B900B980C99884203D9FFE70C98019002E0FE
S325000058400B980190FFE701980B900D99D1F80CC04869C96A0B9A0123E047FFE718E00D9862
S32500005860006B0C99884212D1FFE70D9890F83400C00758B1FFE70D98002202630D99D1F8CD
S325000058800CC04869C96A0123E047FFE7FFE7FFE7FFE70EB080BD000080B584B003908DF8F3
S325000058A00B100398283001900198243001210022009200F0B1F8019824309DF80B1001F059
S325000058C00102022100F0A8F8009B0398D0F808C0C0689DF80B10CA0748F20101002A18BF60
S325000058E04FF400411A46E04704B080BD80B584B003900398283002900298243003210022F1
S32500005900019200F089F8019A0398D0F808C0C068029901F1280348F20301E04704B080BD81
S3250000592080B584B003900398283002900298243004210022019200F06FF8019B0398D0F8C2
S3250000594008C0C06802990A8C48F20201E04704B080BD000080B58AB0089008982830049038
S32500005960049902200290C8760498243000220192114600F051F801990298049A528CADF808
S325000059801620A1228DF8182020228DF81920ADF81A10ADF81C10ADF81E000499086891F852
S325000059A0321006AA082304F0B9FB029B03900499086891F832100DF1160204F0AFFB0390CD
S325000059C00398013050B1FFE70499086891F832104FF4817204F01AFC0390FFE703980130B1
S325000059E038B9FFE704990120C87600208DF827000DE0BDF816104FF68F7060EA010204990C
S32500005A00488C1040488401208DF82700FFE79DF827000AB080BD000082B00190ADF80210B0
S32500005A208DF801209DF8010000F00100019A02F070416FF31F5241EA4211BDF8022041EAA2
S32500005A4082014FF00072885202B0704780B58EB00C900B914EF20000C4F20F000068002190
S32500005A60C7F2FF0108400021C1F20501884203D1FFE700200D90CCE10C98C0F384100890D4
S32500005A800C9800F0380010280AD1FFE742F20040C0F2F4000490002003901520089073E0BA
S32500005AA00C9800F03800302807D1FFE747F2305004904FF40010039065E00C9800F03800BA
S32500005AC0382807D1FFE74FF4004004904FF48000039057E09DF8300010F0380F4DD1FFE7EE
S32500005AE008981A2804DCFFE70898082803DCFFE700200D908DE1089942F25C60C0F20200F3
S32500005B0050F8210004904FF440100390039840F0407003904EF27C00C4F20F00006820F055
S32500005B201C0007900898072805DBFFE7079840F010000790FFE707984EF27C01C4F20F0199
S32500005B4008604FF400200690FFE74EF25000C4F20F000068C005002808D4FFE706980138B5
S32500005B600690069808B9FFE700E0EEE7069818B9FFE700200D904CE103E000200490039026
S32500005B80FFE7FFE7FFE7FFE79DF8310010F0380F40F0D980FFE79DF8300010F0380F09D006
S32500005BA0FFE70C9800F03800102803D0FFE700200D902EE19DF8330000F007000990FFE732
S32500005BC00998022809DBFFE742F6B250C0F2020040F6EE0111F0D2FDFFE7FFE747F64000FE
S32500005BE0C0F27D1005F04EFD4EF2C001C4F20F01009108604EF2B001C4F20F0108684FF6F4
S32500005C000042CEF20F0210400290029840F00040029002980860089809380890099A42F29B
S32500005C205460C0F2020050F822000B9A10440138B0FBF2F00590039A0868104308600998CF
S32500005C4042F2E812C0F20202D82100FB0120089B03EB430300EB830040684EF26413C4F2EB
S32500005C600F031860DDF814C06FF0FF0000EB0C2C186840EA0C001860099800FB01200899DE
S32500005C8001EB410150F821004EF26011C4F20F0101910A6802F4000210430860049805F0A8
S32500005CA0ABFC40080B900B9805F0ECFC009A01460198116000680002002809D5FFE74EF253
S32500005CC0B001C4F20F01086840F08040086008E04EF26011C4F20F01086840F40000086014
S32500005CE0FFE74FF400400A90FFE70A9801280EDBFFE74EF26810C4F20F000068C00708B1B6
S32500005D00FFE704E0FFE70A9801380A90EDE70A98A8B1FFE74EF2B001C4F20F0108680290EA
S32500005D200398029A10430122C1F2000210430290029840F0004002900298086002E0002076
S32500005D400B90FFE75AE042F20040C0F2F40005F099FC4EF2C001C4F20F0108604EF26011FE
S32500005D60C4F20F01086820F4000008604EF2B001C4F20F0108680290029840F2FF32CEF6F1
S32500005D80007210400290029840F000400290029808600B9818B9FFE70020059012E004986E
S32500005DA00B99B0FBF1F00590059820B1FFE7059801380590FFE7049805990131B0FBF1F07B
S32500005DC00B90FFE70B9805F05DFC4EF2C001C4F20F0108604EF2B001C4F20F010868029063
S32500005DE0059A039840EA8222029810430290029840F00040029002980860FFE74EF2B001A1
S32500005E00C4F20F01086820F4700008600B980D90FFE70D980EB080BD01387FF4FDAF704785
S32500005E2080B582B00190FFE7019805F055FC48B9FFE742F6B250C0F2020040F2523111F014
S32500005E409DFCFFE7FFE7019901F47F40C008C9B240EA81014CF20002C4F2FC32012088507D
S32500005E6002B080BD80B582B00190FFE7019805F033FC48B9FFE742F6B250C0F2020040F28B
S32500005E80812111F07BFCFFE7FFE7019901F47F40C008C9B240EA810044F20001C4F2FD31BF
S32500005EA04058002818BF012002B080BD80B582B00190FFE7019805F00FFC48B9FFE742F69F
S32500005EC0B250C0F2020040F2053111F057FCFFE7FFE7019901F47F40C008C9B240EA810141
S32500005EE04AF20002C4F2FC320120885000200090FFE700980F2805D8FFE7FFE700980130AA
S32500005F000090F6E7019901F47F40C008C9B240EA81014AF20002C4F2FC320020885002B005
S32500005F2080BD00004EF27001C4F20F01086820F480400860704700008DB00B900A914EF291
S32500005F400000C4F20F0000680021C7F2FF0108400021C1F20501884206D1FFE70A990020C8
S32500005F6008608DF8330052E04EF2B000C4F20F0000680890089800F08050B0F1805F06D05E
S32500005F80FFE70A99002008608DF833003FE00B98C0F384100990099942F25C60C0F202004A
S32500005FA050F8210005904EF26010C4F20F00006807904EF26410C4F20F0000680690079853
S32500005FC06FF39F2004900798C0F389200390069800F01F0002900698C0F304200190059995
S32500005FE004984843039A514300EB91200090029801300199013141430098B0FBF1F0009048
S3250000600000980A99086001208DF83300FFE79DF833000DB0704700004EF21001CEF20001CA
S32500006020086840F005000860704700004EF21001CEF20001086840F00200086070470000C3
S3250000604080B582B00190FFE7019828B1FFE70198B0F1807F08D9FFE742F6EF50C0F20200D9
S32500006060E22111F08BFBFFE7FFE7019801384EF21401CEF20001086002B080BD80B582B01E
S3250000608001900091FFE7019805F056FE48B9FFE742F62D60C0F202004FF4B17111F06EFBE1
S325000060A0FFE7FFE7FFE7009820F4702021282AD0FFE7009820F47020312824D0FFE70098BC
S325000060C020F4702022281ED0FFE7009820F47020322818D0FFE7009820F47020B0F1807FB8
S325000060E011D0FFE79DF803104FF08060B0EB016F09D0FFE742F62D60C0F202004FF4B47161
S3250000610011F03CFBFFE7FFE7FFE79DF803104FF08060B0EB016F40F08C80FFE79DF8000006
S3250000612021282DD0FFE79DF80000312828D0FFE79DF80000222823D0FFE79DF800003228BA
S325000061401ED0FFE79DF80000032819D0FFE79DF80000132814D0FFE79DF8000007280FD099
S32500006160FFE79DF8000017280AD0FFE79DF80000092805D0FFE79DF800000A2850D1FFE750
S325000061809DF801104FF40450B0EB012F51D0FFE79DF801104FF44450B0EB012F49D0FFE7A3
S325000061A09DF801104FF40850B0EB012F41D0FFE79DF801104FF44850B0EB012F39D0FFE79B
S325000061C09DF801104FF44070B0EB012F31D0FFE79DF801104FF49850B0EB012F29D0FFE7F3
S325000061E09DF801104FF4E060B0EB012F21D0FFE79DF801104FF4B850B0EB012F19D0FFE743
S325000062009DF801104FF41060B0EB012F11D0FFE79DF801104FF42060B0EB012F09D0FFE79A
S3250000622042F62D60C0F2020040F27D1111F0A6FAFFE7FFE70199C86840F201129043C860A8
S325000062409DF80300019908604EF20000C4F20F0000680021C7F2FF0108400021C1F20A0130
S32500006260884216D1FFE7009800F47021C0B240EA111000F5007001994860009800F4700103
S32500006280C0F3072040EA112000F50070019988600CE00098022161F31F20019A50600098BF
S325000062A0000A61F31F2001998860FFE702B080BD80B584B0039002910192FFE7039805F04C
S325000062C03BFD48B9FFE742F62D60C0F2020040F21D2111F053FAFFE7FFE7FFE70298FF28EF
S325000062E014D0FFE70298B0F57F4F0FD0FFE702984FF6FF71884209D0FFE742F62D60C0F2AD
S32500006300020040F21F2111F039FAFFE7FFE7029840F60C41084002900398C068029A9043DA
S325000063200199114008440399C86004B080BD000080B582B001900091FFE7019805F0FCFC76
S3250000634048B9FFE742F62D60C0F2020040F2F96111F014FAFFE7FFE700980199C86602B05E
S3250000636080BD000080B582B001900091FFE7019805F0E2FC40B9FFE742F62D60C0F20200A7
S32500006380F62111F0FBF9FFE7FFE7FFE70098FF2813D0FFE70098B0F57F4F0ED0FFE700984A
S325000063A04FF6FF71884208D0FFE742F62D60C0F20200F82111F0E2F9FFE7FFE700994FF682
S325000063C0FE60CFF6FF7060EA01020199C8681040C86002B080BD000080B582B0019000911E
S325000063E0FFE7019805F0A8FC40B9FFE742F62D60C0F20200D82111F0C1F9FFE7FFE7FFE7C1
S325000064000098FF2813D0FFE70098B0F57F4F0ED0FFE700984FF6FF71884208D0FFE742F612
S325000064202D60C0F20200DA2111F0A8F9FFE7FFE7009840F2011100EA01020199C8681043C6
S32500006440C86002B080BD000080B582B001900091FFE7019805F070FC48B9FFE742F62D600A
S32500006460C0F2020040F22D6111F088F9FFE7FFE700980199486202B080BD000080B582B022
S3250000648001900091FFE7019805F056FC48B9FFE742F62D60C0F2020040F2C55111F06EF9FE
S325000064A0FFE7FFE7009A019988691043886102B080BD000080B584B0039002910192FFE7B2
S325000064C0039805F039FC48B9FFE742F62D60C0F2020040F25E5111F051F9FFE7FFE7FFE7B3
S325000064E00298FF2814D0FFE70298B0F57F4F0FD0FFE702984FF6FF71884209D0FFE742F629
S325000065002D60C0F202004FF4AC6111F037F9FFE7FFE70398029905F0A3FC0090FFE700980F
S3250000652048B9FFE742F62D60C0F2020040F2675111F024F9FFE7FFE700980199FEF70CFFEF
S325000065400098FEF7A1FD04B080BD000080B584B003908DF80B10FFE7039805F0EDFB48B91E
S32500006560FFE742F62D60C0F2020040F2036111F005F9FFE7FFE79DF80B00C00720B1FFE737
S325000065800398006A019003E00398C0690190FFE7019804B080BD000080B584B00390029128
S325000065A00192FFE7039805F0C7FB48B9FFE742F62D60C0F202004FF4757111F0DFF8FFE7C3
S325000065C0FFE7FFE70298FF2814D0FFE70298B0F57F4F0FD0FFE702984FF6FF71884209D09A
S325000065E0FFE742F62D60C0F2020040F2D63111F0C5F8FFE7FFE79DF8080020B1FFE7019886
S3250000660003998862FFE79DF8090020B1FFE701980399C862FFE704B080BD000080B584B014
S32500006620039002910192FFE7039805F085FB48B9FFE742F62D60C0F2020040F2BF4111F012
S325000066409DF8FFE7FFE7FFE70298FF2814D0FFE70298B0F57F4F0FD0FFE702984FF6FF7141
S32500006660884209D0FFE742F62D60C0F2020040F2C14111F083F8FFE7FFE79DF8080020B128
S32500006680FFE7019803990863FFE79DF8090020B1FFE7019803994863FFE704B080BD00007C
S325000066A080B584B003900291FFE7039805F044FB48B9FFE742F62D60C0F2020040F26D4150
S325000066C011F05CF8FFE7FFE7FFE70298FF280ED0FFE70298B0F57F4F09D0FFE742F62D6097
S325000066E0C0F2020040F26E4111F048F8FFE7FFE70298FF2804D1FFE70398806C019003E07B
S325000067000398C06C0190FFE7019804B080BD000080B582B00090FFE7009805F0EFFB48B956
S32500006720FFE742F6A860C0F2020040F2AB4111F025F8FFE7FFE700988069C006002804D42A
S32500006740FFE700980068019003E04FF0FF300190FFE7019802B080BD80B584B002908DF8EC
S325000067600710FFE7029805F0C9FB48B9FFE742F6A860C0F2020040F2FA4110F0FFFFFFE797
S32500006780FFE7029880698006002808D4FFE79DF807000299086001208DF80F0003E00020C3
S325000067A08DF80F00FFE79DF80F0004B080BD000080B582B00190FFE7019805F09FFB48B9BD
S325000067C0FFE742F6A860C0F2020040F2734110F0D5FFFFE7FFE70198806900F010010120AF
S325000067E080EA111002B080BD80B586B00590049103920293FFE7059805F080FB48B9FFE780
S3250000680042F6A860C0F2020040F27D1110F0B6FFFFE7FFE7FFE7039848B9FFE742F6A86095
S32500006820C0F202004FF4BF7110F0A8FFFFE7FFE7FFE704980399B0EBC10F09D2FFE742F636
S32500006840A860C0F2020040F27F1110F097FFFFE7FFE7059800F032F803990498B0EB011FA8
S3250000686009D2FFE70599086B40F02000086303984008039005E00599086B20F0200008637E
S32500006880FFE70498C0000399B0FBF1F00130400801900198800905994862019800F03F004C
S325000068A00599886202980599C862059900208861059800F02BF806B080BD000080B582B037
S325000068C00190FFE7019805F019FB48B9FFE742F6A860C0F202004FF40C7110F04FFFFFE7CA
S325000068E0FFE7FFE7019880690007002801D5FFE7F8E70199C86A20F01000C8620199086B57
S3250000690040F201329043086302B080BD80B582B00190FFE7019805F0F1FA48B9FFE742F669
S32500006920A860C0F202004FF4047110F027FFFFE7FFE70199C86A40F01000C8620199086BA8
S3250000694040F201321043086302B080BD80B582B00190FFE7019805F0D1FA48B9FFE742F6C9
S32500006960A860C0F2020040F2562110F007FFFFE7FFE70199C86A40F01000C86202B080BDB5
S3250000698080B584B0039002910192FFE7039805F0B5FA48B9FFE742F6A860C0F202004FF48C
S325000069A0877110F0EBFEFFE7FFE7FFE70298C8B1FFE70298012815D0FFE70298022811D012
S325000069C0FFE7029803280DD0FFE70298042809D0FFE742F6A860C0F2020040F2131110F074
S325000069E0CDFEFFE7FFE7FFE70198C8B1FFE70198082815D0FFE70198102811D0FFE7019857
S32500006A0018280DD0FFE70198202809D0FFE742F6A860C0F202004FF48C7110F0AFFEFFE706
S32500006A20FFE70298019908430399486304B080BD80B582B001900091FFE7019805F05EFA5E
S32500006A4048B9FFE742F6A860C0F2020040F2616110F094FEFFE7FFE700980199486402B073
S32500006A6080BD000080B582B001900091FFE7019805F044FA48B9FFE742F6A860C0F20200BD
S32500006A8040F2F35110F07AFEFFE7FFE7009A0199886B1043886302B080BD000080B584B079
S32500006AA003900291FFE7039805F028FA48B9FFE742F6A860C0F2020040F28F5110F05EFEC9
S32500006AC0FFE7FFE7039805F071FA0190FFE7019848B9FFE742F6A860C0F2020040F29651E5
S32500006AE010F04CFEFFE7FFE701980299FEF734FC0198FEF7C9FA04B080BD000080B584B076
S32500006B0002908DF80710FFE7029805F0F7F948B9FFE742F6A860C0F2020040F2316110F03D
S32500006B202DFEFFE7FFE79DF80700C00720B1FFE70298006C039003E00298C06B0390FFE784
S32500006B40039804B080BD000080B582B00190FFE7019805F0D3F948B9FFE742F6A860C0F292
S32500006B60020040F28E4110F009FEFFE7FFE70198806900F02001012080EA511002B080BDCB
S32500006B8080B586B00590049105980421009104F025FA00998DF80F009DF80F0000F0FC0037
S32500006BA08DF80F009DF80F00049A10438DF80F0005989DF80F2004F043FA05980721019129
S32500006BC004F00CFA01998DF80F009DF80F0000F08F008DF80F009DF80F00049A40EA122032
S32500006BE08DF80F0005989DF80F2004F029FA05980A21029104F0F2F902998DF80F009DF885
S32500006C000F0000F01F008DF80F009DF80F00BDF8122010438DF80F0005989DF80F2004F0F5
S32500006C200FFA06B080BD000080B582B00020C4F2050003F00BFD01900199002002F0C8FE12
S32500006C4002B080BD80B588B0069005910492039306980290FFE7029848B9FFE742F61D701E
S32500006C60C0F2020040F21B4110F088FDFFE7FFE7059802380146019103282ED80199DFE839
S32500006C8001F0020F1F1402980078C00738B9FFE702980499039AFEF7D3F8079028E01DE0D9
S32500006CA00298FDF70BFE079022E002980078C00728B1FFE702980499FEF776F9FFE70DE098
S32500006CC002980078C00738B9FFE702980499039AFDF76EFF07900BE000E0FFE70298D0F81F
S32500006CE004C080680599049A039BE0470790FFE7079808B080BD000080B582B00190FFE7F2
S32500006D00019848B9FFE742F61D70C0F2020040F2653110F033FDFFE7FFE701982030009037
S32500006D20009803F047FF02B080BD000080B582B00190FFE70198A0B1FFE70198806980B12C
S32500006D40FFE70198C06960B1FFE70198006940B1FFE70198C06820B1FFE70198406848B9FB
S32500006D60FFE742F61D70C0F202004FF4007110F005FDFFE7FFE7019900204863019A02F139
S32500006D8020009169D26903F053FF019802B080BD80B588B0079006910592FFE7079830B133
S32500006DA0FFE7069818B1FFE7059848B9FFE742F61D70C0F2020040F28F3110F0DFFCFFE7EA
S32500006DC0FFE7079820300290029803F0F9FF049004980599884203D2FFE70498019002E05F
S32500006DE005980190FFE701980390039830B1FFE702980699039A03F057FFFFE7039808B093
S32500006E0080BD000080B582B00190FFE7019848B9FFE742F61D70C0F2020040F2EB3110F00A
S32500006E20ADFCFFE7FFE7019820300090009803F0E3FE02B080BD000080B586B0059004916E
S32500006E400392FFE7059818B1FFE7049848B9FFE742F61D70C0F2020040F22A3110F08EFC52
S32500006E60FFE7FFE7FFE705980078C00748B9FFE742F61D70C0F2020040F22B3110F07EFC16
S32500006E80FFE7FFE7059820300190019803F0B4FE029003980299884203D9FFE702980090E6
S32500006EA002E003980090FFE700980390039830B1FFE701980499039A03F0AEFFFFE7059856
S32500006EC0FEF748FC039806B080BD000080B584B0039002910192FFE703980021C4F2050165
S32500006EE0884209D0FFE742F6E360C0F2020041F2D90110F043FCFFE7FFE70298013801994F
S32500006F0008430399C1F8C80F04B080BD81B000900098D0F8C00F00F00F0001B070470000AC
S32500006F2080B586B005900491039200200190FFE7059848B1FFE742F6D370C0F2020040F6A9
S32500006F40CB0110F01BFCFFE7FFE7FFE7049848B9FFE742F6D370C0F2020040F6CC0110F0E1
S32500006F600DFCFFE7FFE7FFE70498806848B9FFE742F6D370C0F2020040F6CD0110F0FEFBB9
S32500006F80FFE7FFE7FFE70498006948B9FFE742F6D370C0F2020040F6CE0110F0EFFBFFE749
S32500006FA0FFE7FFE70498806948B9FFE742F6D370C0F2020040F6CF0110F0E0FBFFE7FFE7B7
S32500006FC0049828300290039840B1FFE70298043003990860049803994860FFE7029942F24C
S32500006FE02C70C0F202004860029940F25960C2F2000088600020042101AA00F037FB40F22D
S325000070007461C2F20001402008800398C8B9FFE7029942F2E010C0F20200C860019810288A
S325000070200ED1FFE7029942F2E410C0F20200C86040F27461C2F200014FF400700880FFE709
S3250000704018E0029942F2D810C0F20200C860019810280ED1FFE7029942F2DC10C0F202009A
S32500007060C86040F27461C2F200014FF400700880FFE7FFE702990020086102994861029A1B
S32500007080202182F83310029A102182F83410029A82F83500029B012283F83620029A82F86F
S325000070A03210029A0021C4F20501116002990876029948760299C8760299887602990877A0
S325000070C00299C883029948840299888402990884029981F82F00029981F83000029981F8F4
S325000070E031000299043100F075FA0498006A029908610498406A02994861FEF7F5F9049916
S3250000710047F2DD70C0F20000FEF784F9049806B080BD000080B586B0059004910598049961
S325000071200022FFF7FDFE0390039878B3FFE740F25960C2F200000190049800880199088180
S32500007140049840880199488140F25060C2F200000090049880790099C871049880884008E9
S32500007160009908720498283002900299102081F83200029942F2E010C0F20200C8600598C2
S3250000718002990431049A00F005FBFFE7039806B080BD000080B58AB00890079106928DF85B
S325000071A01730FFE7089848B9FFE742F6D370C0F2020040F6F52110F0E1FAFFE7FFE7089853
S325000071C0283001900199086891F8341003F09EF804909DF81200C00700284AD0FFE701989D
S325000071E090F82F00C00730B9FFE7019890F83000C00748B1FFE70198243005210122FEF71A
S325000072000BFC0020099037E00199086891F8341002F096FE0290069803900199086891F8DE
S325000072203410079A03AB02F0EBFE009003980299884215D1FFE70199086891F83410049A09
S3250000724002F01CF80199086891F83410012201F0B3FE0198243005210022FEF7DDFBFFE79E
S325000072600098013018B1FFE70398099004E0FFE7FFE700200990FFE709980AB080BD000075
S3250000728080B588B00690059104928DF80F30FFE7069848B9FFE742F6D370C0F2020040F625
S325000072A08E2110F06BFAFFE7FFE7069828300290049840F27461C2F200010988884205D8D0
S325000072C0FFE70298407E012803D0FFE7002007902EE00299086891F83310059A049B02F0BC
S325000072E01DFF019001980130C0B1FFE7049A0299C88C1044C8849DF80F00C00768B1FFE723
S325000073000299022048760299086891F833104FF4817202F07BFF0190FFE7FFE7019801304C
S3250000732018B1FFE70498079002E000200790FFE7079808B080BD000080B586B00490FFE76D
S32500007340049848B9FFE742F6D370C0F2020040F6943110F013FAFFE7FFE70498283001901C
S32500007360019890F82F00C00730B9FFE7019890F83000C00718B1FFE70020059018E0019913
S32500007380086891F8341002F0C1FF03909DF80E00C00750B1FFE70199086891F8341002F04B
S325000073A0CFFD02900298059002E000200590FFE7059806B080BD000080B584B00290FFE74C
S325000073C0029848B9FFE742F6D370C0F2020040F6633110F0D3F9FFE7FFE702982830019012
S325000073E00198407E012803D0FFE70020039006E040F27460C2F2000000880390FFE703985F
S3250000740004B080BD80B588B00690059104920393002001900290FFE7029806990978884203
S325000074202FD2FFE706984068029950F8211048680988059A01F06EFC0090019800990844BC
S325000074400499884214D9FFE702980399086006984068029950F8211048680988059A049B75
S32500007460DDF804C0A3EB0C0301F01CFC07900BE00099019808440190FFE7029801300290F3
S32500007480CAE700200790FFE7079808B080BD000080B584B003900291002000900190FFE74E
S325000074A0019803990978884213D2FFE703984068019950F8211048680988029A01F02AFC31
S325000074C00146009808440090FFE7019801300190E6E7009804B080BD83B0029000200090DF
S325000074E00190FFE701980299097888420ED2FFE702984068019950F8210001880098084418
S325000075000090FFE7019801300190EBE7009803B07047000080B586B0049003910292019305
S325000075200298013040B9FFE70498039A019B0421FFF768FF059008E004989DF80C10029ADE
S32500007540019BFCF72FFA0590FFE7059806B080BD80B58AB008900791069205930898079953
S32500007560069A02ABFFF7D6FF0490049858B3FFE7059804990979884203D3FFE700200990D1
S3250000758024E00020019004980390FFE70398C0B1FFE70398407805280CD1FFE701980599AF
S325000075A0884203D1FFE7039809900FE0019801300190FFE70898039A02A9FDF7C3FF0390AC
S325000075C0E4E7FFE7FFE700200990FFE709980AB080BD000080B582B001900091FFE70198CF
S325000075E040B1FFE743F25A00C0F20200EE2110F0C5F8FFE7FFE7FFE7009840B9FFE743F241
S325000076005A00C0F20200EF2110F0B8F8FFE7FFE741F69401C2F200013C2008644EF2000041
S32500007620C4F20F0000680021C7F2FF0108400021C1F20A01884207D1FFE741F69401C2F20E
S3250000764000013A200864FFE741F69401C2F200010020886401228A60CA60087081F824009E
S3250000766081F8380081F8370002B080BD84B003900291019201208DF803000298042808D17F
S32500007680FFE741F65020C2F2000000680199086003E000208DF80300FFE79DF8030000F040
S325000076A0010004B07047000086B005900491039201208DF80B0004980138014600910428D9
S325000076C05DD80099DFE801F0035B1D3E46000398019001980079C00748B1FFE741F694016F
S325000076E0C2F20001C86C40F00100C86408E041F69401C2F20001C86C20F00100C864FFE77E
S3250000770041E0039800684CF23721CEF2D94148434FEA3020482804D3FFE700208DF80B00DE
S325000077200FE003980068000A45F2C741C0F21E11A0FB0110800A40F27861C2F200010860C9
S32500007740FFE720E00398006841F65021C2F20001086018E041F69401C2F20001012081F862
S32500007760370091F8240000F0FE0081F824000398026891F82400104381F8240003E00020EF
S325000077808DF80B00FFE79DF80B0000F0010006B07047000080B58CB00B900A910992FFE747
S325000077A00B9848B1FFE743F25A00C0F202004FF4A4710FF0E3FFFFE7FFE7FFE70A9848B970
S325000077C0FFE743F25A00C0F2020040F249110FF0D5FFFFE7FFE70A9841F69001C2F2000130
S325000077E00860099841F69401C2F2000148640B980A99FFF7EFFEFFE740F21460C2F20000E4
S325000078000078012809D1FFE743F25A00C0F202004FF4AB710FF0B2FFFFE7FFE7FFE740F2CB
S325000078201460C2F200000078042809D1FFE743F25A00C0F2020040F257110FF09FFFFFE756
S32500007840FFE740F21460C2F200000078032807D1FFE740F21461C2F2000100200870FFE7A7
S3250000786040F21460C2F200000078022800F0AB80FFE742F60000CFF200000690FEF716FB70
S325000078800698FEF7CDFAFEF74DFB40F27860C2F20000006868B9FFE740F27860C2F2000060
S325000078A001680020C4F205004FF44072FFF70EFB0CE040F27860C2F2000001680020C4F2A1
S325000078C005004FF40072FFF701FBFFE741F65020C2F200000068E8B1FFE70020C4F20500F3
S325000078E003F070FB41F65020C2F200000078C006002807D5FFE70020C4F205000021FFF7AF
S325000079003FF906E00020C4F205000121FFF738F9FFE705E00020C4F2050003F047FBFFE75E
S3250000792040F21460C2F200000078052806D1FFE70020C4F2050001F083FD0DE040F21460A6
S32500007940C2F20000007830B9FFE70020C4F2050003F02AF8FFE7FFE740F21461C2F200010E
S325000079600020087041F69400C2F2000090F84C00C007A8B1FFE70020C4F2050005900C2173
S3250000798001F006FD0598362102F0C4FE059801F039FD41F69401C2F200010120886411E002
S325000079A00020C4F20500039001F00EFD03980021049101F0EDFC049841F69401C2F200010F
S325000079C08864FFE7FFE7002002F0DEFE41F69401C2F200010291C863FDF786FD02990A9808
S325000079E08068C96800EB810050F8040C0890089840680068406807900798C07900F0C00095
S32500007A00C0280BD1FFE741F69401C2F2000191F8240040F0010081F824000AE041F6940104
S32500007A20C2F2000191F8240000F0FE0081F82400FFE740F21460C2F20000007802281DD084
S32500007A40FFE70020C4F20500019002F0FFFD019802F03EFE01982F2102F058FD01984FF011
S32500007A60FF3102F09BFD019801F09CF941F69400C2F20000006CFDF707FBFFE70CB080BD67
S32500007A8080B584B0039002910192FFE7039848B1FFE743F25A00C0F2020040F25F210FF06A
S32500007AA06DFEFFE7FFE741F69401C2F200010320087002988861019808620198C86104B071
S32500007AC080BD000080B584B0039002910192FFE7039848B1FFE743F25A00C0F2020040F26C
S32500007AE08E210FF04BFEFFE7FFE7029841F69401C2F2000188610198C861019808620020D4
S32500007B0000F0B6F804B080BD80B582B00190FFE7019848B1FFE743F25A00C0F2020040F205
S32500007B20DF210FF02BFEFFE7FFE70020C4F205000022114601F09CFA41F69401C2F20001EF
S32500007B400520087002B080BD80B586B005900491FFE7049848B9FFE743F25A00C0F2020052
S32500007B6040F257610FF00AFEFFE7FFE7FFE7059848B9FFE743F25A00C0F202004FF4CB6126
S32500007B800FF0FCFDFFE7FFE7059803900020C4F205000021012201F00FFA0498007800F0CE
S32500007BA01F000146009120B1FFE70098022812D058E004984088C00740B1FFE7039991F80E
S32500007BC0240000F0FD0081F8240003E00020FFF79BFFFFE74AE00498808800F07F00ADF896
S32500007BE00600BDF8060028B1FFE7BDF80600092804DBFFE70020FFF787FF32E0049840883C
S32500007C0050BBFFE704980179012080EAD110029003980299C1EBC1010844BDF80610014459
S32500007C20002081F82400029858B9FFE7BDF8060001010020C4F205004FF4005201F092FA46
S32500007C4009E0BDF8060001010020C4F20500002201F088FAFFE703E00020FFF755FF05E0F0
S32500007C60FFE703E00020FFF74FFFFFE706B080BD80B584B00390FFE7039848B1FFE743F267
S32500007C805A00C0F2020040F689210FF077FDFFE7FFE741F69400C2F2000001210170C06976
S32500007CA002900298412803D3FFE740200290FFE741F69401C2F2000188690190029AC869C5
S32500007CC0801AC861029A886910448861019A029B0020C4F20500002102F020FA02984028CF
S32500007CE009D1FFE70020C4F2050000214FF4817202F08CFA31E041F69401C2F2000104205E
S32500007D0008700020C4F2050000214FF4857202F07DFA41F69000C2F2000000680068406952
S32500007D20D0B1FFE741F69400C2F20000006A98B1FFE741F69000C2F20000006800684269C8
S32500007D4041F69400C2F200000090016A406C9047009900200862FFE7FFE704B080BD000040
S32500007D6080B58CB00B90FFE70B9848B1FFE743F25A00C0F2020040F6EE210FF0FFFCFFE721
S32500007D80FFE741F69400C2F200000221017041F69001C2F200010968896890F8362051F8DE
S32500007DA022100391C0690A900A98412803D3FFE740200A90FFE741F69400C2F20000808E00
S32500007DC000284DD1FFE741F69400C2F2000090F83300002844D1FFE741F69400C2F2000095
S32500007DE08169087A8DF8180008684968059104900398FFF771FBADF812000A98082803D8C8
S32500007E00FFE70A98019002E009200190FFE701980890089B0020C4F20500002104AA02F051
S32500007E207DF90398406800680088089988420AD1FFE741F69401C2F2000100208886012097
S32500007E4081F8330007E09DF8200041F69401C2F200018886FFE70A980899401A089002E048
S32500007E600A980890FFE7FFE70898002845D0FFE70398406841F69401C2F2000191F8332093
S32500007E8050F822000290029800888A8E801A099002984068898E084407900998089988422B
S32500007EA003D9FFE708980990FFE7079A099B0020C4F20500002102F031F909990898401AE2
S32500007EC008909DF8242041F69400C2F20000818E11448186808E0299098888420CD1FFE77A
S32500007EE041F69401C2F2000191F83300013081F8330000208886FFE7B6E70A9A41F6940141
S32500007F00C2F20001C869801AC8610398007891F83310884207DCFFE741F69401C2F20001BF
S32500007F200020C861FFE741F69400C2F20000C06998B1FFE70398406841F69401C2F2000171
S32500007F4091F8332050F8220040680790888E08900798089A10448861FFE70A98402809D1A0
S32500007F60FFE70020C4F2050000214FF4817202F04DF931E00020C4F2050000214FF4857264
S32500007F8002F044F941F69000C2F20000006800684069D0B1FFE741F69400C2F20000006A68
S32500007FA098B1FFE741F69000C2F2000000680068426941F69400C2F200000090016A406C70
S32500007FC09047009900200862FFE741F69401C2F2000104200870FFE70CB080BD80B584B056
S32500007FE003900291FFE7029848B9FFE743F25A00C0F2020040F605110FF0C0FBFFE7FFE7D9
S32500008000FFE7039848B9FFE743F25A00C0F2020040F606110FF0B2FBFFE7FFE703980090BF
S325000080200020C4F205000022114600F0C5FF00984068C00F20B1FFE700208DF8070004E0DC
S32500008040009880688DF80700FFE700990120C86100990DF1070088610020FFF709FE04B0ED
S3250000806080BD000080B58CB00B900A91FFE70A9848B9FFE743F25A00C0F2020040F29C7125
S325000080800FF07CFBFFE7FFE7FFE70B9848B9FFE743F25A00C0F2020040F29D710FF06EFB3D
S325000080A0FFE7FFE70B98089041F69000C2F20000006807900020C4F2050000220192114652
S325000080C000F07AFF01988DF827000A984088000A01460291012808D0FFE7029802280ED015
S325000080E0FFE70298032844D061E007984068089988610798406800780899C8616CE00A9832
S3250000810040888DF813000798406805909DF813000599497C88420ADBFFE700200090FFF7D7
S32500008120F3FC0098089988610899C86120E0079880689DF8131050F821000690089900205F
S3250000814081F83300089988860698406800684068089988610698FFF7BFF90899C8619DF833
S325000081601300089981F8360001208DF82700FFE732E00A998888897800F014FD03900398EE
S32500008180013020B9FFE70020FFF7BEFC24E00798C068039950F82100089988610798C068F8
S325000081A0039950F8210000780899C86114E007980068006858B1FFE707980068026841F678
S325000081C09400C2F20000406C0A99904703E00020FFF79AFCFFE71DE008988069D0B1FFE7C9
S325000081E00898C0690A99C988884205D9FFE70A98C0880899C861FFE79DF82700C00720B938
S32500008200FFE70020FFF734FD03E00020FFF7A8FDFFE7FFE70CB080BD80B584B00390029139
S32500008220FFE7029848B9FFE743F25A00C0F2020040F6A9110FF0A2FAFFE7FFE7FFE70398B6
S3250000824048B9FFE743F25A00C0F2020040F6AA110FF094FAFFE7FFE7039800900020C4F2A3
S3250000826005000022114600F0A7FE00984068C00F20B1FFE700208DF8070011E002988088E0
S32500008280072808DCFFE70098029989880844007C8DF8070003E00020FFF736FC0BE0FFE74B
S325000082A000990120C86100990DF1070088610020FFF7DEFCFFE704B080BD000080B586B01C
S325000082C005900491FFE7049848B9FFE743F25A00C0F2020040F2D3510FF050FAFFE7FFE757
S325000082E0FFE7059848B9FFE743F25A00C0F2020040F2D4510FF042FAFFE7FFE7059801903F
S325000083000020C4F205000022114600F055FE0498007800F01F000146009140B1FFE7009856
S3250000832001280AD0FFE7009802280AD030E0019890F82400ADF80E002EE00020ADF80E00C9
S325000083402AE00498808800F07F00ADF80C00BDF80C0028B1FFE7BDF80C00082804DBFFE713
S325000083600020FFF7D1FB22E004980179012080EAD110029001980299C1EBC1010844BDF85C
S325000083800C10084490F82400ADF80E00FFE703E00020FFF7B9FB0AE001990220C861019914
S325000083A00DF10E0088610020FFF762FCFFE706B080BD000080B584B0039002910192FFE76D
S325000083C003980021C4F20501884209D0FFE742F6E360C0F2020041F2AB210FF0CFF9FFE7BB
S325000083E0FFE7FFE70298082809D3FFE742F6E360C0F2020041F2AC210FF0C0F9FFE7FFE76C
S3250000840001980399029A01EB0211C1F8080204B080BD000080B584B003900291019200931D
S32500008420FFE703980021C4F20501884209D0FFE742F6E360C0F2020041F219210FF09EF91D
S32500008440FFE7FFE7FFE70298082809D3FFE742F6E360C0F2020041F21A210FF08FF9FFE7CE
S32500008460FFE7FFE701986FF07001084209D0FFE742F6E360C0F2020041F21B210FF07EF9A4
S32500008480FFE7FFE70398029900EB01110020C1F804020098019908430399029A01EB021144
S325000084A0C1F8040204B080BD80B584B0039002910192FFE703980021C4F20501884209D0E3
S325000084C0FFE742F6E360C0F2020041F201310FF055F9FFE7FFE7FFE70298082809D3FFE791
S325000084E042F6E360C0F2020041F202310FF046F9FFE7FFE701980399029A01EB0211C1F84E
S325000085000C0204B080BD000080B582B001900091FFE701980021C4F20501884209D0FFE7E8
S3250000852042F6E360C0F2020041F2CB110FF026F9FFE7FFE7FFE70098082809D3FFE742F665
S32500008540E360C0F2020041F2CC110FF017F9FFE7FFE70198009900EB0111D1F8040220F025
S325000085600100C1F8040202B080BD000080B582B001900091FFE701980021C4F20501884297
S3250000858009D0FFE742F6E360C0F2020041F2A3110FF0F4F8FFE7FFE7FFE70098082809D3BF
S325000085A0FFE742F6E360C0F2020041F2A4110FF0E5F8FFE7FFE70198009900EB0111D1F818
S325000085C0040240F00100C1F8040202B080BD000080B582B001900091FFE701980021C4F2D1
S325000085E00501884209D0FFE742F6E360C0F2020041F258110FF0C2F8FFE7FFE7FFE7009818
S32500008600082809D3FFE742F6E360C0F2020041F259110FF0B3F8FFE7FFE70198009900EB03
S325000086200111D1F8040220F00800C1F8040202B080BD000080B582B001900091FFE7019885
S325000086400021C4F20501884209D0FFE742F6E360C0F2020041F231110FF090F8FFE7FFE7B7
S32500008660FFE70098082809D3FFE742F6E360C0F2020041F232110FF081F8FFE7FFE7019802
S32500008680009900EB0111D1F8040240F00800C1F8040202B080BD000080B582B00190FFE7AB
S325000086A001980021C4F20501884209D0FFE742F6E360C0F202004FF48C510FF05FF8FFE72A
S325000086C0FFE70198D0F8000202B080BD80B582B001900091FFE701980021C4F205018842AD
S325000086E009D0FFE742F6E360C0F2020041F24A210FF044F8FFE7FFE7FFE70098082809D357
S32500008700FFE742F6E360C0F2020041F24B210FF035F8FFE7FFE70198009900EB0110D0F8B1
S32500008720040200F4807002B080BD000080B584B0039041F6F412C2F20002019240200290E6
S325000087400020C4F20500002102AB01F059FC029808B9FFE744E00198007810F0600F1DD052
S32500008760FFE741F69000C2F2000000680068406878B1FFE741F69000C2F2000000680068C0
S32500008780426841F69400C2F20000406C0199904703E00020FFF7B8F9FFE721E001984078AB
S325000087A00C2818D8FFE70198417842F2B840C0F2020050F8210070B1FFE701994A7842F277
S325000087C0B840C0F2020050F8222041F69400C2F20000904703E00020FFF796F9FFE7FFE7B3
S325000087E004B080BD80B584B003900291FFE7029848B9FFE743F25A00C0F2020040F25D7149
S325000088000EF0BCFFFFE7FFE7FFE7039848B9FFE743F25A00C0F2020040F25E710EF0AEFF76
S32500008820FFE7FFE7039801900020C4F205000021012200F0C1FB0298408800F10040019942
S32500008840486001990420087004B080BD80B586B0059004910598039041F69000C2F2000003
S32500008860006802900020C4F205000021012200F0A3FB0498408802994968497C884204DD2B
S32500008880FFE70020FFF740F951E0049840880399886003988068C0B3FFE702988068049989
S325000088A0498800EB810050F8040C019001984068006840680090039890F83700C007C0B911
S325000088C0FFE70098C07900F0C000C02808D1FFE7039991F8240040F0010081F8240007E086
S325000088E0039991F8240000F0FE0081F82400FFE7FFE7039802998968049A528801EB8201C4
S3250000890051F8041C00F0B8FDFFE702980068C06860B1FFE702980068C26841F69400C2F291
S325000089200000406C039989689047FFE7FFE706B080BD000080B584B0039002910020C4F2FD
S32500008940050000220192114600F036FB0198FFF7DBF804B080BD000080B586B005900491F7
S32500008960FFE7049848B9FFE743F25A00C0F2020040F2E2610EF002FFFFE7FFE7FFE7059882
S3250000898048B9FFE743F25A00C0F2020040F2E3610EF0F4FEFFE7FFE7059803900020C4F26F
S325000089A005000021012200F007FB0498007800F01F000146009120B1FFE70098022812D020
S325000089C03FE004984088C00740B1FFE7039991F8240040F0020081F8240003E00020FFF75F
S325000089E093F8FFE731E00498808800F07F00ADF80A00BDF80A0028B1FFE7BDF80A000828C0
S32500008A0004DBFFE70020FFF77FF819E00498408888B9FFE704980179012080EAD111019165
S32500008A200399019AC2EBC2021144BDF80A20114481F8240003E00020FFF766F805E0FFE740
S32500008A4003E00020FFF760F8FFE706B080BD000080B58CB00B900A91FFE70A9848B9FFE7D0
S32500008A6043F25A00C0F2020040F6FD110EF086FEFFE7FFE7FFE70B9848B9FFE743F25A001C
S32500008A80C0F2020040F6FE110EF078FEFFE7FFE70B98039041F69000C2F2000000680290EC
S32500008AA00020C4F2050000210191012200F084FA029880680399896800EB810050F8040CBE
S32500008AC0099009980421FEF7E3FC0146019805910790FFE70798059988425CD2FFE70998AE
S32500008AE007994FF0FF3206ABFEF714FD0890089800284BD0FFE7089880780A998988884232
S32500008B0044D1FFE70898C0780A99498888423DD1FFE7089880788DF81300FFE79DF813008C
S32500008B20082809DBFFE743F25A00C0F2020040F631210EF023FEFFE7FFE70898C07803990B
S32500008B409DF8132011440874039809999DF81320089BDB7800F0CEFD8DF812009DF8120082
S32500008B60C00790B1FFE702980068806868B1FFE702980068836841F69400C2F20000406C00
S32500008B800A998A7809799847FFE708E0FFE70798013007909EE70020FEF7B6FFFFE70CB0BD
S32500008BA080BD000086B0ADF81200ADF8101041F69000C2F20000006840B1FFE741F690003F
S32500008BC0C2F200000068C06820B9FFE74FF0FF30059052E0BDF8100018B9FFE70020059026
S32500008BE04BE041F69001C2F200010868C06800680078023800EBD07040100290086800692F
S32500008C000138029AB0FBF2F001900198029A5043013009680969884204D0FFE74FF0FF308D
S32500008C2005902AE041F69000C2F200000068C0680068039000200090FFE7009802998842F6
S32500008C4017D2FFE70398009900EB41004088BDF81210884208D1FFE701980099BDF81020A0
S32500008C6000FB0120059008E0FFE7009801300090E3E74FF0FF300590FFE7059806B0704759
S32500008C8080B584B0039002910020C4F2050000210191012200F090F90198FEF735FF04B09F
S32500008CA080BD000088B0069005910492039306980290002001900090FFE701980599884289
S32500008CC021D2FFE70498013038B1FFE7029840789DF8101088420CD1FFE700980399884287
S32500008CE003D1FFE70298079010E0009801300090FFE70298017801980844019002980178B8
S32500008D0008440290D9E700200790FFE7079808B07047000086B005900491039205980290E0
S32500008D20002001900090FFE701980499884219D2FFE70398013038B1FFE7029840789DF8B3
S32500008D400C10884204D1FFE7009801300090FFE70298017801980844019002980178084445
S32500008D600290E1E7009806B07047000080B582B001900091FFE701980021C4F205018842DF
S32500008D8009D0FFE742F6E360C0F2020040F21B610EF0F4FCFFE7FFE700980199087002B01B
S32500008DA080BD000080B582B00190FFE701980021C4F20501884209D0FFE742F6E360C0F266
S32500008DC0020040F2E1510EF0D9FCFFE7FFE70199487840F04000487002B080BD80B582B0B0
S32500008DE00190FFE701980021C4F20501884209D0FFE742F6E360C0F2020040F2FE510EF049
S32500008E00BDFCFFE7FFE70199487800F0BF00487002B080BD80B586B0059004910392029358
S32500008E20FFE705980021C4F20501884209D0FFE742F6E360C0F2020040F60E010EF09EFC37
S32500008E40FFE7FFE7FFE70498102821D0FFE7049820281DD0FFE70498302819D0FFE7049899
S32500008E60402815D0FFE70498502811D0FFE7049860280DD0FFE70498702809D0FFE742F6CC
S32500008E80E360C0F2020040F612010EF077FCFFE7FFE79DF809008006002840D5FFE703986D
S32500008EA0059A04991144A1F80001002001909DF80800C00728B1FFE7019840F080000190D3
S32500008EC0FFE79DF80800C006002805D5FFE7019840F0140001900BE09DF808000007002836
S32500008EE005D5FFE7019840F010000190FFE7FFE79DF80900800728B9FFE7019840F0400081
S32500008F000190FFE70198059A0499114481F80301059904980144402081F8020149E003980E
S32500008F20059A04991144A1F80401002001909DF808004007002803D5FFE780200190FFE76A
S32500008F409DF80800C006002805D5FFE7019840F0280001900BE09DF808000007002805D5AD
S32500008F60FFE7019840F020000190FFE7FFE79DF808008006002805D5FFE7019840F01000DB
S32500008F800190FFE79DF80900800728B9FFE7019840F040000190FFE70198059A04991144BE
S32500008FA081F80701059904980144802081F80601FFE706B080BD000080B584B00390029123
S32500008FC08DF80720FFE703980021C4F20501884209D0FFE742F6E360C0F2020040F657310B
S32500008FE00EF0CCFBFFE7FFE7FFE7029828B3FFE70298102821D0FFE7029820281DD0FFE73B
S325000090000298302819D0FFE70298402815D0FFE70298502811D0FFE7029860280DD0FFE7FE
S325000090200298702809D0FFE742F6E360C0F2020040F65B310EF0A2FBFFE7FFE7029858B936
S32500009040FFE79DF80700C1074020002918BF4820039981F8020109E003990298014491F8F3
S32500009060060100F0FE0081F80601FFE704B080BD80B584B0039002910192FFE703980021DA
S32500009080C4F20501884209D0FFE742F6E360C0F202004FF4AC610EF071FBFFE7FFE7FFE7EA
S325000090A001986FF40051084209D0FFE742F6E360C0F2020040F261510EF060FBFFE7FFE71C
S325000090C0FFE7029828B3FFE70298102821D0FFE7029820281DD0FFE70298302819D0FFE72A
S325000090E00298402815D0FFE70298502811D0FFE7029860280DD0FFE70298702809D0FFE7EE
S3250000910042F6E360C0F2020040F265510EF036FBFFE7FFE7029840B9FFE7039991F8020196
S3250000912040F0600081F8020119E00198B0F5005F0AD1FFE703990298014491F8020140F08F
S32500009140100081F8020109E003990298014491F8060140F0200081F80601FFE7FFE704B039
S3250000916080BD000080B584B0039002910192FFE703980021C4F20501884209D0FFE742F66B
S32500009180E360C0F2020040F29E510EF0F7FAFFE7FFE7FFE7029828B3FFE70298102821D0F2
S325000091A0FFE7029820281DD0FFE70298302819D0FFE70298402815D0FFE70298502811D08D
S325000091C0FFE7029860280DD0FFE70298702809D0FFE742F6E360C0F2020040F2A2510EF07B
S325000091E0CDFAFFE7FFE7FFE701986FF40051084209D0FFE742F6E360C0F2020040F2A35145
S325000092000EF0BCFAFFE7FFE7029840B9FFE7039991F8020100F0FB0081F802012BE001981C
S32500009220B0F5005F13D1FFE703990298014491F8020100F0CF0081F802010399029801449D
S3250000924091F8020140F0400081F8020112E003990298014491F8060100F09F0081F8060184
S3250000926003990298014491F8060140F0800081F80601FFE7FFE704B080BD000080B584B087
S32500009280039002910192FFE703980021C4F20501884209D0FFE742F6E360C0F202004FF4B6
S325000092A089610EF06BFAFFE7FFE7FFE7029828B3FFE70298102821D0FFE7029820281DD0D6
S325000092C0FFE70298302819D0FFE70298402815D0FFE70298502811D0FFE7029860280DD03C
S325000092E0FFE70298702809D0FFE742F6E360C0F2020040F24C410EF041FAFFE7FFE7029804
S3250000930050BBFFE79DF80400C00740B1FFE7039991F8020140F0400081F80201FFE79DF890
S325000093200400C006002808D5FFE7039991F8020140F0800081F80201FFE79DF80400400758
S32500009340002808D5FFE7039991F8020100F0FB0081F80201FFE718E00199DB2060EA0102CD
S3250000936003990298014491F80201104081F80201019800F4980203990298014491F80601E2
S3250000938020EA124081F80601FFE704B080BD000080B582B001900091FFE701980021C4F235
S325000093A00501884209D0FFE742F6E360C0F2020041F238510EF0E2F9FFE7FFE70098019956
S325000093C081F8620302B080BD80B582B00190FFE701980021C4F20501884209D0FFE742F6A5
S325000093E0E360C0F2020041F290510EF0C7F9FFE7FFE7019991F8620300F0FE0081F862037E
S3250000940002B080BD80B582B00190FFE701980021C4F20501884209D0FFE742F6E360C0F24D
S32500009420020041F264510EF0A9F9FFE7FFE7019991F8620340F00D0081F8620302B080BD3E
S3250000944080B582B00190FFE701980021C4F20501884209D0FFE742F6E360C0F2020040F6C4
S32500009460C2710EF08BF9FFE7FFE70199032081F81C0402B080BD000080B59EB01C901B9145
S32500009480FFE71C9840B9FFE743F21500C0F20200C8210EF073F9FFE7FFE7FFE71B9840B99E
S325000094A0FFE743F21500C0F20200CD210EF066F9FFE7FFE700201A90FFE71A9806280ED835
S325000094C0FFE71A9A01A9002041F832001A9A01EBC2014860FFE71A9801301A90EDE71B98B2
S325000094E00521FDF7D5FF14901B980421FDF7D0FF189000201A90FFE71A98149988423CD2AA
S32500009500FFE71B981A9A052111ABFDF77BFF0F900F98807800F00F0017900F988178012003
S3250000952080EAD11016901798072803D8FFE7179820B9FFE700208DF87700D6E00F988088A6
S32500009540179A01A901EBC201169A01EB820151F8081C88420CD9FFE70F988088179A01A9D0
S3250000956001EBC201169A01EB820141F8080CFFE7FFE71A9801301A90BEE700201A90FFE71C
S325000095801A981899884247D2FFE71B981A994FF0FF3211ABFDF7BEFF10901098B8B3FFE7BD
S325000095A01098C07898BBFFE710980079149000201990FFE719981499884227D2FFE71B985E
S325000095C0109A9178D278199BFDF7C2FF0F900F98B8B1FFE70F9817A915AA13ABFBF7D6F8E6
S325000095E0179820B9FFE700208DF877007DE017980101159A139B0020C4F20500FFF70AFC99
S32500009600FFE7FFE7199801301990D3E7FFE7FFE71A9801301A90B3E74020199001201A906C
S32500009620FFE71A9807285CD8FFE71A9901A800EBC10050F8080C20B3FFE71A9901A800EBDF
S32500009640C10050F8080C12A9FBF7DCF81590129820B9FFE700208DF8770046E01A98010162
S32500009660199A159BEC464FF40050CCF800000020C4F2050000F0A6FE129919980844199038
S32500009680FFE71A9901A800EBC10050F8040C18B3FFE71A9901A800EBC10050F8040C12A9B2
S325000096A0FBF7B0F81590129820B9FFE700208DF877001AE01A980101199A159BEC4600207D
S325000096C0CCF800000020C4F2050000F07BFE1299199808441990FFE7FFE71A9801301A90D2
S325000096E09FE701208DF87700FFE79DF877001EB080BD000080B58EB00C900B918DF82B2049
S325000097008DF82A300B980421FDF7C2FE099000200790FFE707980999884255D2FFE70B98F7
S3250000972007994FF0FF3203ABFDF7F4FE01900198002844D0FFE7019880789DF82B10884208
S325000097403DD1FFE70198C0789DF82A10884236D1FFE701980079089000200690FFE70698D4
S325000097600899884227D2FFE70B98019A9178D278069BFDF7EDFE00900098B8B1FFE7009879
S3250000978002A905AA04ABFBF701F8029820B9FFE700208DF837001BE002980101059A049BC5
S325000097A00020C4F20500FFF735FBFFE7FFE7069801300690D3E701208DF8370008E0FFE70C
S325000097C0079801300790A5E700208DF83700FFE79DF837000EB080BD80B586B005900020E7
S325000097E0C4F20500002100F091FD04900598007801460291052800F2A2800299DFE801F0F2
S32500009800222C3034038C05990020087005984068C00F68B1FFE70599486820F00040486072
S32500009820059841680020C4F20500FFF79FFAFFE79DF81000C00720B1FFE70020FEF776FFDF
S32500009840FFE787E09DF81000C00720B1FFE70020FEF76CFFFFE77DE00020FEF709FA79E05E
S325000098600020FEF77DFA75E00598C069412803D3FFE74020039003E00598C0690390FFE701
S32500009880059882690020C4F20500002103AB00F0B7FB0598C0693F282BD8FFE70599042016
S325000098A0087041F69000C2F20000006800680069B8B1FFE70598006A98B1FFE741F690002A
S325000098C0C2F2000000680068026941F69400C2F20000406C0599096A904705990020086258
S325000098E0FFE70020C4F2050000210122FFF764FB07E00020C4F2050000221146FFF75CFB80
S32500009900FFE7039A0599886910448861039A0599C869801AC8611DE09DF8100040070028B2
S325000099200CD5FFE70020C4F20500002101910422FFF7A4FC019805990870FFE70AE0FFE7AB
S3250000994043F25A00C0F202004FF4B1610DF016FFFFE7FFE706B080BD80B582B00190019906
S3250000996091F8240000F0FD0081F824000199002081F8380041F69000C2F2000000680068F4
S32500009980806970B1FFE741F69000C2F2000000680068816941F69400C2F20000406C8847A2
S325000099A0FFE70199C868886000200090FFE7009807280AD8FFE701980099014400200874D1
S325000099C0FFE7009801300090F1E702B080BD000080B586B00590049141F69000C2F200006B
S325000099E0006830B9FFE70020C4F20500FFF7F6F94DE141F69400C2F20000406C03909DF8E9
S32500009A0010004007002807D5FFE741F69400C2F20000FFF7A1FFFFE79DF81000C007A0B147
S32500009A20FFE741F69000C2F2000000680068C06950B1FFE741F69000C2F200000068006894
S32500009A40C16903988847FFE7FFE79DF810008007002814D5FFE741F69000C2F2000000689A
S32500009A600068006A50B1FFE741F69000C2F2000000680068016A03988847FFE7FFE79DF8A6
S32500009A8010008006002814D5FFE741F69000C2F2000000680068406A50B1FFE741F6900090
S32500009AA0C2F2000000680068416A03988847FFE7FFE79DF810000007002825D5FFE741F650
S32500009AC05421C2F2000108680130086040F65C51C2F20001009108680130086041F6940050
S32500009AE0C2F2000000F0D6F80098006805280AD1FFE740F65C51C2F20001002008600520BB
S32500009B00FBF7C0FCFFE7FFE70020C4F2050000F021FE019041F69400C2F20000806C0228B5
S32500009B2027D1FFE7019800F01400102821D1FFE741F69000C2F2000000680068C06A60B10E
S32500009B40FFE741F69000C2F2000000680068C36A0398152100229847FFE741F69401C2F269
S32500009B600001012088640020C4F20500FFF74AFC47E041F69400C2F20000806C012822D10C
S32500009B80FFE7019800F0140004281CD1FFE741F69000C2F2000000680068C06A60B1FFE7D1
S32500009BA041F69000C2F2000000680068C36A0398142100229847FFE741F69401C2F20001EF
S32500009BC0022088641CE09DF804008007002816D5FFE741F69000C2F2000000680068C06AE7
S32500009BE060B1FFE741F69000C2F2000000680068C36A0398162100229847FFE7FFE7FFE76B
S32500009C00FFE70020C4F2050000F062FD04909DF81000C00758B1FFE741F69400C2F20000C0
S32500009C20FFF7DAFD049820F001000490FFE741F69400C2F20000C06BD0F8FC10884702904B
S32500009C40029850B1FFE741F69400C2F20000C06BD0F8F82002999047FFE741F69000C2F220
S32500009C60000000680068806A88B1FFE7049818B9FFE7029858B1FFE741F69000C2F20000AE
S32500009C8000680068826A039804999047FFE706B080BD000080B582B0019041F69400C2F2A3
S32500009CA0000090F83800C00700283ED0FFE741F69400C2F2000090F83910013180F83910B8
S32500009CC090F839000A2807D1FFE70020C4F20500002100F0F1FBFFE741F69400C2F2000090
S32500009CE090F8390014281FD1FFE741F69401C2F20001002081F8380041F69000C2F20000BE
S32500009D0000680068006A70B1FFE741F69000C2F2000000680068016A41F69400C2F20000C7
S32500009D20406C8847FFE7FFE7FFE702B080BD000080B584B0039002910192FFE7039800213D
S32500009D40C4F20501884209D0FFE742F6E360C0F2020040F671710DF011FDFFE7FFE7FFE7B4
S32500009D600298102821D0FFE7029820281DD0FFE70298302819D0FFE70298402815D0FFE7F1
S32500009D800298502811D0FFE7029860280DD0FFE70298702809D0FFE742F6E360C0F20200DF
S32500009DA040F675710DF0EAFCFFE7FFE7FFE70198062809D3FFE742F6E360C0F2020040F6FE
S32500009DC076710DF0DBFCFFE7FFE7019881000F20884000900398D0F85004009988430090AA
S32500009DE0029800090199890000FA01F100980843009000980399C1F8500404B080BD000006
S32500009E0084B00390029101929DF805008006002824D5FFE703990298084490F8030100F02A
S32500009E207B0000909DF80400C006002805D5FFE7009840F004000090FFE79DF80400C00728
S32500009E4028B1FFE7009840F080000090FFE70098039A0299114481F803012FE00399029898
S32500009E60084490F8070100F0370000909DF80400C006002805D5FFE7009840F008000090A2
S32500009E80FFE79DF804004007002805D5FFE7009840F080000090FFE79DF804008007002808
S32500009EA005D5FFE7009840F040000090FFE70098039A0299114481F80701FFE704B0704767
S32500009EC083B00290019100929DF80100800600280AD5FFE702990198014491F8030100F094
S32500009EE0EF0081F8030109E002990198014491F8070100F0DF0081F80701FFE703B070475D
S32500009F0083B00290019100929DF80100800600280AD5FFE702990198014491F8030140F013
S32500009F20100081F8030109E002990198014491F8070140F0200081F80701FFE703B070477A
S32500009F4080B584B002900191FFE702980021C4F20501884209D0FFE742F6E360C0F2020059
S32500009F6040F6B2210DF00AFCFFE7FFE7FFE7019828B3FFE70198102821D0FFE7019820283A
S32500009F801DD0FFE70198302819D0FFE70198402815D0FFE70198502811D0FFE70198602863
S32500009FA00DD0FFE70198702809D0FFE742F6E360C0F2020040F6B6210DF0E0FBFFE7FFE708
S32500009FC0019820B9FFE74FF48170009004E0019800F583700090FFE702980099405AC007F0
S32500009FE018B9FFE70020039006E0029801990844B0F808010390FFE7039804B080BD0000D5
S3250000A00080B58AB00890079106920593FFE708980021C4F20501884209D0FFE742F6E36004
S3250000A020C0F2020040F6F3210DF0A8FBFFE7FFE7FFE7079828B3FFE70798102821D0FFE7BC
S3250000A040079820281DD0FFE70798302819D0FFE70798402815D0FFE70798502811D0FFE7CA
S3250000A060079860280DD0FFE70798702809D0FFE742F6E360C0F2020040F6F7210DF07EFB07
S3250000A080FFE7FFE7079820B9FFE74FF48170049004E0079800F583700490FFE708980499A6
S3250000A0A0405AC00738B9FFE70599002008604FF0FF3009902FE0089807990844B0F80801E9
S3250000A0C00390039805990968884203D2FFE70398019003E0059800680190FFE70198039001
S3250000A0E00398059908600898079900EB910020300290FFE7039858B1FFE7029800780699FA
S3250000A1004A1C06920870FFE7039801380390F1E700200990FFE709980AB080BD80B588B0FA
S3250000A1200690059104920393FFE706980021C4F20501884209D0FFE742F6E360C0F20200A8
S3250000A14040F6BB310DF01AFBFFE7FFE7FFE7059828B3FFE70598102821D0FFE70598202824
S3250000A1601DD0FFE70598302819D0FFE70598402815D0FFE70598502811D0FFE70598602871
S3250000A1800DD0FFE70598702809D0FFE742F6E360C0F2020040F6BF310DF0F0FAFFE7FFE7FA
S3250000A1A0059820B9FFE702208DF8070003E001208DF80700FFE706980599084490F8020106
S3250000A1C09DF807100840000620B1FFE74FF0FF30079017E00698059900EB91002030029032
S3250000A1E0FFE7039858B1FFE70498411C0491007802990870FFE7039801380390F1E700208B
S3250000A2000790FFE7079808B080BD000080B586B0049003910292FFE704980021C4F20501A1
S3250000A220884209D0FFE742F6E360C0F2020040F60B410DF0A3FAFFE7FFE7FFE7039828B31C
S3250000A240FFE70398102821D0FFE7039820281DD0FFE70398302819D0FFE70398402815D008
S3250000A260FFE70398502811D0FFE7039860280DD0FFE70398702809D0FFE742F6E360C0F213
S3250000A280020040F60F410DF079FAFFE7FFE7039878B9FFE7049890F802018007002804D593
S3250000A2A0FFE74FF0FF3005901CE09DF8080001900FE004980399084490F80201C00720B1EF
S3250000A2C0FFE74FF0FF3005900CE09DF809000190FFE701980499039A114481F802010020CA
S3250000A2E00590FFE7059806B080BD000083B00290019100920098029A019B6FF0030101EA46
S3250000A30093011144C1F8000303B0704780B584B003900291FFE703980021C4F20501884271
S3250000A32009D0FFE742F6E360C0F2020040F2EA310DF024FAFFE7FFE7FFE7029828B3FFE7B4
S3250000A3400298102821D0FFE7029820281DD0FFE70298302819D0FFE70298402815D0FFE70B
S3250000A3600298502811D0FFE7029860280DD0FFE70298702809D0FFE742F6E360C0F20200F9
S3250000A38040F2EE310DF0FAF9FFE7FFE7039902980844B0F802010190039902980844B0F8C2
S3250000A3A00611019840EA01400190019804B080BD82B0019000910198009900EB910020300F
S3250000A3C002B0704780B586B0DDF820C00590049103920293FFE705980021C4F20501884270
S3250000A3E009D0FFE742F6E360C0F2020040F661110DF0C4F9FFE7FFE7FFE70498102821D090
S3250000A400FFE7049820281DD0FFE70498302819D0FFE70498402815D0FFE70498502811D012
S3250000A420FFE7049860280DD0FFE70498702809D0FFE742F6E360C0F2020040F665110DF07E
S3250000A4409DF9FFE7FFE79DF821008006002818D5FFE7059804990909029BEC460122CCF85B
S3250000A4600020622201F0E4FD059804990909039AD308EC460222CCF80020642201F0D8FD16
S3250000A48017E0059804990909029BEC460122CCF80020632201F0CCFD059804990909039A75
S3250000A4A0D308EC460222CCF80020662201F0C0FDFFE706B080BD000080B582B001908DF8F5
S3250000A4C00310FFE701980021C4F20501884209D0FFE742F6E360C0F202004FF4BB710DF0E3
S3250000A4E04DF9FFE7FFE79DF80300C00730B1FFE70199487840F00400487005E00199487899
S3250000A50000F0FB004870FFE702B080BD80B582B001900091FFE701980021C4F2050188420E
S3250000A52009D0FFE742F6E360C0F2020040F236210DF024F9FFE7FFE7FFE70098800A48B1B7
S3250000A540FFE742F6E360C0F2020040F237210DF015F9FFE7FFE79DF8000030B1FFE7009A89
S3250000A5600199C87A1043C872FFE79DF80100C00728B1FFE701990120C1F80804FFE79DF86F
S3250000A58001008007002807D5FFE740F24841C4F2050101200860FFE702B080BD80B582B007
S3250000A5A001900091FFE701980021C4F20501884209D0FFE742F6E360C0F202004FF43B7170
S3250000A5C00DF0DCF8FFE7FFE7009A0199C8881043C880009A6FF310020199088940EA124004
S3250000A5E0088102B080BD000080B584B003900291FFE703980021C4F20501884209D0FFE767
S3250000A60042F6E360C0F2020040F263310DF0B6F8FFE7FFE7039801F069FD0190FFE70198C6
S3250000A62048B9FFE742F6E360C0F2020040F267310DF0A4F8FFE7FFE701980299FAF78CFE20
S3250000A6400198FAF721FD04B080BD000080B582B00190FFE701980021C4F20501884209D064
S3250000A660FFE742F6E360C0F2020040F283210DF085F8FFE7FFE70198807A00900198D0F81F
S3250000A6800C04C00760B1FFE7009840F480700090019991F80C0440F0010081F80C04FFE7C7
S3250000A6A040F24C40C4F205000068C00768B1FFE7009840F40070009040F24C41C4F20501A6
S3250000A6C0086840F001000860FFE7009802B080BD80B582B00190FFE701980021C4F20501AA
S3250000A6E0884209D0FFE742F6E360C0F2020040F217310DF043F8FFE7FFE70198408800902D
S3250000A70001988188009840EA01400090009802B080BD000080B582B001900091FFE701986F
S3250000A7200021C4F20501884209D0FFE742F6E360C0F2020041F2C1610DF020F8FFE7FFE748
S3250000A740009A019991F86303104381F8630302B080BD000080B582B00190FFE70198002117
S3250000A760C4F20501884209D0FFE742F6E360C0F2020041F278610DF001F8FFE7FFE70198F8
S3250000A78090F8640302B080BD80B586B00490FFE7049848B1FFE743F29D00C0F2020040F2BD
S3250000A7A05B510CF0EBFFFFE7FFE741F6E400C2F2000000680021C4F20501884206D1FFE79A
S3250000A7C041F6E400C2F200000590E9E041F6E401C2F2000102910020C4F2050008603C2043
S3250000A7E048604DF24930C0F20100C1F8D8004DF23940C0F20100C1F8DC004DF2CD50C0F2A1
S3250000A8000100C1F8E4004DF24D60C0F20100C1F8E0004DF20170C0F20100C1F8F4004DF20D
S3250000A820F560C0F20100C1F8F0004DF20D70C0F20100C1F8E8004DF2E970C0F20100C1F84D
S3250000A840EC0047F61D20C0F20000C1F8F8004DF63100C0F20100C1F8FC0047F68920C0F2B5
S3250000A8600000C1F8000147F6A120C0F20000C1F804014DF69500C0F20100C1F808014DF61A
S3250000A8801920C0F20100C1F80C014EF20000C4F20F0000680021C7F2FF0108400021C1F29D
S3250000A8A00A01884207D1FFE741F6E401C2F200013A204860FFE741F6E400C2F2000000680F
S3250000A8C0FCF724FB012848D1FFE741F6E401C2F2000101914BF6B910C0F20100C1F8D80087
S3250000A8E04BF6C510C0F20100C1F8DC004BF67540C0F20100C1F8EC004BF6D940C0F2010099
S3250000A900C1F8FC004BF6CD30C0F20100C1F8F4004BF6B530C0F20100C1F8F0004BF6ED40EE
S3250000A920C0F20100C1F808014BF6E530C0F20100C1F8E8004BF63D30C0F20100C1F8E000F8
S3250000A9404BF6ED20C0F20100C1F8E4004BF6C560C0F20100C1F80C01FFE700200390FFE7F5
S3250000A9600398072816D8FFE7039841F6E401C2F200010A18002082F88800039A01EB820276
S3250000A9809060C1F8D000C1F8D400FFE7039801300390E5E741F6E400C2F200000590FFE750
S3250000A9A0059806B080BD000080B582B00190FFE701980021C4F20501884209D0FFE742F6EC
S3250000A9C0E360C0F2020040F6DC710CF0D7FEFFE7FFE70199002081F81C0402B080BD000018
S3250000A9E080B584B003900291FFE7039848B9FFE742F69570C0F202004FF4F6710CF0BEFE07
S3250000AA00FFE7FFE7039800F0DBF9019001980299884203D2FFE70198009002E00298009086
S3250000AA20FFE7009801900398019950F8082B00F03DFB04B080BD000080B584B003900291A9
S3250000AA40FFE7039848B9FFE742F69570C0F2020040F21D210CF092FEFFE7FFE7FFE702984F
S3250000AA6003990968884209D9FFE742F69570C0F2020040F222210CF081FEFFE7FFE70398E9
S3250000AA8000F0BAF80190FFE701980299884209D2FFE742F69570C0F2020040F22F210CF069
S3250000AAA06DFEFFE7FFE7029A03994868104448600398406803990968884206D3FFE7039900
S3250000AAC00A684868801A4860FFE701980299884213D2FFE7039840680130039988600398CA
S3250000AAE0806803990968884206D3FFE703990A688868801A8860FFE7FFE704B080BD000095
S3250000AB0080B584B00290FFE7029848B9FFE742F69570C0F202004FF4A4710CF02FFEFFE775
S3250000AB20FFE702984068019002988068009000980199884206D9FFE700990198C043084402
S3250000AB4003900AE0029800680199401A009A411E002A08BF08460390FFE7039804B080BD3F
S3250000AB6080B584B00390FFE7039848B9FFE742F69570C0F2020040F223110CF0FFFDFFE736
S3250000AB80FFE703984068029003988068019002980199884205D3FFE702980199401A009006
S3250000ABA005E0039800680199401A0090FFE7009804B080BD80B582B00190FFE7019840B944
S3250000ABC0FFE742F69570C0F20200C2210CF0D6FDFFE7FFE7FAF71EFB8DF803000198406847
S3250000ABE0019988609DF80300C00718B9FFE7FAF719FBFFE702B080BD80B582B00190FFE7FF
S3250000AC00019848B9FFE742F69570C0F202004FF482710CF0B3FDFFE7FFE70198016800917C
S3250000AC2000F0CEF80099C043084402B080BD000080B584B0039002910192FFE7039848B9DD
S3250000AC40FFE742F69570C0F2020040F2BA210CF095FDFFE7FFE7FFE7029848B9FFE742F611
S3250000AC609570C0F2020040F2BB210CF087FDFFE7FFE7FFE7019848B9FFE742F69570C0F266
S3250000AC8002004FF42F710CF079FDFFE7FFE701980399086002980399C860039900208860EC
S3250000ACA00399486004B080BD80B586B0059004910392FFE7059848B9FFE742F69570C0F2D6
S3250000ACC002004FF4E1710CF059FDFFE7FFE7FFE7049848B9FFE742F69570C0F2020040F22D
S3250000ACE0C3110CF04BFDFFE7FFE7FFE7039848B9FFE742F69570C0F202004FF4E2710CF07F
S3250000AD003DFDFFE7FFE7FFE703980190059800F057F801460198884209D9FFE742F695708A
S3250000AD20C0F2020040F2C9110CF028FDFFE7FFE700200290FFE70298039988420BD2FFE705
S3250000AD40059800F00BF80499029A8854FFE7029801300290EFE706B080BD000080B582B0D5
S3250000AD600190FFE7019848B9FFE742F69570C0F2020040F295110CF001FDFFE7FFE7FFE761
S3250000AD80019800F01DF848B9FFE742F69570C0F202004FF4CD710CF0F1FCFFE7FFE7019967
S3250000ADA0C8688968405C8DF80300019850F8082B012100F07BF99DF8030002B080BD000027
S3250000ADC080B584B00390FFE7039840B9FFE742F69570C0F20200E4210CF0D0FCFFE7FFE787
S3250000ADE003984068029003988068019002980199884205D3FFE702980199401A009007E0A3
S3250000AE0003980068019A0299891A08440090FFE7009804B080BD000080B586B00590049170
S3250000AE200392FFE7059848B9FFE742F69570C0F202004FF425710CF0A1FCFFE7FFE7FFE7F8
S3250000AE40049848B9FFE742F69570C0F2020040F295210CF093FCFFE7FFE7FFE7039848B9B7
S3250000AE60FFE742F69570C0F2020040F296210CF085FCFFE7FFE7FFE7039801900598FFF71E
S3250000AE80BBFE01460198884209D9FFE742F69570C0F2020040F29B210CF070FCFFE7FFE76E
S3250000AEA000200290FFE70298039988420BD2FFE705980499029A895C00F008F8FFE7029806
S3250000AEC001300290EFE706B080BD000080B582B001908DF80310FFE7019848B9FFE742F6B2
S3250000AEE09570C0F2020040F26B210CF047FCFFE7FFE7FFE70198FFF77FFE48B9FFE742F6B9
S3250000AF009570C0F202004FF41C710CF037FCFFE7FFE79DF80300019AD1685268885401980C
S3250000AF2050F8042B012100F0C1F802B080BD000080B584B003908DF80B100192FFE703982A
S3250000AF4048B1FFE742F65A70C0F2020040F207110CF014FCFFE7FFE79DF80B0040F21461ED
S3250000AF60C2F200010870019841F68C01C2F2000108609DF80B0028B1FFE79DF80B000128FC
S3250000AF8012D1FFE741F68C00C2F20000006850B1FFE741F68C00C2F2000002689DF80B108B
S3250000AFA000209047FFE7FFE704B080BD81B000900099D1F8C40F20F48030C1F8C40F01B0E0
S3250000AFC07047000081B000900099D1F8C40F40F48030C1F8C40F01B07047000080B582B07F
S3250000AFE001908DF80310FFE701980021C4F20501884209D0FFE742F6E360C0F2020041F2DB
S3250000B000E9310CF0BBFBFFE7FFE79DF80300019981F875000199052081F87600FFE7019845
S3250000B02090F876008007002801D4FFE7F7E70199002081F87600019890F8740002B080BD97
S3250000B04080B582B001908DF803108DF80220FFE701980021C4F20501884209D0FFE742F696
S3250000B060E360C0F2020041F222410CF087FBFFE7FFE79DF80300019981F875009DF802003C
S3250000B080019981F874000199012081F87600FFE7019890F876008007002801D4FFE7F7E7B4
S3250000B0A00199002081F8760002B080BD80B584B0039002910192FAF7ADF88DF80300029A16
S3250000B0C00399086810440860FFE7039800680199884206D3FFE7019A03990868801A0860ED
S3250000B0E0F3E79DF80300C00718B9FFE7FAF79AF8FFE704B080BD000080B582B00190FFE722
S3250000B1000198B0F1804F10D0FFE7019841F20001C4F20001884208D0FFE742F66960C0F29B
S3250000B120020066210CF02AFBFFE7FFE70199886840F00100886002B080BD000080B582B09A
S3250000B1400190FFE70198B0F1804F11D0FFE7019841F20001C4F20001884209D0FFE742F65D
S3250000B1606960C0F202004FF4FD710CF007FBFFE7FFE701990120C86002B080BD80B582B098
S3250000B1800190FFE70198B0F1804F10D0FFE7019841F20001C4F20001884208D0FFE742F61F
S3250000B1A06960C0F20200B7210CF0E8FAFFE7FFE701990120C1F8000C02B080BD80B582B0B4
S3250000B1C00190FFE70198B0F1804F10D0FFE7019841F20001C4F20001884208D0FFE742F6DF
S3250000B1E06960C0F20200EB210CF0C8FAFFE7FFE70198D0F8000C0138B0FA80F0400902B07B
S3250000B20080BD000080B582B001900091FFE70198B0F1804F11D0FFE7019841F20001C4F229
S3250000B2200001884209D0FFE742F66960C0F2020040F20B110CF0A2FAFFE7FFE700980199E5
S3250000B240086002B080BD000080B582B00190FFE70198B0F1804F10D0FFE7019841F2000117
S3250000B260C4F20001884208D0FFE742F66960C0F2020082210CF082FAFFE7FFE70199886863
S3250000B28040F00200886002B080BD000080B582B00190FFE70198B0F1804F10D0FFE7019859
S3250000B2A041F20001C4F20001884208D0FFE742F66960C0F20200D1210CF060FAFFE7FFE74C
S3250000B2C001994EF25150C1F6CC20C1F8000C02B080BD000080B584B00A200390FAF79CFDE6
S3250000B2E003984DF2FC02C4F20F02019203211160FAF792FD03984EF2C022C4F20A02002161
S3250000B30002911160FAF788FD019A029903981160FAF782FD04B080BD80B584B00390039873
S3250000B320C10901208840C04302900A200190FAF773FD01984DF2FC02C4F20F020092032150
S3250000B3401160FAF769FD019802994EF2C022C4F20A021160FAF760FD009A01980021116083
S3250000B360FAF75AFD04B080BDFFE74FF21800C4F20A000068C00708B1FFE7F6E7704700002D
S3250000B38080B50CF0BDF880BD80B50CF0A3F80CF0EBF80CF005F90CF01DF90CF039F90CF0A3
S3250000B3A043F90CF051F980BD80B50CF0D5F880BD80B50CF0BBF880BD82B0019001990120EE
S3250000B3C0B1F1402F009000F01281FFE70199012048F20002C4F205029142009000F00781CE
S3250000B3E0FFE70199012045F20002C4F200029142009000F0FC80FFE70199012049F2000208
S3250000B400C4F205029142009000F0F180FFE70199012046F20002C4F200029142009000F0BF
S3250000B420E680FFE7019901204AF20002C4F205029142009000F0DB80FFE70199012047F27C
S3250000B4400002C4F200029142009000F0D080FFE7019901204BF20002C4F205029142009089
S3250000B46000F0C580FFE70199012044F20002C4F202029142009000F0BA80FFE701990120D0
S3250000B4804CF20002C4F205029142009000F0AF80FFE70199012045F20002C4F202029142C0
S3250000B4A0009000F0A480FFE7019901204DF20002C4F205029142009000F09980FFE7019957
S3250000B4C0012046F20002C4F202029142009000F08E80FFE7019901204EF20002C4F2050250
S3250000B4E09142009000F08380FFE70199012047F20002C4F202029142009078D0FFE701992F
S3250000B50001204FF20002C4F20502914200906ED0FFE7019901204DF20002C4F203029142F3
S3250000B520009064D0FFE7019901200022C4F20602914200905BD0FFE70199012041F200025C
S3250000B540C4F206029142009051D0FFE70199012042F20002C4F206029142009047D0FFE7AE
S3250000B5600199012043F20002C4F20602914200903DD0FFE70199012044F20002C4F206020E
S3250000B5809142009033D0FFE70199012045F20002C4F206029142009029D0FFE701990120AA
S3250000B5A046F20002C4F20602914200901FD0FFE70199012047F20002C4F20602914200903E
S3250000B5C015D0FFE70199012048F20002C4F20602914200900BD0FFE7019847F20001CBF62D
S3250000B5E0F9710844B0FA80F040090090FFE7009800F0010002B0704788B007904EF2601045
S3250000B600C4F20F000168C1F38921029100686FF39F2003904EF26410C4F20F00016801F412
S3250000B620F852012101EB12210191006800F01F000130009000990798B0FBF1F007900298BA
S3250000B6404009059002980599A0EB411004900798039948430690079805994143069800EBB8
S3250000B66051100690079804994143069800EB9120069006980199B0FBF1F00690069808B08D
S3250000B6807047000083B0019000200090FFE7009805281AD8FFE70198009A42F29471C0F2D8
S3250000B6A0020151F8321088420AD8FFE7009942F29470C0F2020000EBC1004068029007E012
S3250000B6C0FFE7009801300090E1E700200290FFE7029803B07047000082B001900199012043
S3250000B6E043F60002CFF200029142009000F01F83FFE70199012043F60102CFF200029142DE
S3250000B700009000F01483FFE70199012043F20042CFF200029142009000F00983FFE70199D2
S3250000B720012043F20142CFF200029142009000F0FE82FFE70199012043F60042CFF20002F5
S3250000B7409142009000F0F382FFE70199012047F20042CFF200029142009000F0E882FFE799
S3250000B7600199012045F60002CFF200029142009000F0DD82FFE70199012043F20002CFF2BD
S3250000B78000029142009000F0D282FFE70199012049F60042CFF200029142009000F0C78279
S3250000B7A0FFE70199012041F20002CFF200029142009000F0BC82FFE70199012045F200423F
S3250000B7C0CFF200029142009000F0B182FFE70199012040F60002CFF200029142009000F02B
S3250000B7E0A682FFE70199012040F60102CFF200029142009000F09B82FFE70199012040F637
S3250000B8000202CFF200029142009000F09082FFE70199012040F60302CFF2000291420090F4
S3250000B82000F08582FFE70199012040F60402CFF200029142009000F07A82FFE7019901207B
S3250000B84040F60502CFF200029142009000F06F82FFE70199012040F60602CFF20002914229
S3250000B860009000F06482FFE70199012040F60702CFF200029142009000F05982FFE701990B
S3250000B880012040F60802CFF200029142009000F04E82FFE70199012040F60902CFF20002B6
S3250000B8A09142009000F04382FFE70199012040F60A02CFF200029142009000F03882FFE7D1
S3250000B8C00199012040F60B02CFF200029142009000F02D82FFE70199012040F60C02CFF2F9
S3250000B8E000029142009000F02282FFE70199012040F60D02CFF200029142009000F01782B4
S3250000B900FFE70199012040F60E02CFF200029142009000F00C82FFE70199012040F60F02AE
S3250000B920CFF200029142009000F00182FFE70199012040F61002CFF200029142009000F069
S3250000B940F681FFE70199012040F61102CFF200029142009000F0EB81FFE70199012041F22A
S3250000B9600042CFF200029142009000F0E081FFE70199012042F20002CFF20002914200900B
S3250000B98000F0D581FFE70199012042F20102CFF200029142009000F0CA81FFE70199012081
S3250000B9A042F20202CFF200029142009000F0BF81FFE70199012042F20302CFF20002914283
S3250000B9C0009000F0B481FFE70199012042F20402CFF200029142009000F0A981FFE7019911
S3250000B9E0012042F20502CFF200029142009000F09E81FFE70199012042F20602CFF2000210
S3250000BA009142009000F09381FFE70199012042F20702CFF200029142009000F08881FFE7D6
S3250000BA200199012042F20802CFF200029142009000F07D81FFE70199012042F20902CFF252
S3250000BA4000029142009000F07281FFE70199012049F20002CFF200029142009000F06781BC
S3250000BA60FFE70199012044F20002CFF200029142009000F05C81FFE70199012044F201021A
S3250000BA80CFF200029142009000F05181FFE70199012044F20042CFF200029142009000F089
S3250000BAA04681FFE70199012044F20142CFF200029142009000F03B81FFE70199012041F6F5
S3250000BAC00042CFF200029142009000F03081FFE70199012041F60142CFF200029142009016
S3250000BAE000F02581FFE70199012041F60242CFF200029142009000F01A81FFE7019901203C
S3250000BB0041F60342CFF200029142009000F00F81FFE70199012040F20042CFF20002914252
S3250000BB20009000F00481FFE70199012040F20142CFF200029142009000F0F980FFE70199D5
S3250000BB40012040F20242CFF200029142009000F0EE80FFE70199012040F20342CFF20002E9
S3250000BB609142009000F0E380FFE70199012040F20442CFF200029142009000F0D880FFE79C
S3250000BB800199012040F20542CFF200029142009000F0CD80FFE70199012040F20642CFF22C
S3250000BBA000029142009000F0C280FFE70199012040F20742CFF200029142009000F0B7807F
S3250000BBC0FFE70199012041F60002CFF200029142009000F0AC80FFE70199012041F6010268
S3250000BBE0CFF200029142009000F0A180FFE70199012041F60202CFF200029142009000F016
S3250000BC009680FFE70199012041F60302CFF200029142009000F08B80FFE70199012041F632
S3250000BC200402CFF200029142009000F08080FFE70199012041F60502CFF2000291420090DD
S3250000BC4075D0FFE70199012041F60602CFF20002914200906BD0FFE70199012041F6070277
S3250000BC60CFF200029142009061D0FFE70199012040F60042CFF200029142009057D0FFE71B
S3250000BC800199012042F60002CFF20002914200904DD0FFE701990120B1F1704F009046D0BE
S3250000BCA0FFE7019901200122CFF20002914200903DD0FFE70199012045F60042CFF20002A6
S3250000BCC09142009033D0FFE70199012045F60142CFF200029142009029D0FFE70199012019
S3250000BCE045F60242CFF20002914200901FD0FFE70199012045F60342CFF200029142009063
S3250000BD0015D0FFE70199012045F60442CFF20002914200900BD0FFE701984AF2FB31C0F678
S3250000BD20FF710844B0FA80F040090090FFE7009800F0010002B0704782B0019001990120F8
S3250000BD400022C4F203029142009000F08380FFE70199012041F20002C4F2030291420090B6
S3250000BD6078D0FFE70199012042F20002C4F20302914200906ED0FFE70199012043F200026A
S3250000BD80C4F203029142009064D0FFE70199012044F20002C4F20302914200905AD0FFE744
S3250000BDA00199012045F20002C4F203029142009050D0FFE7019901200022C4F20E029142EF
S3250000BDC0009047D0FFE70199012041F20002C4F20E02914200903DD0FFE70199012046F2D1
S3250000BDE00002C4F203029142009033D0FFE70199012047F20002C4F203029142009029D027
S3250000BE00FFE7019901204CF20002C4F20402914200901FD0FFE7019901204DF20002C4F295
S3250000BE2004029142009015D0FFE7019901204EF20002C4F20402914200900BD0FFE7019852
S3250000BE4041F20001CBF6FB710844B0FA80F040090090FFE7009800F0010002B07047000064
S3250000BE6087B00590049142F29830C0F2020000900C2001904EF20000C4F20F0000680021D0
S3250000BE80C7F2FF0108400021C1F20A01884208D1FFE742F2F830C0F20200009008200190DA
S3250000BEA0FFE700200290FFE70298019988421FD2FFE70098029950F831000599884212D132
S3250000BEC0FFE70098029900EBC100406803900498B0F57F4F04D1FFE7039801300390FFE74D
S3250000BEE00398069007E0FFE7029801300290DBE700200690FFE7069807B0704782B00190B4
S3250000BF00019901204CF20002C4F200029142009046D0FFE7019901204DF20002C4F2000255
S3250000BF20914200903CD0FFE7019901204EF20002C4F200029142009032D0FFE701990120EB
S3250000BF404FF20002C4F200029142009028D0FFE7019901200022C4F20102914200901FD0B7
S3250000BF60FFE70199012041F20002C4F201029142009015D0FFE70199012042F20002C4F257
S3250000BF800102914200900BD0FFE701984DF20001CBF6FE710844B0FA80F040090090FFE746
S3250000BFA0009800F0010002B07047000085B0039042F23840C0F202000090082001904EF2D8
S3250000BFC00000C4F20F0000680021C7F2FF0108400021C1F20A01884208D1FFE742F27840B8
S3250000BFE0C0F20200009008200190FFE700200290FFE702980199884214D2FFE700980299C3
S3250000C00050F831000399884207D1FFE70098029900EBC1004068049007E0FFE702980130CA
S3250000C0200290E6E700200490FFE7049805B0704780B586B0DDF820C0059004910392029385
S3250000C040FFE705980021C4F20501884208D0FFE742F6E360C0F202006D210BF08FFBFFE7CA
S3250000C060FFE7FFE70498A0B1FFE70498012810D0FFE7049802280CD0FFE70498032808D069
S3250000C080FFE742F6E360C0F202006F210BF076FBFFE7FFE7FFE7089801280CD0FFE70898AC
S3250000C0A0022808D0FFE742F6E360C0F2020070210BF064FBFFE7FFE70598807B01900498E7
S3250000C0C0059988730898012805D1FFE702980599039A885404E002980599039A8852FFE712
S3250000C0E001980599887306B080BD000082B001904EF20000C4F20F0000680021C7F2FF010B
S3250000C10008400021C1F20501884203D1FFE73C20009015E04EF20000C4F20F000068002104
S3250000C120C7F2FF0108400021C1F20A01884203D1FFE73A20009002E000200090FFE7FFE74D
S3250000C140009802B07047000080B582B00190FFE741F65820C2F2000004F02CF94FF4FA70D1
S3250000C1600DF0ECFEF4E7000080B584B0039040F68050C2F2000002F07BF94FF4FA600DF041
S3250000C180DDFE41F65820C2F20000019001F084FE019801F019FE40F66450C2F2000001F027
S3250000C1A0D5F940F60070C2F2000008F0F1F907F0C1FB42F61F41C0F2020107F0E3FB00207A
S3250000C1C003F0EEFA0EF00AFF0290FFE702A864210DF0DAFE40F66450C2F2000000F096FED9
S3250000C1E0F4E700004FF0FF30704700004FF0FF307047000081B00090009801B07047000053
S3250000C20080B582B00190019820210BF0DBFAC04302B080BD80B582B00190019820210BF0B7
S3250000C220D1FAC04302B080BD41F60F50704762B1884204BF0120704780B540684968F4F7FD
S3250000C24037FBB0FA80F0400980BD40684968401AB0FA80F0400970470BF007B880B5AFF3A8
S3250000C26000800821BDE880400BF0E8B880B5AFF300800C21BDE880400BF0E0B880B5AFF3BC
S3250000C28000801821BDE880400BF0D8B880B5AFF300800821BDE880400BF0D0B8B0B5C6B0AC
S3250000C2A0459044914392459827904498022840F08680FFE70DF20B10269001F043FA279886
S3250000C2C0269A43994968EC461323CCF80030002309F0A0FB01462698419109F093FB002872
S3250000C2E067D0FFE72798C06841990AF001F827990446179420686268A368D4F80CC0D4F8F1
S3250000C30010E065693995CDF8E0E0CDF8DCC0369335923490A069E269236AD4F824C0D4F8F4
S3250000C32028E0E46A3F94CDF8F8E0CDF8F4C03C933B923A9034A8189000F118021992496867
S3250000C340259109F017FB18988DED220B09F02CFB18988DED200B09F02FFB014619981F917F
S3250000C36009F008FB19988DED1C0B09F01DFB19988DED1A0B09F020FB9DED1A3B9DED1C2B44
S3250000C3801F9A9DED201B9DED220B0346259869460B6281ED063B81ED042B8A6081ED001B81
S3250000C3A053EC102B42F6EE31C0F2020109F05EFB04E02798022100F02FFEFFE74DE04498CD
S3250000C3C0012844D1FFE72798C16828A80A9007F03DFE27990A984968169109F0CBFA0A9895
S3250000C3E08DED140B09F0E0FA0A988DED120B09F0E3FA01460A98119118300B9009F0BAFAA1
S3250000C4000B988DED0E0B09F0CFFA0B988DED0C0B09F0D2FA9DED0C3B9DED0E2B119A9DED5C
S3250000C420121B9DED140B0346169869460B6281ED063B81ED042B8A6081ED001B53EC102BD4
S3250000C44042F6EE31C0F2020109F010FB04E02798022100F0E1FDFFE7FFE746B0B0BD000003
S3250000C46080B58CB00B900A9109920B9804900A9802283DD1FFE70DF12300039001F062F97D
S3250000C4800998406801900AF025FC02900AF01EFC0199029B039A84460498EE46CEF800C007
S3250000C4A009F0B8FA01460398079109F0ABFAC8B1FFE7049800210691C068079906AA07F091
S3250000C4C0DFFD014604988DF8171040689DF8171001F00102069B42F6C731C0F2020109F014
S3250000C4E0C5FA04E00498022100F096FDFFE704E00498022100F090FDFFE70CB080BD00006C
S3250000C50080B584B003900291019203980090029801280DD1FFE70098C06807F0D9FF00981A
S3250000C520406842F6BA31C0F2020109F09FFA04E00098022100F070FDFFE704B080BD000010
S3250000C54080B594B0139012911398049012980A38014605910A2800F2FD800599DFE811F007
S3250000C5600B003B001A00FA002A004C008600A300C000DD006900049841680391C06809F0BC
S3250000C580C3FE0246039842F6C231C0F2020109F06DFAE4E00498416802918068002109F013
S3250000C5A08DFA0246029842F6C231C0F2020109F05DFAD4E0049841680191806840300021D8
S3250000C5C009F07CFA0246019842F6C231C0F2020109F04CFAC3E004984168009180688030D5
S3250000C5E0002109F06BFA0246009842F6C231C0F2020109F03BFAB2E00498C06808F014F86E
S3250000C6000DF1470108F076FA1090109858B9FFE7049840689DF8472042F6C231C0F2020107
S3250000C62009F024FA04E00498642100F0F5FCFFE795E00498C06807F0F7FF0DF13F0108F0B5
S3250000C64071FA0E900E9858B9FFE7049840689DF83F2042F6C231C0F2020109F007FA04E038
S3250000C6600498642100F0D8FCFFE778E00498C06807F0DAFF0DF1370108F0B8FA0C900C98DD
S3250000C68058B9FFE7049840689DF8372042F6C231C0F2020109F0EAF904E00498642100F0BC
S3250000C6A0BBFCFFE75BE00498C06807F0BDFF0DF12F0108F083FA0A900A9858B9FFE70498B3
S3250000C6C040689DF82F2042F6C231C0F2020109F0CDF904E00498642100F09EFCFFE73EE096
S3250000C6E00498C06807F0A0FF0DF1270108F0AEFA0890089858B9FFE7049840689DF82720C5
S3250000C70042F6C231C0F2020109F0B0F904E00498642100F081FCFFE721E00498C06807F07D
S3250000C72083FF0DF11F0108F079FA0690069858B9FFE7049840689DF81F2042F6C231C0F2C8
S3250000C740020109F093F904E00498642100F064FCFFE704E00498022100F05EFCFFE714B079
S3250000C76080BD000080B5AAB029902891279226932998159028980B38014616910A2800F288
S3250000C780C7811699DFE811F074000B00C4013F00A900C401C401C401C401E80027010DF186
S3250000C7A09700149000F0CEFF2698806812900AF091FA13900AF08AFA1299139B149A8446BC
S3250000C7C01598EE46CEF800C009F024F901461498249109F017F980B1FFE7159809F00AF965
S3250000C7E058B1FFE7159880682499002201F090FC1598562100F08EFB04E01598022100F012
S3250000C8000BFCFFE789E10DF18F00119000F09AFF269880680F900AF05DFA10900AF056FA84
S3250000C8200F99109B119A84461598EE46CEF800C009F0F0F801461198229109F0E3F888B132
S3250000C840FFE7159809F0D6F860B1FFE71598806840302299002201F05BFC1598562100F043
S3250000C86059FB04E01598022100F0D6FBFFE754E10DF187000E9000F065FF269880680C9015
S3250000C8800AF028FA0D900AF021FA0C990D9B0E9A84461598EE46CEF800C009F0BBF80146AB
S3250000C8A00E98209109F0AEF888B1FFE7159809F0A1F860B1FFE71598806880302099002207
S3250000C8C001F026FC1598562100F024FB04E01598022100F0A1FBFFE71FE10DF17F000B90CE
S3250000C8E000F030FF2698806809900AF0F3F90A900AF0ECF909990A9B0B9A84461598EE46DE
S3250000C900CEF800C009F086F801460B981E9109F079F8D8B1FFE71598C06807F085FE9DF8BE
S3250000C920781008F017F91D901D9848B9FFE71598406842F6BE31C0F2020109F097F804E07B
S3250000C9401598642100F068FBFFE704E01598022100F062FBFFE7E0E00DF17300089000F0C6
S3250000C960F1FE2698806806900AF0B4F907900AF0ADF90699079B089A84461598EE46CEF854
S3250000C98000C009F047F8014608981B9109F03AF8D8B1FFE71598C06807F046FE9DF86C104B
S3250000C9A008F0F2F81A901A9848B9FFE71598406842F6BE31C0F2020109F058F804E0159841
S3250000C9C0642100F029FBFFE704E01598022100F023FBFFE7A1E00DF16700059000F0B2FE0F
S3250000C9E02698806803900AF075F904900AF06EF90399049B059A84461598EE46CEF800C090
S3250000CA0009F008F801460598189108F0FBFF002878D0FFE71898029040B1FFE70298012866
S3250000CA201CD0FFE7029802283FD065E01598C06807F0FAFD0021019108F010FB1598C068B8
S3250000CA4007F0F2FD019908F019FB1598406842F6BE31C0F2020109F009F852E01598C06812
S3250000CA6007F0E2FD0DF15F0108F0A8F81598C06807F0DAFD9DF85F1008F06CF81598C0680C
S3250000CA8007F0D2FD012108F0E9FA1598C06807F0CBFD002108F0F2FA1598406842F6BE31B8
S3250000CAA0C0F2020108F0E2FF2BE01598C06807F0BBFD0DF15E0108F0B1F81598C06807F089
S3250000CAC0B3FD9DF85E1008F05FF81598C06807F0ABFD002108F0C2FA1598C06807F0A4FD98
S3250000CAE0012108F0CBFA1598406842F6BE31C0F2020108F0BBFF04E01598022100F08CFA44
S3250000CB00FFE704E01598022100F086FAFFE704E01598022100F080FAFFE72AB080BD000004
S3250000CB2080B588B0079006910592079802900698022822D1FFE70DF11300019000F002FE59
S3250000CB400298019A0599496808F0F4FE01460198039108F057FF50B1FFE70298C06803995A
S3250000CB6007F038F802985A2100F0D4F904E00298022100F051FAFFE704E00298022100F063
S3250000CB804BFAFFE708B080BD80B5ACB02B902A9129922B981A902A98012851D1FFE71CA889
S3250000CBA00C9000F099F91A980C99C06807F04EF91A9902460C988DF86F20496819919DF8F1
S3250000CBC06F1001F00101189108F0D4FE0C988DED160B08F0E9FE0C988DED140B08F0ECFE2D
S3250000CBE001460C98139118300D9008F0C3FE0D988DED100B08F0D8FE0D988DED0E0B08F0CA
S3250000CC00DBFE9DED0E3B9DED102B139B9DED141B9DED160B189A844619986946C1F828C00E
S3250000CC2081ED083B81ED062B0B6181ED021B81ED000B42F6CF31C0F2020108F017FF04E04F
S3250000CC401A98022100F0E8F9FFE72CB080BD000080B586B00490039102920498009003983B
S3250000CC6001900A38032805D3FFE701980E38072806D8FFE70299012008608DF8170007E079
S3250000CC8000980399029A00F065FD8DF81700FFE79DF8170006B080BD80B59EB01D901C916E
S3250000CCA01B921D980D9042F6BC31C0F202011AA80F9005F0E5FD1B98016819A80E9005F0ED
S3250000CCC0DFFD0F980E9909F013FA01460E98109105F0DEFD0F9805F0DBFD109830B1FFE7DD
S3250000CCE00D981C991B9AFFF7D9FA95E042F6B831C0F2020118A80B9005F0C2FD1B980168E0
S3250000CD0017A80A9005F0BCFD0B980A9909F0F0F901460A980C9105F0BBFD0B9805F0B8FD5E
S3250000CD200C9830B1FFE70D981C991B9AFFF798FB71E042F6BA31C0F2020116A8089005F076
S3250000CD409FFD1B98016815A8079005F099FD0898079909F0CDF901460798099105F098FD2D
S3250000CD60089805F095FD099830B1FFE70D981C991B9AFFF7C5FB4DE042F6C031C0F202014E
S3250000CD8014A8059005F07CFD1B98016813A8049005F076FD0598049909F0AAF90146049842
S3250000CDA0069105F075FD059805F072FD069830B1FFE70D981C991B9AFFF7B2FE29E042F613
S3250000CDC0D941C0F2020112A8029005F059FD1B98016811A8019005F053FD0298019909F00F
S3250000CDE087F901460198039105F052FD029805F04FFD039830B1FFE70D981C991B9AFFF7B3
S3250000CE00C3FE05E00D981C991B9A00F057FDFFE7FFE7FFE7FFE7FFE71EB080BD80B584B021
S3250000CE20039002910192039800900299019A00F097FE009841F60C31C0F2020108310160F2
S3250000CE4004B080BD88B007908DED040B8DED021B019107989DED040B80ED000B9DED020B13
S3250000CE6080ED020B0199016108B0704781B000900098002141600160C1608160016101B036
S3250000CE807047000010B583B00290019100920298019C21686268A368D4F80CC0D4F810E03E
S3250000CEA064694461C0F810E0C0F80CC0836042600160009C21686268A368D4F80CC0D4F88A
S3250000CEC010E06469C462C0F828E0C0F824C00362C261816103B010BD80B582B00190019892
S3250000CEE00090FFF7C3FF00981830FFF7BFFF009802B080BD81B00090009841F62831C0F22E
S3250000CF0002010831016001B07047000081B0009001B0704780B582B001908DF803100198B4
S3250000CF200021ADF800109DF803108DF80010406842F6F141C0F202016A4608F097FD02B023
S3250000CF4080BD000080B584B0039002910192039800900298012819D1FFE706F0EBFC009938
S3250000CF604A69896906F046FD50B1FFE7009948688A6942F69241C0F2020108F077FD04E09A
S3250000CF8000980B2100F048F8FFE714E0029802280BD1FFE706F0CEFC0199496806F082FDB7
S3250000CFA000985121FFF7B6FF04E00098022100F033F8FFE7FFE704B080BD000080B586B0D4
S3250000CFC005900491039205980190049802281BD1FFE701980399496800F0C2FAADF80A0085
S3250000CFE0BDF80A0048B9FFE70198406842F6CA41C0F2020108F03AFD05E00198BDF80A10D0
S3250000D00000F00AF8FFE704E00198022100F004F8FFE706B080BD000080B582B00190ADF830
S3250000D020021001984068BDF8022042F6DB41C0F2020108F01BFD02B080BD000080B586B04D
S3250000D040059004910392059801900498012818D1FFE74FF400200290FFE702990020B0EB18
S3250000D060115F09D1FFE70298F6F75AFFFFE7029800F580400290F0E701984621FFF74AFFBD
S3250000D08004E001980221FFF7C7FFFFE706B080BD80B584B00390029101920398009002986E
S3250000D0A0032806D1FFE700980299019A00F04CF90FE00298022806D1FFE700980299019A41
S3250000D0C000F082F804E000980221FFF7A5FFFFE7FFE704B080BD000080B588B0079006914F
S3250000D0E00592079800900DF11300019000F02AFB0098019A0599496808F064FC01460198F3
S3250000D100029108F07FFCC0B1FFE7009802990268136903AA984750B1FFE700984068039A43
S3250000D12042F6E041C0F2020108F0A0FC04E000980221FFF771FFFFE704E000980221FFF7C7
S3250000D1406BFFFFE708B080BD80B584B003900291019203980090029801280ED1FFE741F678
S3250000D1605820C2F2000060300121002208F006FE00985221FFF7CEFE04E000980221FFF74B
S3250000D1804BFFFFE704B080BD80B586B005900491039205980290049801280ED1FFE70298EB
S3250000D1A04168019100F0FCFA0246019842F6E541C0F2020108F05AFC04E002980221FFF76F
S3250000D1C02BFFFFE706B080BD80B5AEB02D902C912B922D9805900DF1AB00069000F0B2FA47
S3250000D1E00598069A2B99496808F0ECFB01460698299108F007FC002800F09480FFE729982B
S3250000D2000490042800F287800499DFE801F00310844376000598406842F6EF41C0F2020148
S3250000D22042F69D42C0F2020208F020FC79E041F65820C2F20000943019A9039140220023AC
S3250000D24008F028FFFEF7CEFF03991890189804313C220AF0D9FA18901898FEF7D1FF1890CE
S3250000D2601898199988420BD1FFE70598406819A90A1D42F6EF41C0F2020108F0F7FB08E09D
S3250000D2800598406842F69941C0F2020108F0EEFBFFE746E041F65820C2F20000A43008A9A7
S3250000D2A002914022002308F0F5FEFEF79BFF02990790079804313C220AF0A6FA07900798A2
S3250000D2C0FEF79EFF07900798089988420BD1FFE70598406808A90A1D42F6EF41C0F2020119
S3250000D2E008F0C4FB08E00598406842F69941C0F2020108F0BBFBFFE713E00598416801911E
S3250000D30008F078FB0246019842F6C231C0F2020108F0ACFB05E005982999026892689047BD
S3250000D320FFE704E005980221FFF776FEFFE72EB080BD000080B582B00190009101980221AD
S3250000D340FFF76AFE02B080BD80B5ACB02B902A9129922B9805900DF1A300069000F0F2F94E
S3250000D3600598069A2999496808F02CFB01460698279108F047FB002800F0AA80FFE727981A
S3250000D3800490012808D0FFE7049803283FD0FFE70498042876D090E0059808F02BFB80B3E4
S3250000D3A0FFE729988068F3F7A1F93B2829D8FFE717A8039004300290299989683B22F3F7F8
S3250000D3C04AFAFEF70FFF0299179017983C220AF01BFA17901798FEF713FF0399179041F6CB
S3250000D3E05820C2F2000094304022002305F0FEF90598406842F6BE31C0F2020108F036FB7C
S3250000D40004E005980221FFF707FEFFE75FE0059808F0F0FA80B3FFE729988068F3F766F9B8
S3250000D4203B2829D8FFE707A8019004300090299989683B22F3F70FFAFEF7D4FE009907909E
S3250000D44007983C220AF0E0F907900798FEF7D8FE0199079041F65820C2F20000A43040222B
S3250000D460002305F0C3F90598406842F6BE31C0F2020108F0FBFA04E005980221FFF7CCFD61
S3250000D480FFE724E02998806842F6A341C0F20201F3F70EFA58B9FFE705980121017440685D
S3250000D4A042F6BE31C0F2020108F0E0FA04E005980221FFF7B1FDFFE709E0059827992A9A80
S3250000D4C0299BD0F800C0DCF80CC0E047FFE704E005980221FFF7A0FDFFE72CB080BD000017
S3250000D4E080B584B0039002910192009303980221FFF792FD04B080BD80B584B003900291AE
S3250000D5000192039841680091C06807F041F80246009842F6EA41C0F2020108F0A7FA04B000
S3250000D52080BD000082B00190009101990098486002B0704780B584B0039002910192039854
S3250000D5404121FFF7E7FC04B080BD000080B582B001900198C06806F06DFD02B080BD000091
S3250000D56080B590B00F900E910020ADF836000E98F3F7BCF80C900C980A28C0F0D280FFE759
S3250000D5800E980078532840F0CC80FFE700208DF82F008DF82E0002200A90FFE70A980C991A
S3250000D5A00239884217D2FFE70E980A99084442F6D541C0F202010DF12D02F2F7CBFF9DF884
S3250000D5C02D109DF82F0008448DF82F00FFE70A9802300A90E2E70E980C990844023842F61E
S3250000D5E0D541C0F202010DF12E02F2F7B3FF9DF82F00C0438DF82F009DF82F009DF82E107F
S3250000D600884240F08980FFE70E984078303801460491072800F27B800499DFE801F0777819
S3250000D62078047877787702200990002003908DF8230007900E980999084442F6CC41C0F252
S3250000D64002010DF1230207ABF2F784FF03989DF82310053989088DF8231009990A3109911F
S3250000D6600590FFE705999DF8232000209142029007D2FFE7BDF83600B0FA80F0400902908F
S3250000D680FFE70298C00700283FD0FFE70E980999084442F6D541C0F20201009106AA0192B5
S3250000D6A0F2F758FF0099019A0E98099B184402300132F2F74FFF0099019A0E98099B1844D4
S3250000D6C004300232F2F746FF0099019A0E98099B184406300332F2F73DFF01980799059A6C
S3250000D6E001EB820101F504210422F6F75FFC20B1FFE70420ADF83600FFE70998083009901E
S3250000D700FFE7059801300590ACE704E003E00520ADF83600FFE703E00620ADF83600FFE7B0
S3250000D72003E00720ADF83600FFE7BDF8360010B080BD000081B0009000990020087001B08D
S3250000D7407047000081B0009000980121017001B07047000085B004900391029201208DF821
S3250000D760070003980090022808D3FFE70098032804D0FFE70098042804D007E002990020CF
S3250000D780086007E002990120086003E000208DF80700FFE79DF8070000F0010005B07047A2
S3250000D7A080B586B004904FF40420039000200290FFE7039844F2FF21C0F20801884214D870
S3250000D7C0FFE703980190019800684AF65521CAF65521884201D1FFE707E0FFE70398013029
S3250000D7E00390029801300290E3E7019800684AF65521CAF65521884258D1FFE7FEF7F2FCC0
S3250000D800009000980199182209F0FEFF00900098FEF7F6FC0090009801998969884204D0AF
S3250000D820FFE700208DF8170044E0FEF7DBFC00900098029A4FF4042109F0E6FF009000981E
S3250000D840FEF7DEFC0090009801990969884204D0FFE700208DF817002CE0FEF7C3FC00902F
S3250000D8600098019A9168D26801F5002109F0CCFF00900098FEF7C4FC009000980199496910
S3250000D880884212D1FFE70198406844F20421C0F200010968884204D1FFE701208DF81700ED
S3250000D8A008E000208DF8170004E0FFE700208DF81700FFE79DF8170006B080BD80B5B2B01C
S3250000D8C0319030912F923198199042F6C441C0F202012EA81B9004F0D3FF2F9801682DA84F
S3250000D8E01A9004F0CDFF1B981A9908F001FC01461A981C9104F0CCFF1B9804F0C9FF1C98D5
S3250000D90038B1FFE7199830992F9A03685B68984724E142F6C641C0F202012CA8179004F07A
S3250000D920AFFF2F9801682BA8169004F0A9FF1798169908F0DDFB01461698189104F0A8FF87
S3250000D940179804F0A5FF189830B1FFE7199830992F9AFFF773FB00E143F23841C0F2020118
S3250000D9602AA8149004F08CFF2F98016829A8139004F086FF1498139908F0BAFB0146139898
S3250000D980159104F085FF149804F082FF159830B1FFE7199830992F9AFFF7D6FBDCE042F6D0
S3250000D9A0CA41C0F2020128A8119004F069FF2F98016827A8109004F063FF1198109908F095
S3250000D9C097FB01461098129104F062FF119804F05FFF129830B1FFE7199830992F9AFFF723
S3250000D9E0EDFAB8E042F6BE31C0F2020126A80E9004F046FF2F98016825A80D9004F040FF54
S3250000DA000E980D9908F074FB01460D980F9104F03FFF0E9804F03CFF0F9830B1FFE719989B
S3250000DA2030992F9AFFF734FB94E043F24041C0F2020124A80B9004F023FF2F98016823A8D2
S3250000DA400A9004F01DFF0B980A9908F051FB01460A980C9104F01CFF0B9804F019FF0C98A4
S3250000DA6030B1FFE7199830992F9AFFF78DFB70E042F67301C0F2020122A8089004F000FF12
S3250000DA802F98016821A8079004F0FAFE0898079908F02EFB01460798099104F0F9FE089898
S3250000DAA004F0F6FE099830B1FFE7199830992F9AFFF722FD4CE042F6C841C0F2020120A8CE
S3250000DAC0059004F0DDFE2F9801681FA8049004F0D7FE0598049908F00BFB014604980691D6
S3250000DAE004F0D6FE059804F0D3FE069830B1FFE7199830992F9AFFF7EFFA28E043F293118E
S3250000DB00C0F202011EA8029004F0BAFE2F9801681DA8019004F0B4FE0298019908F0E8FA0C
S3250000DB2001460198039104F0B3FE029804F0B0FE039830B1FFE7199830992F9AFFF702FAF3
S3250000DB4004E019980121FFF767FAFFE7FFE7FFE7FFE7FFE7FFE7FFE7FFE7FFE732B080BD7C
S3250000DB6080B584B003900291019203980090FFF7C1F9009841F63431C0F20201083101601F
S3250000DB8000214160029A8260019AC260017480214161406909F054FC01460098816104B063
S3250000DBA080BD000080B588B0079006910798039041F65031C0F20201083140F8041B0490C4
S3250000DBC006980590B0F1FF3F02DCFFE709F080FC059809F035FC049A01460398116006999D
S3250000DBE081600C30029009F079F8019009F076F8019A03460298002101F068FD039808B0C6
S3250000DC0080BD000081B00090FEDE000080B584B0029002980090039041F65031C0F20201FF
S3250000DC20083101604068019020B1FFE7019809F0E6FBFFE700980C3001F0A0FD039804B04A
S3250000DC4080BD000080B590B00F900E910F980D900E9904316B4600220C921A62DA619A618B
S3250000DC605A611A61DA609A6078225A6001220A921A60022240F6B8330B9300F08BFA0D98AA
S3250000DC800A9A0B9BDDF830E040300E990431EC46CCF820E0CCF81CE0CCF818E0CCF814E0D9
S3250000DCA0CCF810E0CCF80CE0CCF808E04FF0FF0ECCF804E0CCF80020042200F06BFA0D9856
S3250000DCC00A9A0B9BDDF830E080300E990431EC46CCF820E0CCF81CE0CCF818E0CCF814E059
S3250000DCE0CCF810E0CCF80CE0CCF808E04FF0640ECCF804E0CCF80020052200F04BFA0D98D0
S3250000DD0010B080BD80B582B0019001980090803000F0BAFA0098403000F0B6FA009800F05B
S3250000DD20B3FA009802B080BD80B586B0059004910598029004980390042838D80399DFE817
S3250000DD4001F0030D17212B000298B430694600230B6019461A4600F01DFF28E00298B4304D
S3250000DD60694600230B60FF211A4600F013FF1EE00298B430694600230B60FF22194600F0B5
S3250000DD8009FF14E00298B430694600220A60FF23114600F0FFFE0AE00298B4306A46FF212A
S3250000DDA01160002319461A4600F0F4FEFFE70298B43000F0B5FE06B080BD000040F6B850F0
S3250000DDC0C2F200000068704780B582B0019001982830702102F0B0FD02B080BD80B58AB0F3
S3250000DDE00990099806906A460021079111604D21012202920923039302F02EFA029A039B38
S3250000DE000698079900F59E70EC46CCF80010302102F022FA069828300490FFF7CFFF0346BF
S3250000DE2004986A46602151604FF4614111604021412202F08BFE04980699483102F00CFF18
S3250000DE4004980699543102F00FFF0698B4300590FFF7B4FF024605983B2100F0E5FF069889
S3250000DE6060300890FFF7AAFF079A0146089803F00DFCF7F7D7F9FFF7A1FF44F6D351C1F2EC
S3250000DE806201A0FB01108009F8F7DAF8F8F7CEF8F8F7C2F80AB080BD80B588B0079007982B
S3250000DEA0049041F65820C2F20000943040F67C61C2F2000105914022002308F0EBF8FEF7EE
S3250000DEC095F905990690069804313C2209F09CFC06900698FEF79EF90599069006980968B5
S3250000DEE088420CD0FFE740F67C60C2F20000043042F60651C0F20201F2F7D4FBFFE708208C
S3250000DF0009F0A0FA0290242009F09CFA019040F67C61C2F200010B1D42F60C51C0F2020138
S3250000DF2042F62F52C0F2020201F0CAFD0298019B41F6BE41032201F08DFF04980299C1604E
S3250000DF40C0680390FFF73AFF014603986B464FF480721A604FF4D062002301F0AFFE0499BC
S3250000DF60C868103101F05AFF0499C8681C3101F05FFF08B080BD000080B588B007900798DF
S3250000DF8006900121059102F027FA069800210191C16010304FF48061029101F0C5FA069863
S3250000DFA01C30642101F0C0FA0698283002F06AFE069848308021009101F0B6FA069800996F
S3250000DFC0543001F0B1FA0698603003F0A1FB06987030039003F0F8FA0698019A029B039936
S3250000DFE0843004F019FC0698029A039994304023049304F011FC06980399049BA4304FF4D9
S3250000E000886204F009FC0698B430122100F07CFC0698059900F59E7002F0DEF9069808B09C
S3250000E02080BD000080B582B0019001980090B43000F08CFC0098703003F0F4FA009802B0BD
S3250000E04080BD000080B584B0039002910192039800900298002801D4FFE70AE042F61D0074
S3250000E060C0F2020042F63921C0F202017522F2F7D9FA0298012801D8FFE70AE042F2C47078
S3250000E080C0F2020042F63921C0F202017622F2F7C9FA0098029900EB8100806A019988424E
S3250000E0A009D0FFE700990198029A01EB8202906201200874FFE700983030002109F0CCF812
S3250000E0C038B1FFE7009830300299019A08F0E2FAFFE704B080BD000080B582B00190019801
S3250000E0E00090007CC00788B1FFE7009807F036FD30B1FFE700994868026892689047FFE735
S3250000E10000994868026852689047FFE702B080BD80B584B0039002910192039800900199F9
S3250000E120029A03685B699847009801688969884704B080BD80B586B00590059803903030EC
S3250000E140002109F089F810B3FFE700200490FFE70398049902910168096988470146029885
S3250000E160884213D2FFE7039804990091034653F8302B0193D268904700990246019808F035
S3250000E18089FAFFE7049801300490E1E7FFE706B080BD0000B0B59AB084462698259824985E
S3250000E1A023982298219820981F981E98CDF860C017918DF85B2015938DF8530018980690B3
S3250000E1C0199041F62841C0F2020101F10802079202602C31099140F8241F089017980590F6
S3250000E1E004F0FAFE0599024606989DF85B3000F1280C159C9DF853E00EF00105EE46CEF8ED
S3250000E2000850CEF80440CEF800C000F0FFFA089800F04EF80698079B089A099903601160F9
S3250000E220303000210A9108F0F7FF0A981F990C9120990D9121990E9122990F91239910916F
S3250000E2402499119125991291269913910B90FFE706980B99049101680969884701460498B0
S3250000E26088420DD2FFE706990B9A0CA850F8220001EB82018862FFE70B9801300B90E7E72B
S3250000E28019981AB0B0BD000080B582B001900198009041F62841C0F2020101F108020260BC
S3250000E2A02C314162303008F0C3FF009802B080BD81B00090009841F66841C0F20201083190
S3250000E2C0016001B07047000080B58CB00B900B98039090F83400C00720B9FFE7039800F060
S3250000E2E0C7F8FFE703980C300A900A9807F0B0FD09900A9807F094FD0890FFE709A808A919
S3250000E30007F0BAFDA0B3FFE709A807F0ADFD014608684968079106900798029070B1FFE7F0
S3250000E320029841F22011C0F2020141F20C12C0F20202002309F098F9019002E0002001904C
S3250000E340FFE701980590059860B1FFE7059807F0E7FB30B1FFE7039805990268926890475E
S3250000E360FFE7FFE7FFE709A803F020FD0490C5E70CB080BD80B58AB008908DF81F10069298
S3250000E380059308980390059900200860FFE70398059909680C310291806801680969884794
S3250000E3A00146029888422DD2FFE7039880680699059A13680268D2F800C00C22E0470DF144
S3250000E3C01200019004F054FF019806990A2204F043FF019807F086FF0699498988420BD187
S3250000E3E0FFE79DF81F000699097A884204D1FFE701208DF8270009E0FFE7059908680C30F0
S3250000E4000860C4E700208DF82700FFE79DF827000AB080BD80B588B00790069107980190B3
S3250000E420806808B1FFE70AE043F26160C0F2020043F2CA61C0F20201C922F2F7F3F8069849
S3250000E44007F096FB0146019803AA02ABFFF792FF58B1FFE70698C1680398049A4A6008606C
S3250000E4600698016849688847FFE708B080BD000080B58CB00B900B9803900C300A900A987A
S3250000E48007F0E6FC09900A9807F0CAFC0890FFE709A808A907F0F0FC90B3FFE709A807F011
S3250000E4A0E3FC014608684968079106900798029070B1FFE7029841F22011C0F2020141F2C3
S3250000E4C00C12C0F20202002309F0CEF8019002E000200190FFE701980590059850B1FFE7C4
S3250000E4E0059807F03BFB28B1FFE703980599FFF791FFFFE7FFE709A803F058FC0490C7E7C8
S3250000E5000399012081F834000CB080BD80B588B00790069107980190806808B1FFE70AE056
S3250000E52043F26160C0F2020043F2CA61C0F20201B122F2F777F8069807F01AFB0146019861
S3250000E54003AA02ABFFF716FF30B1FFE701980699029A00F01BF817E0019802A900F0A4F8EB
S3250000E56030B1FFE701980699029A00F00FF80AE043F27A70C0F2020043F2CA61C0F2020131
S3250000E580C222F2F74FF8FFE708B080BD80B58AB0099008910792099802900898C1680868E0
S3250000E5A0496805910490089807F0E8FA8DF819000898407A8DF818000DF10E00009004F0DC
S3250000E5C057FE009804A901910A2204F045FE009807F088FE019902460298ADF81A2080684E
S3250000E5E0079B0268D2F804C00C22E0470AB080BD80B584B0039002918DF8072003980C301D
S3250000E6009DF80710029A03F0FFFA04B080BD000080B590B00F900E910F98039000F12801C8
S3250000E6200DA800F0F9FD039801218DF8331018300B900B9807F0BAFD0A900B9807F09EFDB1
S3250000E6400990FFE70AA809A907F0C2FDF0B1FFE70AA807F0B7FD00680890089801900E995F
S3250000E6600DF11600029000F0C5F80198029902681268904720B9FFE700208DF83300FFE7D5
S3250000E680FFE70AA804F01CFA0490DBE79DF83300C00720B1FFE70E9800F0A0F8FFE70DA86D
S3250000E6A000F0CEFD10B080BD80B58CB00A9009910A980490099900200860FFE70498099973
S3250000E6C009680C310391806801680969884701460398884227D2FFE70498806809990B683C
S3250000E6E00168D1F800C006A901910C22E0470DF11600029004F0BCFD029801990A2204F0E5
S3250000E700ABFD029807F0EEFDBDF82210884204D0FFE701208DF82F0009E0FFE709990868AE
S3250000E7200C300860CAE700208DF82F00FFE79DF82F000CB080BD000080B586B00590049172
S3250000E7400598029001F0DAF80298043000F092F8029841F68441C0F2020101F108020260D0
S3250000E76020314160049981600C3003F02BFB0298183004F0B1F902982830019008F0AEFA2B
S3250000E780009008F0ABFA009A034601980021039100F09CFF0298039980F8341006B080BDA5
S3250000E7A080B582B001900198009041F68441C0F2020101F10802026020314160283000F0E9
S3250000E7C0DDFF0098183004F0A3F9009802B080BD81B00090012001B07047000080B582B0AF
S3250000E7E00190019800210174143000F03BFD02B080BD000080B582B00191019B197A5A7AFC
S3250000E800DB6800F069F802B080BD000080B586B084460A98DDF824E0DDF820E0CDF814C051
S3250000E82004918DF80F208DF80E308DF80D000598029004999DF80F209DF80E30DDF820C01C
S3250000E840EE46CEF800C000F021F8029841F6B041C0F2020108310160143000F011FD029802
S3250000E8600999C1619DF80D1001F0010180F8201006B080BD81B00090009841F6C041C0F24B
S3250000E88002010831016001B07047000080B584B0DDF818C0039002918DF807208DF80630CA
S3250000E8A00399009141F6D440C0F2020008300860029848609DF8070008729DF806004872D9
S3250000E8C00698C86002989DF8062003681B689847009804B080BD000083B002908DF8071060
S3250000E8E08DF80620009302989DF8071001709DF806104170009A11685268C0F80620C0F85E
S3250000E900021003B07047000080B586B005908DF81310059803909DF813106A46516043F64B
S3250000E9208001C0F20101116040F2E2414FF496724FF4167300F0EEFB039841F6E041C0F241
S3250000E94002010831016006B080BD000080B582B001900198009000F03BFC009802B080BD52
S3250000E96080B586B0DDF820C0059004910392029305990191049889680AF0F4FA0199049842
S3250000E980C968039A029BDDF820C0EE46CEF800C00AF0B4FB019800680AF046FB06B080BDBF
S3250000E9A080B584B0039002910399019101F17000D1F8801007F0E8F830B1FFE7019890F81A
S3250000E9C06C00C00778B9FFE7019901F17000D1F8841007F0D9F878B1FFE7019890F86D0029
S3250000E9E0C00748B1FFE702980168496888470198503000F0D1FDFFE7019901F17000D1F866
S3250000EA00801007F0C1F868B1FFE70198C06840B1FFE70198D0F8801000F16C0200F046F89B
S3250000EA20FFE7FFE7019901F17000D1F8841007F0ABF868B1FFE70198C06840B1FFE70198E1
S3250000EA40D0F8841000F16D0200F030F8FFE7FFE704B080BD80B584B0039002910192039862
S3250000EA600090029820B1FFE7029801281BD1FFE70099029A1420002A08BF122008670F20F0
S3250000EA8048674FF0404088670198C867086FC1F88000086F40F02000C1F88400086F496F68
S3250000EAA00AF0FCF9FFE704B080BD000080B588B007900691059207980290002104910391DD
S3250000EAC000F10C0140F69070C0F2020008F018FA029B006804900498C001039003F1700051
S3250000EAE00699D3F808C05A699B696244DDF80CC0EE46CEF800C0FFF733FF0298049AC1688D
S3250000EB00891AC160039A816811448160C06820B9FFE7059901200870FFE708B080BD000076
S3250000EB2080B584B0039003980290503000F06EFD02980021024602F86C1F80F86D104368A3
S3250000EB40C3608160D0F88010FFF7B0FF0298C06840B1FFE70298D0F8841000F16D02FFF7C9
S3250000EB60A5FFFFE7029881690020087001200BF0E5F902981C304FF49671032202F0E6F9C9
S3250000EB8002985030019000F041FD019800F06EFD04B080BD70B588B084460C98CDF81CC045
S3250000EBA08DF81B108DF81A208DF819308DF818000798049000208DF81700FFE79DF81700F4
S3250000EBC0072830D8FFE700208DF81600FFE704999DF81600496888421ED2FFE704989DF8A7
S3250000EBE017109DF816209DF81B309DF81AE09DF819509DF81860D0F800C0DCF804C06C46D1
S3250000EC00A6606560C4F800E0E047FFE79DF8160001308DF81600DAE7FFE79DF8170001307F
S3250000EC208DF81700CAE708B070BD0000B0B586B094468E4604460C980B990A9A05948DF8FF
S3250000EC4013E08DF812C08DF811308DF810208DF80F108DF80E00059900919DF8120049682B
S3250000EC60884205D2FFE79DF81300082801D3FFE7D8E09DF81310012088408DF80D0000206A
S3250000EC800290FFE70298072800F2CC80FFE700989DF81210C901029AC2F1070201EB820129
S3250000ECA001914169019AFF2088549DF810000299C840C00750B1FFE700989DF80D20416982
S3250000ECC00198014448781043487009E000989DF80D20416901980144487890434870FFE789
S3250000ECE00098426901990A44002191704369019A1A44D170416901980144FF2081F820009B
S3250000ED009DF811000299C840C00760B1FFE700989DF80D2041690198014491F82100104307
S3250000ED2081F821000BE000989DF80D2041690198014491F82100904381F82100FFE70098D1
S3250000ED40426901990A44002182F822104369019A1A4482F82310416901980144FF2081F8DB
S3250000ED6040009DF80F000299C840C00760B1FFE700989DF80D2041690198014491F841009C
S3250000ED80104381F841000BE000989DF80D2041690198014491F84100904381F84100FFE756
S3250000EDA00098426901990A44002182F842104369019A1A4482F84310416901980144FF201C
S3250000EDC081F860009DF80E000299C840C00760B1FFE700989DF80D2041690198014491F8E5
S3250000EDE06100104381F861000BE000989DF80D2041690198014491F86100904381F861001B
S3250000EE00FFE700994A6901980244002082F862004A690199114481F86300FFE702980130B0
S3250000EE2002902FE706B0B0BD80B58CB00B908DF82B1009920B9800909DF82B008DF80B0017
S3250000EE400DF10B0003900120049005A8019003A903F08AFD00980199099A00F005F801989C
S3250000EE6003F0C8FD0CB080BD80B59EB004911D901C911B921D98059018A8012101F0ACFAF9
S3250000EE800598C06D40F2E241884201D1FFE70AE043F26E70C0F2020043F27C71C0F2020143
S3250000EEA06222F1F7BFFB0598006EB0F5967F01D1FFE70AE043F2AD70C0F2020043F27C7197
S3250000EEC0C0F202016322F1F7ADFB0598406EB0F5167F01D1FFE70AE043F2CD70C0F2020015
S3250000EEE043F27C71C0F202016422F1F79BFB0598806E44F23F21C0F20F01884201D8FFE7C5
S3250000EF000AE043F25B70C0F2020043F27C71C0F202016522F1F786FB40F60040CFF200004F
S3250000EF20F6F77EFFFFE740F60040CFF20000F6F799FF08B9FFE7F6E70AF0FEF941F20040D7
S3250000EF40C2F200000AF0CAF9049800218DF85F1016911590159807F0F3F81490159807F066
S3250000EF60D7F81390FFE714A813A907F0FBF8002840D0FFE714A807F0EFF800788DF84B00D1
S3250000EF80169830B9FFE79DF84B0000F087FF169016E0169803909DF84B0000F07FFF014626
S3250000EFA0039888420BD0FFE743F27A70C0F2020043F27C71C0F202017E22F1F733FBFFE7DF
S3250000EFC09DF84B0000F0CCFC01469DF85F0008438DF85F009DF84B106A460020106018A839
S3250000EFE00122082301F038F9FFE714A803F0B0FC1190B8E705980168D1F808C069460023B1
S3250000F0000B6019461A46E047059816999DF85F2001EB820181611C301B9901F0E5FF059876
S3250000F02002694CF6CD41CCF6CC41A2FB0132520A1092006948434FEAF01046F26761C0F293
S3250000F0406601884204D3FFE7109801301090FFE7109808B1FFE70AE043F22D70C0F20200A6
S3250000F06043F27C71C0F202019522F1F7DBFA05981C3006F007FE01460598109A012A18BFCB
S3250000F0800322FFF7E7FC0598D0F8800008B1FFE70AE043F24370C0F2020043F27C71C0F28E
S3250000F0A002019922F1F7BEFA0598D0F8840008B1FFE70AE043F21370C0F2020043F27C71EC
S3250000F0C0C0F202019A22F1F7ADFA059800F11C0101910021089142F6A111C0F201010791FD
S3250000F0E0069041F23C03C0F2020309A807A906AA07F038FF09990A9A0B9B0CA8029008F0E2
S3250000F10073F80198029901F0F5FD029808F07AF81EB080BD80B58AB084460D98DDF830E095
S3250000F120CDF824C00891079206938DF817000998049000F065F8049841F6FC41C0F2020172
S3250000F140083101609DF817104160002102918160C1609DF81710C9010161006908F070F94A
S3250000F160029902460498426181611C304FF0FF3102F02EF904985030039007F0AFFD0190CE
S3250000F18007F0ACFD019A03460398032100F09EFA04980299089AC265079A0266069A42664D
S3250000F1A00C9A826680F86C1080F86D10C0F88410C0F88010C167816741670167016940690B
S3250000F1C0F1F700FB039800F051FA04980AB080BD80B584B003900398029041F6FC41C0F28E
S3250000F1E0020101F10802014641F81C2B0191503000F0C4FA019802F00FF9029804B080BD65
S3250000F20081B00090009841F61851C0F202010831016001B07047000080B584B002900191AB
S3250000F22002980090039001990160006828B1FFE70098006800F0EAF9FFE7039804B080BDA4
S3250000F24080B584B00290029801900390006828B1FFE70198006800F009FAFFE7039804B09F
S3250000F26080BD000080B582B0019001990091012008710BF0B3FE0099086002B080BD0000F2
S3250000F28081B00090009800210160017101B0704782B00190009101990098886002B07047DC
S3250000F2A080B584B003900291039800210091406802996A4602230BF025FA0190009860B100
S3250000F2C0FFE74EF60451CEF200014FF080500860BFF34F8FBFF36F8FFFE701980138B0FACF
S3250000F2E080F0400904B080BD80B582B00190019840680BF0F9FA0138B0FA80F0400902B0E9
S3250000F30080BD000080B582B00190019840680BF0D9FA0138B0FA80F0400902B080BD000018
S3250000F32080B582B00190019840680AF04BFC002818BF012002B080BD80B586B005900491A9
S3250000F3408DF80F2005980290049902689368002298478DF80E00FFE79DF80E100020C907A5
S3250000F360019021B9FFE79DF80F000190FFE70198C00760B1FFE70A200AF0E0FD029804998C
S3250000F38002689368002298478DF80E00E4E79DF80E0000F0010006B080BD000080B586B0B1
S3250000F3A00590049103920598019040680499039A00230BF0F1F8014601980291806830B135
S3250000F3C0FFE701988068016809688847FFE702980138B0FA80F0400906B080BD80B584B09F
S3250000F3E0039002910192039840680299019A0BF03BFB0138B0FA80F0400904B080BD000017
S3250000F40080B584B0039002910192039840680299019A0BF07DFA0138B0FA80F0400904B089
S3250000F42080BD000080B582B001900198406800210BF062F802B080BD80B586B00590049156
S3250000F44005980190002303934068049903AA0BF059F9014601980139B1FA81F149098DF872
S3250000F4600B10806830B1FFE701988068016809688847FFE7039860B1FFE74EF60451CEF2C1
S3250000F48000014FF080500860BFF34F8FBFF36F8FFFE79DF80B0000F0010006B080BD000044
S3250000F4A080B584B003900291039800210091406802996A460BF082FB0190009860B1FFE7DF
S3250000F4C04EF60451CEF200014FF080500860BFF34F8FBFF36F8FFFE701980138B0FA80F043
S3250000F4E0400904B080BD000080B584B0039002910398009040680299002202230BF04CF849
S3250000F500014600980191806830B1FFE700988068016809688847FFE701980138B0FA80F0CA
S3250000F520400904B080BD000080B584B00290019102980090039000F023F8009841F63451E2
S3250000F540C0F202010831016000228260019801210AF0AAFF014600984160406808B1FFE72D
S3250000F5600AE042F6FA40C0F2020042F61051C0F202012722F1F756F8039804B080BD00001C
S3250000F58081B00090009841F67051C0F202010831016001B07047000080B584B003900398C6
S3250000F5A0009000210291007A0146019158B1FFE701980138C0B202280BD3FFE70198C0B282
S3250000F5C0032811D1FFE70098406802A90BF0FAF80AE043F27A70C0F2020043F24221C0F253
S3250000F5E002017122F1F71EF8029860B1FFE74EF60451CEF200014FF080500860BFF34F8F7F
S3250000F600BFF36F8FFFE704B080BD000080B584B0039003980190007A0146029158B1FFE7F2
S3250000F6200298C0B201280DD0FFE702980238C0B201280ED8FFE7019840684FF0FF310BF0E6
S3250000F64017FB11E0019840684FF0FF310BF0E0FB0AE043F27A70C0F2020043F24221C0F214
S3250000F66002013722F0F7DEFF04B080BD80B584B0039003980190007A0146029158B1FFE708
S3250000F6800298C0B201280ED0FFE702980238C0B201280DD8FFE701984068002319461A460E
S3250000F6A00AF07AFF0FE0019840680BF0E3F80AE043F27A70C0F2020043F24221C0F20201C1
S3250000F6C05F22F0F7AFFF04B080BD000080B588B006908DF81710049203930698019007907C
S3250000F6E041F6AC51C0F20201083101609DF817100172007A0146029103281FD80299DFE87A
S3250000F70001F0090F0215049803990AF0A3FE0199486013E001200AF0B3FE019948600DE0C0
S3250000F72004200AF0ADFE0199486007E00120002103220AF0B9FE01994860FFE70198406850
S3250000F74008B1FFE70AE043F23720C0F2020043F24221C0F202012022F0F764FF079808B0AA
S3250000F76080BD000080B582B001900198009000F005F8009807F046FE02B080BD80B582B00F
S3250000F78001900198009041F6AC51C0F202010831016040680AF068FB009802B080BD00009A
S3250000F7A081B08DF803009DF8030000F0010040F20D61C2F20001087040F20C61C2F20001E0
S3250000F7C0087001B07047000010B588B0DDF828C007900691ADF81620049307980699BDF8F6
S3250000F7E01620049BDDF828C0EE4603ACCEF80440CEF800C00BF080FB0138B0FA80F04009EC
S3250000F8008DF80B009DF80B00C00708B1FFE70AE043F28720C0F2020043F26421C0F2020163
S3250000F8204122F0F7FFFE9DF80B00C00740B1FFE7039941F60000C2F2000003F0EDF8FFE7F8
S3250000F8409DF80B0000F0010008B010BD80B588B007900691ADF8162004930699BDF81620F5
S3250000F860079B0498EC460DF10C0ECCF804E0CCF8000043F6E500C0F201000BF03DFB013851
S3250000F880B0FA80F040098DF80B009DF80B00C00708B1FFE70AE043F28720C0F2020043F2BA
S3250000F8A06421C0F202013022F0F7BCFE9DF80B00C00740B1FFE7039941F60000C2F2000050
S3250000F8C003F0AAF8FFE79DF80B0000F0010008B080BD000080B582B0019001980AF02EFB6D
S3250000F8E002B080BD80B582B0019001980090009801680968884702B080BD000081B0009001
S3250000F900009841F6BC51C0F202010831016001B07047000084B0039002910298FF2803D15F
S3250000F920FFE70020019014E00298B0F57F4F03D1FFE7012001900BE043F27A70C0F20200FF
S3250000F94043F21B61C0F202014FF49872F0F76AFEFFE70399019800EB410004B070470000ED
S3250000F96084B08DF80F00002002909DF80F0001460191772800F293800199DFE811F078000C
S3250000F9807B007E008100840087008A008D0078007B007E008100840087008A008D00780039
S3250000F9A07B007E008100840087008A008D0078007B007E008100840087008A008D00780019
S3250000F9C07B007E008100840087008A008D0078007B007E008100840087008A008D007800F9
S3250000F9E07B007E008100840087008A008D0078007B007E008100840087008A008D007800D9
S3250000FA007B007E008100840087008A008D0078007B007E008100840087008A008D007800B8
S3250000FA207B007E008100840087008A008D0078007B007E008100840087008A008D00780098
S3250000FA407B007E008100840087008A008D0078007B007E008100840087008A008D00780078
S3250000FA607B007E008100840087008A008D000120029020E0022002901DE0042002901AE0D0
S3250000FA800820029017E01020029014E02020029011E0402002900EE0802002900BE043F204
S3250000FAA07A70C0F2020043F2E131C0F202014FF4B572F0F7B7FD9DF8080004B07047000099
S3250000FAC080B588B0079006910592049307980390069900F0B9F8039804300190059900F0F7
S3250000FAE0B3F8039808300290049900F0ADF8039840F6CA71C0F20201C16006F085F8039ACC
S3250000FB0001460198116106F07FF8039A01460298516106F079F801460398816140F6CE7150
S3250000FB20C0F20201C16140F69471C0F20201016208B080BD80B586B00590ADF81210ADF834
S3250000FB40102003930598029000F13802BDF81210A0F87010BDF81010A0F8721000210191EE
S3250000FB60A0F87410C02180F8761045F23971C0F201018167C0674AF64541C0F20001C0F8AF
S3250000FB808010C0F88420C0F88810C0F88C00039806F02EF80299C1F89000039806F02EF88D
S3250000FBA001460298C0F8941098303821F0F72CFE01990298C0F8D010C0F8D41080F8D81008
S3250000FBC080F8D9100399C0F8DC1006B080BD000080B584B00390039800904068F7F712F9C3
S3250000FBE00290029880B9FFE700984068D0F8D0000168C96A884700984268012182F8D910AA
S3250000FC004068F7F779F81DE0FFE70298C8B1FFE700984068D0F8D00001684B690DF1070100
S3250000FC200022984758B1FFE7009840680DF107010122F7F701F902980138029000E001E057
S3250000FC40E3E7FFE704B080BD80B588B0069005910698019007900598F0F748FD04900499A4
S3250000FC60022000EB41000390039807F0E9FB0146019801600399026811700168032048701B
S3250000FC8000200290FFE702980499884213D2FFE701980599029BC95C026802EB4302917064
S3250000FCA00068029900EB41010020C870FFE7029801300290E7E7079808B080BD80B58AB0A2
S3250000FCC0DDF830C00990089107928DF81B3009980390426801211170426845F61921C0F26C
S3250000FCE0010151604168896042684BF28121C0F20001D16042684BF2B931C0F20001116156
S3250000FD00416801F1700048610C9807F099FB01460398426891610C994268D1614068F7F765
S3250000FD2005F803984268002182F83810426845F64511C0F20101D1634168096442684BF278
S3250000FD409511C0F20001516442684BF23931C0F200019164416801F17000C8640C9807F0C4
S3250000FD606FFB01460398426811650C994268516540683830F6F7DAFF40F60A00CFF2000035
S3250000FD80F6F74EF840F60100CFF20000F6F748F842F20000C4F20600C0210491F4F7B0FC08
S3250000FDA045F20000C4F200000321F4F7A9FC4AF62941C0F200010020C4F20500FAF714FC63
S3250000FDC004993A20F5F788FA9DF81B00C00730B1FFE7052100221046FBF7AAF805E0002241
S3250000FDE010461146FBF7A4F8FFE7079805A90191F6F7A2F800200290022108AAF7F754FCB1
S3250000FE00019A02980321F7F74FFC0399029849687031F7F77FF90AB080BD000082B00190A2
S3250000FE200091019900984968C1F8D40002B0704780B582B001900091019900984A68C2F82B
S3250000FE40D0004868D0F8D0000268126B904702B080BD000080B586B00590ADF81210ADF86B
S3250000FE60102003930598019001F0B4FF019941F6C850C0F2020008300860E02007F0E2FAD4
S3250000FE800290BDF81210BDF81020039BFFF752FE01980299416006B080BD000084B08DF8A9
S3250000FEA00F00002002909DF80F0001460191772800F2D3800199DFE811F078007800780050
S3250000FEC0780078007800780078007C007C007C007C007C007C007C007C008200820082005E
S3250000FEE082008200820082008200880088008800880088008800880088008E008E008E0088
S3250000FF008E008E008E008E008E00940094009400940094009400940094009A009A009A00A7
S3250000FF209A009A009A009A009A00A000A000A000A000A000A000A000A000A600A600A600C7
S3250000FF40A600A600A600A600A600AC00AC00AC00AC00AC00AC00AC00AC00B200B200B200E7
S3250000FF60B200B200B200B200B200B800B800B800B800B800B800B800B800BE00BE00BE0007
S3250000FF80BE00BE00BE00BE00BE00C400C400C400C400C400C400C400C400CA00CA00CA0027
S3250000FFA0CA00CA00CA00CA00CA004FF0402002905EE045F20000C4F20000029058E046F2EB
S3250000FFC00000C4F20000029052E047F20000C4F2000002904CE044F20000C4F20200029074
S3250000FFE046E045F20000C4F20200029040E046F20000C4F2020002903AE047F20000C4F2A9
S325000100000200029034E04DF20000C4F2030002902EE041F20000C4F20600029028E042F2DC
S325000100200000C4F20600029022E043F20000C4F2060002901CE044F20000C4F20600029066
S3250001004016E045F20000C4F20600029010E046F20000C4F2060002900AE043F27A70C0F2ED
S32500010060020043F2E131C0F20201CC22F0F7DAFA029804B07047000084B08DF80F000020E5
S3250001008002909DF80F0001460191772800F2D5800199DFE811F078007800780078007800AA
S325000100A07800780078007E007E007E007E007E007E007E007E00840084008400840084004D
S325000100C08400840084008A008A008A008A008A008A008A008A00900090009000900090006D
S325000100E0900090009000960096009600960096009600960096009C009C009C009C009C008D
S325000101009C009C009C00A200A200A200A200A200A200A200A200A800A800A800A800A800AC
S32500010120A800A800A800AE00AE00AE00AE00AE00AE00AE00AE00B400B400B400B400B400CC
S32500010140B400B400B400BA00BA00BA00BA00BA00BA00BA00BA00C000C000C000C000C000EC
S32500010160C000C000C000C600C600C600C600C600C600C600C600CC00CC00CC00CC00CC000C
S32500010180CC00CC00CC0040F60000CFF2000002905FE040F60100CFF20000029059E040F633
S325000101A00200CFF20000029053E040F60300CFF2000002904DE040F60400CFF2000002906A
S325000101C047E040F60500CFF20000029041E040F60600CFF2000002903BE040F60700CFF29A
S325000101E00000029035E040F60800CFF2000002902FE040F60900CFF20000029029E040F6E0
S325000102000A00CFF20000029023E040F60B00CFF2000002901DE040F60C00CFF20000029051
S3250001022017E040F60D00CFF20000029011E040F60E00CFF2000002900BE043F27A70C0F2E6
S32500010240020043F2E131C0F202014FF40772F0F7E9F9029804B0704780B586B0844608983A
S32500010260CDF814C08DF81310039202938DF80700059800909DF81300FFF710FE0099486066
S325000102809DF81300FFF76CFB009908729DF81300FFF7F2FEF5F7C4FD9DF813001F2805D040
S325000102A0FFE79DF81300272805D1FFE79DF8130001F0CAF9FFE700994868097AF4F7D6F9D6
S325000102C000994868097A039A029BF3F75DFF00989DF8071002681268904706B080BD0000D9
S325000102E080B584B00390039902914868097AF4F7A1F920B1FFE70298C07A019003E002987B
S32500010300807A0190FFE70198C0B204B080BD000080B586B005908DF81310059803904068E9
S3250001032008B1FFE70AE043F29620C0F2020043F2A121C0F202016622F0F774F90398007AF1
S3250001034008B1FFE70AE043F28B20C0F2020043F2A121C0F202016722F0F764F90399087AE2
S325000103604A68019202909DF81300C97A884204D1FFE70398007A009002E000200090FFE712
S3250001038001980299009AC9B2D2B2F4F7DFF906B080BD000080B582B001908DF803100198AA
S325000103A09DF80310002918BF012102681268904702B080BD80B582B0019001980090016838
S325000103C08968884701460098B1FA81F1490902681268904702B080BD80B584B002908DF8DE
S325000103E0071002980090039002F064FA009841F6D451C0F20201083101600021416001725A
S325000104009DF807104172407A012806D1FFE70099002088720120C87205E00099012088722F
S325000104200020C872FFE7039804B080BD80B586B005900598019040680121F6F75FFB014663
S325000104400198049140680499F6F7F2FA9DF81000C006002807D4FFE79DF8100040060028E2
S3250001046040F18280FFE7FFE701984068F6F7A0F9002878D0FFE701984068F6F749F9039056
S325000104809DF80D00000700280FD5FFE7019800F1180101F070406FF31F5140EA41111022F6
S325000104A0C0F2002201208850FFE79DF80D00400700280FD5FFE7019800F1180101F0704063
S325000104C06FF31F5140EA41110C22C0F2002201208850FFE79DF80D00800700280FD5FFE7CB
S325000104E0019800F1180101F070406FF31F5140EA41110822C0F2002201208850FFE79DF8F1
S325000105000D00C00778B1FFE7019800F1180101F070406FF31F5140EA41110422C0F2002265
S3250001052001208850FFE701984069D8B1FFE70198406903998DF80B1001680A680DF10B01C1
S32500010540904770B9FFE7019800F1180101F070406FF31F5140EA41114FF000720120885072
S32500010560FFE7FFE780E7FFE79DF810008006002803D4FFE70498F8B9FFE7FFE701984068F1
S32500010580F6F7E2FAB8B1FFE70198006990B1FFE7019800690168CA690DF10A01904738B1AC
S325000105A0FFE7019840689DF80A10F6F7D5F800E001E0FFE7E2E7FFE706B080BD80B584B0F2
S325000105C0DDF81CC0DDF818C003908DF80B108DF80A200193039800909DF80B00D0B9FFE706
S325000105E09DF80A00012815D1FFE70120F3F7CAFF40F20140F3F7C6FF00994CF20000C4F2DD
S325000106000000486041F60000CFF2000088601520C8608EE19DF80B0008281DD1FFE79DF846
S325000106200A00092818D1FFE74FF00110F3F7AAFF40F20140C0F20100F3F7A4FF00994DF23B
S325000106400000C4F20000486041F60100CFF2000088601620C8606BE19DF80B0074281FD17E
S32500010660FFE79DF80A0075281AD1FFE741F20100C0F20E00F3F786FF41F20140C0F20E00E9
S32500010680F3F780FF00994DF20000C4F20000486041F60100CFF2000088601620C86046E14E
S325000106A09DF80B0006281BD1FFE79DF80A00072816D1FFE741F60100F3F764FF41F60140FB
S325000106C0F3F760FF00994EF20000C4F20000486041F60200CFF2000088603120C86025E132
S325000106E09DF80B001C281FD1FFE79DF80A001D281AD1FFE741F20100C0F20300F3F742FF70
S3250001070041F20140C0F20300F3F73CFF00994EF20000C4F20000486041F60200CFF2000053
S3250001072088603120C86000E19DF80B0004281BD1FFE79DF80A00052816D1FFE741F2010005
S32500010740F3F720FF41F20140F3F71CFF00994FF20000C4F20000486041F60300CFF20000DD
S3250001076088604820C860DFE09DF80B0040281ED1FFE79DF80A00412819D1FFE70120C0F2B3
S325000107800800F3F7FFFE40F20140C0F20800F3F7F9FE00994FF20000C4F20000486041F6E6
S325000107A00300CFF2000088604820C860BBE09DF80B0002281AD1FFE79DF80A00032815D110
S325000107C0FFE740F60100F3F7DDFE40F60140F3F7D9FE00990020C4F20100486041F60400A5
S325000107E0CFF2000088604920C8609BE09DF80B0048281DD1FFE79DF80A00492818D1FFE77A
S325000108000120C0F20900F3F7BDFE40F20140C0F20900F3F7B7FE00990020C4F2010048606B
S3250001082041F60400CFF2000088604920C86078E09DF80B0016281FD1FFE79DF80A00172852
S325000108401AD1FFE741F60100C0F20200F3F79AFE41F60140C0F20200F3F794FE009941F2DE
S325000108600000C4F20100486041F60500CFF2000088604A20C86053E09DF80B0068281ED149
S32500010880FFE79DF80A00692819D1FFE70120C0F20D00F3F777FE40F20140C0F20D00F3F710
S325000108A071FE009942F20000C4F20100486041F60600CFF2000088604B20C8602FE09DF879
S325000108C00B0014281FD1FFE79DF80A0015281AD1FFE741F20100C0F20200F3F753FE41F2F1
S325000108E00140C0F20200F3F74DFE009943F20000C4F20100486041F60700CFF200008860B3
S325000109004C20C8600AE043F27A70C0F2020043F2AE31C0F20201B222EFF784FEFFE7FFE7AE
S32500010920FFE7FFE7FFE7FFE7FFE7FFE7FFE7FFE7FFE704B080BD000080B584B0039002911A
S3250001094003980090406801904CF20001C4F20001884238D0FFE701984DF20001C4F20001EE
S32500010960884243D0FFE701984EF20001C4F2000188424ED0FFE701984FF20001C4F20001BC
S32500010980884259D0FFE701980021C4F20101884265D0FFE7019841F20001C4F201018842D1
S325000109A070D0FFE7019842F20001C4F2010188427BD0FFE7019843F20001C4F20101884238
S325000109C000F0868097E0009841F61401C2F200010860406845F60501C0F20101F6F75EF8C2
S325000109E0009840680299F6F73DF890E0009841F61401C2F200014860406845F61901C0F293
S32500010A000101F6F74BF8009840680299F6F72AF87DE0009841F61401C2F20001886040682D
S32500010A2045F62D01C0F20101F6F738F8009840680299F6F717F86AE0009841F61401C2F2BC
S32500010A400001C860406845F64101C0F20101F6F725F8009840680299F6F704F857E00098F0
S32500010A6041F61401C2F200010861406845F65501C0F20101F6F712F8009840680299F5F75A
S32500010A80F1FF44E0009841F61401C2F200014861406845F66901C0F20101F5F7FFFF009876
S32500010AA040680299F5F7DEFF31E0009841F61401C2F200018861406845F67D01C0F201017B
S32500010AC0F5F7ECFF009840680299F5F7CBFF1EE0009841F61401C2F20001C861406845F604
S32500010AE09101C0F20101F5F7D9FF009840680299F5F7B8FF0BE043F27A70C0F2020043F274
S32500010B00AE31C0F202014FF4E772EFF78BFD04B080BD000080B582B0019001980090C068F6
S32500010B2008B1FFE70BE043F29E30C0F2020043F2AE31C0F202014FF4C572EFF773FD00983C
S32500010B40C068F4F777FB02B080BD000010B588B0DDF82CC0DDF828C007908DF81B108DF8D3
S32500010B601A200593079904919DF81B0008779DF81A0048779DF81B00FFF77EFAF5F750F977
S32500010B809DF81A00FFF778FAF5F74AF904989DF81B109DF81A20059BDDF828C00B9CEE46A5
S32500010BA0CEF80440CEF800C0FFF708FD0498C06808B1FFE70AE043F29E30C0F2020043F26A
S32500010BC0AE31C0F202012F22EFF72CFD0498806808B1FFE70AE043F28D30C0F2020043F232
S32500010BE0AE31C0F202013022EFF71CFD04988068F5F716F99DF81B00FFF750F902909DF874
S32500010C001B00FEF7ADFE01460298F3F755FD9DF81B00FFF743F903909DF81A00FEF7A0FE3E
S32500010C2001460398F3F748FD0498406805990A9A0B9BF5F7D9FD04984068F5F787FE04985D
S32500010C40406802211022F5F79BFE0498C068C021F4F742FB08B010BD82B0019000910199CB
S32500010C600098486102B0704780B582B00190009101990098086108690268126B904702B0BE
S32500010C8080BD000080B582B001900198009001F0A1F8009841F6EC51C0F20201083101600A
S32500010CA00021416081600161416181610177417702B080BD80B584B0039003980190C06835
S32500010CC00121F5F743FC0146019802912430002106F0B8FA30B1FFE7019901F1240005F0C4
S32500010CE0B5FCFFE70198C0680299F5F7ADFB04B080BD000080B582B00190009101982430FF
S32500010D0006F03CFA02B080BD80B584B0039003980190C06802900021C4F20301884237D023
S32500010D20FFE7029841F20001C4F2030188423ED0FFE7029842F20001C4F20301884245D018
S32500010D40FFE7029843F20001C4F2030188424CD0FFE7029844F20001C4F20301884253D0D8
S32500010D60FFE7029845F20001C4F2030188425AD0FFE702980021C4F20E01884262D0FFE7BE
S32500010D80029841F20001C4F20E01884269D077E0019941F63400C2F200000160C8680969A3
S32500010DA045F6A502C0F20102F5F784FB74E0019941F63400C2F200004160C868096945F69F
S32500010DC0B902C0F20102F5F775FB65E0019941F63400C2F200008160C868096945F6CD02B5
S32500010DE0C0F20102F5F766FB56E0019941F63400C2F20000C160C868096945F6E102C0F268
S32500010E000102F5F757FB47E0019941F63400C2F200000161C868096945F6F502C0F20102BF
S32500010E20F5F748FB38E0019941F63400C2F200004161C868096945F60912C0F20102F5F770
S32500010E4039FB29E0019941F63400C2F200008161C868096945F61D12C0F20102F5F72AFBE1
S32500010E601AE0019941F63400C2F20000C161C868096945F63112C0F20102F5F71BFB0BE0D4
S32500010E8043F27A70C0F2020043F21B61C0F2020140F27D22EFF7C6FB0198C069C021F4F70C
S32500010EA01BFA0199C868096AF5F7E8FA04B080BD80B590B00F900E918DF837200F98039051
S32500010EC09DF8370001F02AFE02460398116852680C920B9180690B990C9A414308A80490DB
S32500010EE002F04EF904990E9A06A8059002F0FAF8059802F08BF808B1FFE70BE043F2DD5048
S32500010F00C0F2020043F21B61C0F2020140F21222EFF788FB03980168496888470398C0689A
S32500010F202121F5F7ABF80398C16802910069019006A802F083F8019902460298F5F72CFBDE
S32500010F40039801680968884710B080BD80B590B00F900E918DF837200F9803909DF83700B4
S32500010F6001F0DCFD02460398116852680C920B9180690B990C9A414308A8049002F000F96A
S32500010F8004990E9A06A8059002F0ACF8059802F03DF808B1FFE70BE043F2DD50C0F20200C8
S32500010FA043F21B61C0F2020140F20522EFF73AFB03980168496888470398C0682221F5F7DA
S32500010FC05DF80398C16802910069019006A802F035F8019902460298F5F7DEFA0398016853
S32500010FE00968884710B080BD80B586B0059004910598039004998161FF2101610020FEF7D2
S3250001100089FC014641F61000C2F2000001F0BAFE006878B9FFE700204FF47F41FEF77AFC4C
S32500011020014641F61000C2F2000001F0ABFE0068E8B1FFE70120FF21FEF76CFC014641F6CA
S325000110401000C2F2000001F09DFE006880B9FFE701204FF47F41FEF75DFC014641F61000B2
S32500011060C2F2000001F08EFE006808B9FFE70BE043F24240C0F2020043F21B61C0F202016D
S3250001108040F2C312EFF7CEFA00200190FF21FEF741FC014641F61000C2F2000001F072FEEE
S325000110A0014601980968029091B9FFE700204FF47F41FEF72FFC014641F61000C2F2000091
S325000110C001F060FE0068B0FA80F040090290FFE70398029A012100919143816000F0A2F84E
S325000110E003988068FF21FEF715FC014641F61000C2F2000001F046FE0099024603981160DC
S3250001110020220262C068F5F713F90398FFF7FCFD06B080BD80B582B00190019800900168FB
S32500011120496888470099C868096940F60C42F5F7BFF80099C86809694FF6FF72F5F72CFAC3
S325000111400099C86809694FF6FE72F5F767FA009801680968884702B080BD000080B582B0B4
S325000111600190019800900168496888470099C868096940F20442F5F79BF80099C868096958
S325000111804FF6FF72F5F708FA0099C86809694FF6FE72F5F743FA009801680968884702B098
S325000111A080BD000080B582B00190019800900168496888470099C86809690022F5F778F828
S325000111C00099C86809694FF6FF72F5F7E5F90099C86809694FF6FE72F5F720FA0098016856
S325000111E00968884702B080BD80B582B001900199C8680969F5F754FA02B080BD80B582B0F5
S3250001120001900199C8680969F5F7E6F802B080BD80B582B001900199C8680969F5F7A2F887
S3250001122002B080BD80B584B003900398019080680290072800F275800299DFE801F0041198
S325000112401F2D3B49576401990020C4F20300C86040F20040CFF2000048612320C8616CE0CD
S32500011260019941F20000C4F20300C86040F20140CFF2000048612520C8615EE0019942F262
S325000112800000C4F20300C86040F20240CFF2000048612720C86150E0019943F20000C4F263
S325000112A00300C86040F20340CFF2000048613320C86142E0019944F20000C4F20300C860CE
S325000112C040F20440CFF2000048614F20C86134E0019945F20000C4F20300C86040F2054052
S325000112E0CFF2000048615120C86126E001990020C4F20E00C86040F20640CFF20000486155
S325000113007220C86119E0019941F20000C4F20E00C86040F20740CFF2000048617420C861B9
S325000113200BE043F27A70C0F2020043F21B61C0F202014FF4BD72EFF775F90198C06808B142
S32500011340FFE70BE043F20B50C0F2020043F21B61C0F202014FF4BF72EFF764F90198006952
S3250001136008B1FFE70BE043F21650C0F2020043F21B61C0F2020140F27F12EFF753F9019899
S32500011380406908B1FFE70BE043F28D30C0F2020043F21B61C0F202014FF4C072EFF742F971
S325000113A00198C06908B1FFE70BE043F29E30C0F2020043F21B61C0F2020140F28112EFF712
S325000113C031F901984069F4F72BFD04B080BD000080B584B0039002910398019001F024FDC9
S325000113E00198043001F05AFA019841F6F851C0F2020101F108020260383141600299816022
S325000114000021C160016141618161243005F094FE019804B080BD000080B582B001900198A7
S32500011420009041F6F851C0F2020101F10802026038314160243005F097FE009802B080BD13
S3250001144080B584B00390029101920398029A019B0168D1F804C00021E04704B080BD000061
S3250001146080B584B00390039800F1080102A80090FDF7D2FEF2F762FB01460098B1FA81F194
S3250001148049090191FDF7DCFE019804B080BD000080B58EB00C900B910A9209930C980090F2
S325000114A000F1080108A8FDF7B7FE0099099820F00300069009980A9A10444968884276D88D
S325000114C0FFE70320059000200490039006980290FFE704980A9988425AD2FFE79DF8080052
S325000114E0800728BBFFE70598032806D0FFE7039907A80422F2F758FBFFE702980999884278
S3250001150008D3FFE70298043009990A9A1144884206D3FFE7029907A80422F2F75FFC02E07B
S3250001152000200790FFE70298039003200590FFE702980999884223D3FFE70598C100FF20DD
S3250001154000FA01F10798884307900B9858B1FFE70B980499405C0599C90000FA01F1079837
S325000115600843079008E00598C100FF2000FA01F1079808430790FFE7049801300490FFE783
S32500011580059801380590FFE7029801300290A0E70598032806D0FFE7039907A80422F2F731
S325000115A003FBFFE701208DF83700019005E000208DF8370001200190FFE708A8FDF740FE97
S325000115C09DF837000EB080BD80B586B005900598049001F003FD049841F64C61C0F20201E6
S325000115E0083101600021019141600830039005F075FB029005F072FB0199029A03460398B8
S32500011600FEF764F845F60000CFF20000F4F708FCF2F75EFAF2F77CFC01460498416006B0AB
S3250001162080BD000080B582B001900198009041F64C61C0F20201083140F8081BFEF79EF88D
S32500011640009802B080BD000080B584B08DF80F009DF80F00FEF722FC02909DF80F00FEF71D
S325000116607FF90190029944F24B30C4F64F40C1F82005019A0299D1F824051043C1F824058A
S3250001168002990020C1F8200504B080BD80B586B0059004918DF80F20059901910498C8607C
S325000116A09DF80F000146029128B1FFE70298C0B2012808D012E001994FF0704088604FF037
S325000116C08040486015E001990120CFF20000886041F20000C4F2000048600AE043F27A70A8
S325000116E0C0F2020043F25631C0F202012B22EEF799FF01988068F4F793FBFFE70198806893
S32500011700F4F7B0FB08B9FFE7F8E706B080BD000080B582B001900198009001F06BFC0098A2
S3250001172041F66861C0F2020108310160002141608160C16002B080BD80B588B00790069105
S3250001174005920493079803900698019030B3FFE7019801282ED0FFE701980738022841D36E
S32500011760FFE70198B0F5004F3AD0FFE7019848F20101884235D0FFE7019848F202018842D5
S325000117802DD0FFE7019848F20301884226D0FFE7019848F20401884211D024E00398F5F7D4
S325000117A0ABFA03983830F5F7A7FA0399012081F8D80024E00399002081F8D8001FE0049833
S325000117C0029002994FF4E13008600299082088710299002048710299087110E00FE00EE008
S325000117E00DE00CE00BE043F27A70C0F2020043F2D421C0F2020140F24B22EEF713FF0020B6
S3250001180008B080BD80B541F61400C2F200000068FEF70CFE80BD000080B541F61400C2F2C0
S3250001182000004068FEF702FE80BD000080B541F61400C2F200008068FEF7F8FD80BD000084
S3250001184080B541F61400C2F20000C068FEF7EEFD80BD000080B541F61400C2F2000000696B
S32500011860FEF7E4FD80BD000080B541F61400C2F200004069FEF7DAFD80BD000080B541F6FC
S325000118801400C2F200008069FEF7D0FD80BD000080B541F61400C2F20000C069FEF7C6FD7C
S325000118A080BD000080B541F63400C2F200000068FFF700FA80BD000080B541F63400C2F2A7
S325000118C000004068FFF7F6F980BD000080B541F63400C2F200008068FFF7ECF980BD0000E3
S325000118E080B541F63400C2F20000C068FFF7E2F980BD000080B541F63400C2F2000000699A
S32500011900FFF7D8F980BD000080B541F63400C2F200004069FFF7CEF980BD000080B541F659
S325000119203400C2F200008069FFF7C4F980BD000080B541F63400C2F20000C069FFF7BAF9B9
S3250001194080BD000080B58AB008900791069205930898029007980190022808D0FFE7019891
S3250001196003282FD0FFE70198042840D042E00298D0F8D40000B3FFE7FFE70298D0F8D4006E
S325000119800168496A8847B0B9FFE7029838300DF10F010122F5F7FCF90490049848B1FFE7E3
S325000119A00298D0F8D40001680A680DF10F01904700E000E0E1E704E002983830F5F79CF93B
S325000119C0FFE723E00298D0F8D40050B1FFE70298D0F8D4000168896A884780F00100049094
S325000119E002E000200490FFE70498099011E0002009900EE043F27A70C0F2020043F2D4219A
S32500011A00C0F202014FF4F572EEF70CFE00200990FFE709980AB080BD84B00390029101924D
S32500011A2000930298052801D1FFE70BE043F27A70C0F2020043F2D421C0F202014FF4C1727A
S32500011A40EEF7F0FD002004B07047000080B584B003900291039801900299C96800F054F85F
S32500011A6001460198029AD160029900F003F804B080BD000080B586B0059004910598029077
S32500011A800499C968039103990969049AD1600499039A11610499C96800F0A4F80146029819
S32500011AA001910499096900F09DF801990246029800F060F8014602980131049A1160039977
S32500011AC0C96800F08FF801460298049A126800F051F8013003990860039806B080BD000062
S32500011AE080B584B0039002910398019002990969FFF7C0FF01460198029A1161029900F0E9
S32500011B0003F804B080BD000080B586B005900491059802900499096903910399C968049A00
S32500011B2011610499039AD1600499C96800F05AF80146029801910499096900F053F801995A
S32500011B400246029800F016F8014602980131049A11600399096900F045F801460298049AC2
S32500011B60126800F007F8013003990860039806B080BD000084B00390029101920298019911
S32500011B80884203DDFFE70298009002E001980090FFE7009804B0704783B002908DF807102F
S32500011BA0009202989DF8071001700099416003B07047000080B586B005908DF813100392F4
S32500011BC00598019000210291016004309DF81310039AFFF7E1FF01980299C1600161416103
S32500011BE006B080BD83B002900191019820B9FFE74FF0FF30009003E0019800680090FFE7E4
S32500011C00009803B07047000080B584B003908DF80B100192039800909DF80B10019A0368AB
S32500011C2000F004F80099086004B080BD80B58AB009908DF8231007920693099805900698F9
S32500011C40F8B9FFE7182005F0FDFB04909DF82310079AFFF7AFFF059804990691406828B9C6
S32500011C60FFE7059906988860486009E0059806998268516106998160816800204861FFE7D2
S32500011C8075E09DF8230006990979884233DAFFE705989DF82310079A069BDB68FFF7C6FFAD
S32500011CA001460598069AD1600699C968FFF79AFF01460598039106990969FFF793FF0146B1
S32500011CC00398401A022815D1FFE79DF823000699C9680979884206DAFFE705980699FFF746
S32500011CE0C9FE069005E005980699FFF7AFFE0690FFE7FFE73AE09DF823000699097988429D
S32500011D0033DDFFE705989DF82310079A069B1B69FFF78CFF01460598069A11610699096913
S32500011D20FFF760FF0146059802910699C968FFF759FF01460298401A022815D1FFE79DF8EC
S32500011D402300069909690979884206DDFFE705980699FFF7D9FE069005E005980699FFF77D
S32500011D60BFFE0690FFE7FFE7FFE7FFE7FFE705980699C968FFF736FF0146059801910699DE
S32500011D800969FFF72FFF019902460598FFF7F2FE01300699086006980AB080BD82B00190B1
S32500011DA0009101980099016002B0704782B00090009801684969016000680190019802B075
S32500011DC07047000081B00090009800210160416001B0704781B00090009841F67861C0F246
S32500011DE002010831016001B070470000F0B587B0069005910492039300200290FFE7029871
S32500011E000399884231D2FFE7049D029800EB400005EB001400940701059E06EB001101912F
S32500011E206068A268E368D4F810C0D4F814E0ED59F551C1F814E0C1F810C0CB608A604860A3
S32500011E40A069E269236AD4F824C0D4F828E0E46ACC62C1F828E0C1F824C00B62CA618861BB
S32500011E60FFE7029801300290C9E707B0F0BD000081B000900098083001B0704781B000904A
S32500011E8001B0704780B582B0019001980021416000F002F802B080BD10B590B00F900F985C
S32500011EA0019000200E90FFE70E9878BBFFE702A802F00EFE01980E9901EB410100EB011114
S32500011EC000910298039A049BDDF814C0DDF818E0079CCC61C1F818E0C1F814C00B61CA607A
S32500011EE088600898099A0A9BDDF82CC0DDF830E00D9C4C63C1F830E0C1F82CC08B624A6206
S32500011F000862FFE70E9801300E90CDE710B010BD80B584B0039002910192039800904068BF
S32500011F2001990844012801D8FFE70AE042F65C00C0F2020042F60F21C0F202015A22EEF71C
S32500011F4071FB00984168019B01EB410100EB01110831029AFFF74AFF0099019A48681044BA
S32500011F60486004B080BD00002DE9F04F8FB0DDF884A0DDF88090DDF87C801E9F1D9E1C9D4D
S32500011F801B9CDDF868E0DDF864C01899CDF834A0CDF83090CDF82C800A97099608950794B5
S32500011FA0CDF818E0CDF814C0049103930292019001980090406888B1FFE70098406808B983
S32500011FC0FFE70AE042F62800C0F2020042F60F21C0F202014B22EEF725FBFFE70098406861
S32500011FE008B9FFE70AE042F62800C0F2020042F60F21C0F202014D22EEF714FB009948686C
S3250001200000EB400001EB00120298039BDDF810C0DDF814E0069C079DD5619461C2F814E0CB
S32500012020C2F810C0D36090600898099BDDF828C0DDF82CE00C9C0D9D55631463C2F82CE0C3
S32500012040C2F828C0536210624868013048600FB0BDE8F08F84B00390029103980190029824
S32500012060012801D8FFE70AE042F64B00C0F2020042F60F21C0F202018E22EEF7D3FA019937
S325000120800298486004B0704781B0009000990120486001B07047000080B586B00490049866
S325000120A00190059000F09CFE019941F68460C0F20200083008600020486001F10800383135
S325000120C002910390FFE70398009002F001FD0098029A00F13001084691420390F3D1FFE71E
S325000120E00198FFF7CBFE059806B080BD80B582B001900198009000F005F8009805F082F9DB
S3250001210002B080BD81B00090009801B07047000084B00390029103980190029808B9FFE741
S325000121200AE042F63A00C0F2020042F60F21C0F202016622EEF776FA0199029849688842DF
S3250001214001D2FFE70AE042F67500C0F2020042F60F21C0F202016722EEF764FA0198029957
S3250001216001EB410100EB0110083004B07047000080B584B0039002910192009302980199A2
S32500012180009A5200EEF7D1FA04B080BD81B000900098083001B0704781B000900099002038
S325000121A0C861886148610861C860886001B0704780B582B0019001980021416000F002F83F
S325000121C002B080BD81B0009000990020C861886148610861C860886001B0704780B584B08A
S325000121E0039002910192039800904068019908440C2801D8FFE70AE042F65C00C0F2020041
S3250001220042F60F21C0F202015A22EEF70BFA00984168019B00EB41010831029AFFF7A8FFB8
S325000122200099019A48681044486004B080BD000084B00390ADF80A100398019040680C2838
S3250001224012D3FFE7019840680B2801D8FFE70AE042F62800C0F2020042F60F21C0F202015E
S325000122604B22EEF7DFF9FFE7019840680B2801D8FFE70AE042F62800C0F2020042F60F21AE
S32500012280C0F202014D22EEF7CDF901994A68BDF80A0001EB4202108148680130486004B05F
S325000122A07047000084B0039002910398019002980C2801D8FFE70AE042F64B00C0F202002C
S325000122C042F60F21C0F202018E22EEF7ABF901990298486004B0704781B0009000990C20D4
S325000122E0486001B07047000080B582B001900198009000F08DFD009841F6C061C0F2020187
S325000123000831016000214160FFF746FF009802B080BD000080B582B001900198009000F087
S3250001232005F8009805F06EF802B080BD81B00090009801B07047000084B003900291039801
S32500012340019002980B2801D8FFE70AE042F63A00C0F2020042F60F21C0F202016622EEF7BF
S3250001236061F9019902984968884201D2FFE70AE042F67500C0F2020042F60F21C0F202012C
S325000123806722EEF74FF90198029900EB4100083004B0704780B584B00390029101920093C8
S325000123A002980199009A5200EEF7BFF904B080BD81B000900098083001B0704781B00090AE
S325000123C000990020088101B07047000080B582B0019001980021416000F002F802B080BD20
S325000123E081B0009000990020088101B07047000080B584B003900291019203980090406876
S3250001240001990844012801D8FFE70AE042F65C00C0F2020042F60F21C0F202015A22EEF737
S3250001242001F900984168019B00EB41010831029AFFF7B0FF0099019A48681044486004B083
S3250001244080BD000084B00390ADF80A1003980190406888B1FFE70198406808B9FFE70AE0ED
S3250001246042F62800C0F2020042F60F21C0F202014B22EEF7D7F8FFE70198406808B9FFE735
S325000124800AE042F62800C0F2020042F60F21C0F202014D22EEF7C6F801994A68BDF80A00FD
S325000124A001EB4202108148680130486004B0704784B003900291039801900298012801D83E
S325000124C0FFE70AE042F64B00C0F2020042F60F21C0F202018E22EEF7A5F8019902984860C3
S325000124E004B0704781B0009000990120486001B07047000080B582B001900198009000F0CE
S3250001250087FC009841F6FC61C0F202010831016000214160FFF752FF009802B080BD000026
S3250001252080B582B001900198009000F005F8009804F068FF02B080BD81B00090009801B09A
S325000125407047000084B00390029103980190029808B9FFE70AE042F63A00C0F2020042F6AE
S325000125600F21C0F202016622EEF75CF8019902984968884201D2FFE70AE042F67500C0F2FD
S32500012580020042F60F21C0F202016722EEF74AF80198029900EB4100083004B07047000062
S325000125A080B584B0039002910192009302980199009A5200EEF7B9F804B080BD81B00090F7
S325000125C00098083001B0704781B0009000990020886001B07047000080B582B00190019861
S325000125E00021416000F002F802B080BD81B0009000990020886001B07047000080B584B006
S3250001260003900291019203980090406801990844022801D8FFE70AE042F65C00C0F2020026
S3250001262042F60F21C0F202015A22EDF7FBFF00984168019B00EB41010831029AFFF7B0FF98
S325000126400099019A48681044486004B080BD000084B00390ADF80A1003980190406802281E
S3250001266012D3FFE701984068012801D8FFE70AE042F62800C0F2020042F60F21C0F2020144
S325000126804B22EDF7CFFFFFE701984068012801D8FFE70AE042F62800C0F2020042F60F219F
S325000126A0C0F202014D22EDF7BDFF01994A68BDF80A0001EB4202108148680130486004B046
S325000126C07047000084B003900291039801900298022801D8FFE70AE042F64B00C0F2020012
S325000126E042F60F21C0F202018E22EDF79BFF01990298486004B0704781B0009000990220C5
S32500012700486001B07047000080B582B001900198009000F07DFB009841F63871C0F20201EC
S325000127200831016000214160FFF74EFF009802B080BD000080B582B001900198009000F05B
S3250001274005F8009804F05EFE02B080BD81B00090009801B07047000084B0039002910398E8
S3250001276001900298012801D8FFE70AE042F63A00C0F2020042F60F21C0F202016622EDF7A6
S3250001278051FF019902984968884201D2FFE70AE042F67500C0F2020042F60F21C0F2020112
S325000127A06722EDF73FFF0198029900EB4100083004B0704780B584B0039002910192039AA5
S325000127C0029950689268019B1A4403689B68984704B080BD80B582B00190019948688A6839
S325000127E0C96803689B68984702B080BD80B584B00390029101920093039B0299019A58681C
S325000128009B68DDF800C06344D0F800C0DCF804C0E04704B080BD000080B588B006900591A1
S325000128200492039306980190079000F0D7FB019941F67470C0F2020008300860059848608F
S32500012840049888600398C8600498039908440290059801680969884701460298884201D849
S32500012860FFE70AE043F29D10C0F2020043F2BC11C0F202011122EDF7D5FE079808B080BDB6
S3250001288082B00190009101980099016002B0704781B00090009801B07047000081B000905F
S325000128A0009841F69071C0F202010831016001B07047000081B00090009841F6B471C0F223
S325000128C002010831016001B07047000082B001908DF8031001989DF803100170002141601D
S325000128E0816002B07047000080B586B005908DF81310059801900C2004F0A4FD02909DF8C9
S325000129001310FFF7E3FF019802990391806838B9FFE701990398C8608860012048600CE034
S325000129200199C868039A50600398CA6890600398C860486801304860FFE706B080BD000097
S3250001294082B00190009101980099016002B0704782B0009000980168896801600068019012
S32500012960019802B07047000080B588B00690059106980090079000F021F80598049004981A
S3250001298003F0A6FD0390049803F09AFD0290FFE70398029988420ED0FFE7009803990978F0
S325000129A08DF807109DF80710FFF79EFFFFE7039801300390ECE7079808B080BD81B00090C8
S325000129C0009841F6CC71C0F2020108310160002141608160C16001B07047000080B582B002
S325000129E001900198009000F005F8009804F00AFD02B080BD81B00090009801B070470000E6
S32500012A0082B00190009101980099016000214160816002B07047000080B586B00590049127
S32500012A20059801900C2004F00DFD02900499FFF7E7FF019802990391806838B9FFE701990B
S32500012A400398C8608860012048600CE00199C868039A50600398CA6890600398C8604868C8
S32500012A6001304860FFE706B080BD000081B00090009841F6DC71C0F2020108310160002150
S32500012A8041608160C16001B07047000080B582B001900198009000F005F8009804F0B2FCDC
S32500012AA002B080BD81B00090009801B07047000082B00190009101980099016002B070470F
S32500012AC082B00090009801688968016000680190019802B07047000081B00090009841F64F
S32500012AE0EC71C0F2020108310160002141608160C16001B07047000080B582B00190019866
S32500012B00009000F005F8009804F07CFC02B080BD81B00090009801B07047000083B08DF8C5
S32500012B2007009DF807000146009103281CD80099DFE801F01402080E41F21400C0F202007C
S32500012B40029017E041F20C00C0F20200029011E040F6FC70C0F2020002900BE041F2040065
S32500012B60C0F20200029005E041F20400C0F202000290FFE7029803B07047000081B00090FB
S32500012B800098C06801B0704780B582B001900198002181604168C068EDF714FE02B080BDBD
S32500012BA080B584B00390029101920398009041688068019A1044884201D8FFE70AE042F696
S32500012BC0EE20C0F2020042F60831C0F202017222EDF728FD0098019A8168C068084402993E
S32500012BE0EDF7A3FD0099019A88681044886004B080BD000084B003908DF80B100398019066
S32500012C0041688068884201D2FFE70AE042F6B720C0F2020042F60831C0F202016522EDF75B
S32500012C2001FD01999DF80B008B68CA68D05488680130886004B0704784B0039002910399A2
S32500012C40019102984968884201D8FFE70AE042F6DC20C0F2020042F60831C0F20201A62247
S32500012C60EDF7E0FC01990298886004B07047000081B0009000994868886001B070470000AC
S32500012C8080B584B0039002910398019000F0B4F8019841F6FC71C0F20201083101600299AF
S32500012CA041600021816001210174406804F0C8FB01460198C1604168C068EDF783FD0198A5
S32500012CC004B080BD80B582B001900198009000F005F8009804F096FB02B080BD80B584B079
S32500012CE0029002980190039041F6FC71C0F2020108310160007CC00750B1FFE70198C0689F
S32500012D00009020B1FFE7009804F07CFBFFE7FFE7039804B080BD000084B003900291039914
S32500012D20019102984968884201D2FFE70AE042F6CA20C0F2020042F60831C0F202017E22A6
S32500012D40EDF770FC019902988968884201D2FFE70AE042F67500C0F2020042F60831C0F206
S32500012D6002017F22EDF75EFC01980299C068084404B0704781B0009000980021016001B0CB
S32500012D807047000086B00590049105980190049840090390049800F01F00029004980F285F
S32500012DA001D8FFE70AE043F24F60C0F2020043F2F651C0F202018622EDF734FC01980399A9
S32500012DC000EB810101F070406FF31F5140EA4110029940EA810040F0007006B0704700003E
S32500012DE081B00090009842F23801C0F202010831016001B07047000081B00090009842F2C2
S32500012E006C01C0F202010831016001B07047000081B00090009842F2A001C0F2020108316B
S32500012E20016001B07047000081B00090009842F2D401C0F202010831016001B070470000A9
S32500012E4082B0019001980090806808B1FFE70AE042F68A40C0F2020042F64241C0F20201E8
S32500012E608922EDF7DFFB0098806802B07047000080B582B0019001980090806808B1FFE751
S32500012E800AE042F68A40C0F2020042F64241C0F202014322EDF7C6FB0098416880680131B6
S32500012EA0EDF790FC02B080BD80B584B003908DF80B1003980090806808B1FFE70AE042F63C
S32500012EC08A40C0F2020042F64241C0F202013822EDF7A8FB009803F0C7F90099019001980E
S32500012EE04968884207D2FFE700999DF80B008968019A8854FFE7009804B080BD81B00090C0
S32500012F00009880680078B0FA80F0400901B0704780B584B0039002910399019142F2F40002
S32500012F20C0F2020008300860029848600298013004F086FA014601988160FFF799FF0198CD
S32500012F4004B080BD80B584B002900298039042F2F401C0F20201083101608068019020B18F
S32500012F60FFE7019804F04EFAFFE7039804B080BD80B584B003900291039800900299019136
S32500012F8003F072F901460198884201D2FFE70AE042F60E40C0F2020042F64241C0F20201D5
S32500012FA09C22EDF73FFB009902984968884201D2FFE70AE042F62740C0F2020042F64241CF
S32500012FC0C0F202019D22EDF72DFB009802998068084404B080BD00000720704781B0009073
S32500012FE0009842F20411C0F202010831016001B07047000081B00090009842F22011C0F2C2
S3250001300002010831016001B07047000081B000900098007800F0010001B0704783B00290B5
S3250001302001918DF8032002989DF8031001F0010101700199416003B07047000081B0009043
S325000130400098406801B0704780B590B002900F910E920F984268D1170C920D918168C8173D
S325000130600A910B900E99C817089109900A9B0B99089ADDF824C0A3FB020E03FB0CE301FB20
S3250001308002310C9A0D9BEDF7D7F907910690069803900798049003F01DFE039B04990246D1
S325000130A000209B1A71EBE271059012DBFFE7069800900798019003F009FE009B0199024648
S325000130C0D017D21A88414FF00000A8BF01200590FFE703990298059A02F00102FFF79EFFAE
S325000130E010B080BD80B590B002900F910E920F984268D1170C920D918168C8170A910B9012
S325000131000E99C817089109900C9B0D99089ADDF824C0A3FB020E03FB0CE301FB02310A9ADA
S325000131200B9BEDF789F907910690069803900798049003F0CFFD039B0499024600209B1AD3
S3250001314071EBE271059012DBFFE7069800900798019003F0BBFD009B01990246D017D21AF8
S3250001316088414FF00000A8BF01200590FFE703990298059A02F00102FFF750FF10B080BD31
S3250001318080B586B004900391029204980190059000F076F8019942F23010C0F202000830E7
S325000131A008600398486002988860039808B1FFE70AE043F22330C0F2020043F23231C0F231
S325000131C00201D322EDF72EFA029808B1FFE70AE043F21230C0F2020043F23231C0F2020149
S325000131E0D422EDF71FFA059806B080BD85B004900391029204980090FFE70298411E0291B6
S3250001320030B3FFE700990888039A127850400190019800F00F0241F21C00C0F2020030F8A8
S3250001322012200B8882EA13120A800A88039B1B7882EA13120192019A02F00F0230F81200E8
S325000132400A8880EA12100880039801300390D4E70098008805B0704780B584B0039002918C
S32500013260019203980299019AFFF7C0FF04B080BD81B0009000980021018001B070470000DA
S3250001328081B00090009842F24011C0F202010831016001B07047000080B58EB0DDF840C04A
S325000132A00C908DF82F10ADF82C20ADF82A300C98049000F1300109A8FBF7AEFF0498083039
S325000132C00390FFF761FC03989DF82F10FFF792FC03980321FFF78EFC03989DF82D10FFF76C
S325000132E089FC03989DF82C10FFF784FC03989DF82B10FFF77FFC03989DF82A10FFF77AFCAE
S3250001330003990498002200F081F801460398FFF771FC049800F0B6F80890089800286AD1C9
S32500013320FFE704981C3002F065FFBDF82A20042101EB420188423FD1FFE704981C30012145
S32500013340FFF7EAFC0078032836D1FFE710980168096A884700200690FFE70698BDF82A107E
S32500013360884224DAFFE704981C300190069A032101EB4201FFF7D0FC014601980978029176
S32500013380069A042101EB4201FFF7C6FC0299007840EA0120ADF81E001098BDF81E10026864
S325000133A012689047FFE7069801300690D5E700200D900120059023E004981C3002F01AFF45
S325000133C0042813D1FFE704981C300121FFF7A4FC007883280AD1FFE704981C300221FFF76B
S325000133E09BFC00780D900120059009E004200D900120059004E008980D9001200590FFE747
S3250001340009A8FBF71DFF0D980EB080BD80B586B0059004918DF80F2000208DF80E000498AE
S3250001342001684969884702909DF80F00C00740B1FFE70298012804DBFFE7029801380290DA
S32500013440FFE700200190FFE701980299884210DAFFE7049801990268D268904701789DF85B
S325000134600E0008448DF80E00FFE7019801300190EAE79DF80E0040428DF80E009DF80E00EB
S3250001348006B080BD80B590B00E900E99069141F270700D9000200790ADF830000B908DF885
S325000134A02A00ADF8280051F81C0B05910168C96A88470598FFF768FB06983A2100F052F973
S325000134C007980990FFE7069809990491083002F091FE0146049888421DD2FFE706980830E1
S325000134E00999FFF719FC037842F6B222C0F202020AA80321ECF7F0FF06989DF8281000F0D8
S3250001350031F906989DF8291000F02CF9FFE7099801300990D7E706980D2100F023F9069874
S325000135200A2100F01FF9FFE7069800680D9A01684B690DF13301984700286DD0FFE79DF8B0
S3250001354033008DF8300064200D900B98039040B1FFE7039801280DD0FFE70398022810D022
S3250001356059E09DF833003A2803D1FFE701200B90FFE750E09DF833008DF8280002200B9023
S3250001358049E09DF833008DF8290001200B909DF828000D2830D1FFE79DF829000A282BD104
S325000135A0FFE706981C3002F025FE10B3FFE706981C30029002F01EFE014602980139FFF7DB
S325000135C0ABFB02990246069812788DF823200122FFF71CFF8DF822009DF823009DF8221011
S325000135E0884203D1FFE700200F9019E004200F9016E004200F9013E006981C3001900AA8EC
S3250001360000211022ECF7D1FF01460198C9B2FFF7F1FAFFE7FFE702E004200F9000E083E7A6
S325000136200F9810B080BD000080B58EB0DDF840C00D908DF83310ADF830200B930D98059065
S3250001364008A80690FEF756FF0598069B9DF83310BDF83020EC46CCF800300123FFF71CFE5E
S325000136600790079890B9FFE708A8049000210391FEF768FF03990246049852780B9B1A700F
S32500013680FEF760FF008810990870FFE70798029008A8FEF751FF02980EB080BD80B58CB014
S325000136A00B908DF82B10ADF8282009930B98039006A80490FFF728F80398049B9DF82B1087
S325000136C0BDF82820EC46CCF800300223FFF7E4FD05900598A0B9FFE706A802900021FFF7FC
S325000136E03BF80146029809880904099A11600121FFF732F802880999086810430860FFE77E
S325000137000598019006A8FFF721F801980CB080BD80B584B084460698CDF80CC08DF80B1023
S32500013720ADF808208DF807308DF8060003989DF80710ADF80410BDF804100902ADF80410E1
S325000137409DF80620BDF804101143ADF804109DF80B10BDF80820BDF8043000F013F804B0AC
S3250001376080BD000080B582B001908DF803100198406801684B680DF103010122984702B062
S3250001378080BD000080B58AB008908DF81F10ADF81C20ADF81A300898029000F1300105A859
S325000137A0FBF73AFD029808300190FFF7EDF901989DF81F10FFF71EFA01980621FFF71AFA65
S325000137C001989DF81D10FFF715FA01989DF81C10FFF710FA01989DF81B10FFF70BFA01983B
S325000137E09DF81A10FFF706FA019902980022FFF70DFE01460198FFF7FDF90298FFF742FE1A
S3250001380004900498A0BBFFE702981C3002F0F2FC07280ED1FFE702981C300121FFF77CFA02
S325000138200078062805D1FFE7002009900120039023E002981C3002F0DDFC042813D1FFE708
S3250001384002981C300121FFF767FA007886280AD1FFE702981C300221FFF75EFA00780990B3
S325000138600120039009E0042009900120039004E00498099001200390FFE705A8FBF7E0FC05
S3250001388009980AB080BD000080B588B00790069105920798049006990160059941600830AD
S325000138A040210191FFF7ECF9049801991C30FFF7E7F904983030039003F010FA029003F0CA
S325000138C00DFA029A034603980021FBF7FFFE049808B080BD80B582B0019001980090303038
S325000138E0FBF74CFF00981C30FFF7F8F900980830FFF7F4F9009802B080BD000083B00190BB
S32500013900019900918868C968884209DBFFE7009A11689068D268801AC0430844029006E01A
S3250001392000998868C968C04308440290FFE7029803B0704780B540F66050C2F200000078B4
S32500013940BFF35F8FC007B8B9FFE740F66050C2F2000006F0F9F878B1FFE741F65400C2F2D3
S3250001396000004CF2503100F019F940F66050C2F2000006F0FFF8FFE741F65400C2F20000D3
S3250001398080BD000082B080B58AB00D930C9209900891099803900CA907914169019180692C
S325000139A0029007F01BFB01990346029842F6F442C0F20202ECF790FD01460398069141692D
S325000139C08069069A1044891A089A079B0593059BECF7A2FD0398816900F064F88DF81300F9
S325000139E09DF8130000F001000AB0BDE8804002B07047000080B586B00490039102920498DC
S32500013A00009000F0C1F820B1FFE700208DF8170043E000200190FFE700988168C0688842C6
S32500013A202FD0FFE700984168C268895C039A019BD154C168012200F097F80099C8600398C5
S32500013A4001994A1C0192405C40B9FFE7009908690138086101208DF817001EE001980299B6
S32500013A60013988420CDBFFE70099039A019B0020D05408690138086101208DF817000CE09C
S32500013A80CAE70099039A019B0020D05408690138086101208DF81700FFE79DF8170006B040
S32500013AA080BD000080B586B004900391049800900398ECF71BFE0099013002900298096805
S32500013AC0884204D3FFE700208DF8170048E0FFE70098FFF713FF029988421FDAFFE7009812
S32500013AE0006908B9FFE719E0FFE700994868C968405C40B1FFE70098C168012200F034F8E3
S32500013B000099C860F1E70098C168012200F02CF80099C860086901380861D9E700200190C8
S32500013B20FFE701980299884212DAFFE700980399019A895C42688368D1548168012200F05E
S32500013B4013F800998860FFE7019801300190E8E7009908690130086101208DF81700FFE77B
S32500013B609DF8170006B080BD83B002900191009202980199009A0A440168B2FBF1F000FBA8
S32500013B80112003B07047000081B0009000980069B0FA80F0400901B07047000080B584B08D
S32500013BA0039002910399019102980860029803F047FC01460198416000218160C1600161D2
S32500013BC080214161406903F03BFC01460198816104B080BD80B582B001900091FFF7AAFEEE
S32500013BE0009A42F6A511C0F20201FFF7CBFE009941F65820C2F20000FAF796F8FFF79AFEB9
S32500013C0042F60F01C0F20201FFF7BCFE02B080BD70B5C0B01E903F918DF8FB203F981790D0
S32500013C2030A81A90FEF738FAFFF784FE42F60801C0F20201FFF7A6FE1798D0F8CC030DF188
S32500013C40BF0100F057FF1798D0F8CC030DF1BE0100F068FF1A9B1798D0F8CC0301210522B9
S32500013C6001F028F81A9800211B91FEF751FA02F0BBFB1A981B998DED180BFEF749FA02F098
S32500013C80C3FBB0EE401AF0EE601A9DED180B9DF8BF1028A81F90F9F7D5F81A981B99FEF767
S32500013CA037FA02F0A9FB1A981B998DED1C0BFEF72FFA02F0B1FBB0EE401AF0EE601A9DED99
S32500013CC01C0B9DF8BE1022A82090F9F7BBF81E981F99209AF9F7D6F89DF8FB00C0070028D1
S32500013CE069D0FFE713202190FFE72198A0B3FFE7DDF85CE0219800EB40000EEB001116913C
S32500013D00040151F8280C51F8242C51F8203C51F81CCC51F8185C51F8146CCE618D61C1F84F
S32500013D2014C00B61CA60886051F8100C51F80C2C51F8083C51F804CC5EF804E04C684C6301
S32500013D40C1F830E0C1F82CC08B624A620862FFE7219801382190C8E717981E9C21686268F7
S32500013D60A368D4F80CC0D4F810E06569C561C0F818E0C0F814C00361C2608160A169E269F1
S32500013D80236AD4F824C0D4F828E0E46A4463C0F830E0C0F82CC0836242620162D0F8C8032B
S32500013DA0132807D8FFE71799D1F8C8030130C1F8C803FFE7FFE7FFF7BDFD01461E981591E4
S32500013DC001F0D8FD1E988DED120B01F0EDFD1E988DED100B01F0F0FD01461E980F911830E0
S32500013DE0099001F0C7FD09988DED0C0B01F0DCFD09988DED0A0B01F0DFFD9DED0A3B9DED1C
S32500013E000C2B0F9A9DED101B9DED120B0346159869460B6281ED063B81ED042B8A6081EDA9
S32500013E20001B53EC102B42F68401C0F20201FFF7A9FD30A8FEF766F940B070BD82B00190CC
S32500013E40009101990098486002B07047B0B5AEB02D902C912D980D90FFF76CFD42F2F371F1
S32500013E60C0F20201FFF78EFD41F65820C2F200000321F9F759FF1CA8FEF70EF90D98006869
S32500013E804030002101F01AFE01460D988DF86C10D0F8CC030DF16F0100F0A8FE0D98D0F88C
S32500013EA0CC030DF16E0100F089FE9DF86C009DF86E10884205DDFFE79DF86E008DF86C00AE
S32500013EC00CE09DF86C009DF86F10884205DAFFE79DF86F008DF86C00FFE7FFE70D98D0F81D
S32500013EE0CC030DF16D0100F005FE0D98D0F8CC039DF86C1000F02EFEFFF71CFD01460D9829
S32500013F0003919DF86D100291006840300021079101F0D4FD029A034603989DF86C10EC464B
S32500013F20CCF8001042F68011C0F20201FFF72AFD0D99079A0EA8FFF76BFE0D982C9A0E999D
S32500013F400F9BDDF840C0DDF844E0129C139D55611461C2F80CE0C2F808C053601160149960
S32500013F60159BDDF858C0DDF85CE0189C199DD5629462C2F824E0C2F820C0D3619161D0F8AF
S32500013F80CC039DF86D1000F0E5FD2C9801F0FAFC0D9807998DED040B006801F08FFD08F011
S32500013FA0F2FB9DED040B41EC110B53EC112B51EC100B08F0C9FE002818BF01208DF8AF0045
S32500013FC0FFF7B8FC0B902C9801F0DCFC0D9807998DED080B006801F071FD9DED080B01468B
S32500013FE00B986A46116053EC102B42F6CB01C0F20201FFF7C7FC41F65820C2F20000022184
S32500014000F9F792FEFFF796FC9DF8AF1001F0010242F6B611C0F20201FFF7B4FC9DF8AF00AB
S325000140200C901CA8FEF76EF80C9800F001002EB0B0BD000080B582B0019041F65820C2F283
S3250001404000000221F9F770FE02B080BD80B584B0009003910398019041F65820C2F20000CD
S3250001406002900321F9F760FE009801990122FFF7CFFD02980221F9F757FE04B080BD00002B
S3250001408080B5C4B043904291419243981790FFF751FC429A42F6E101C0F20201FFF772FC23
S325000140A01798002112918DF80311D0F8CC030DF5817100F09BFD1798D0F8CC030DF2011183
S325000140C000F07CFDFFF736FC9DF802219DF8013142F6F101C0F20201FFF754FC17980521CF
S325000140E08DF80011D0F8CC039DF8021100F032FD129A179934A81690FFF78AFD1798D0F8F3
S32500014100CC039DF802119DF800211144C9B200F021FD129A179928A81590FFF779FD429876
S3250001412008F048FB0246169813920A46139942EC101B8DED260B01F037FC16988DED240B27
S3250001414001F03AFC08F036FB0246159814920A46149942EC101B8DED220B01F025FC1598B1
S325000141608DED200B01F028FC08F024FB41EC100B8DED1E0BFFF7DEFB9DED260B9DED241B29
S325000141809DED222B9DED203B9DED1E4B694681ED064B81ED043B81ED022B81ED001B53ECEB
S325000141A0102B42F6D211C0F20201FFF7EBFB169801F0FAFB17988DED180BD0F8CC0302F0A8
S325000141C007F99DED181B51EC110B53EC102B08F0C2FD90B9FFE700208DF803019DF8020121
S325000141E041990860FFF7A6FB41990A6842F61611C0F20201FFF7C6FB48E128A801F0D4FB0F
S3250001420017988DED100BD0F8CC0302F0E1F89DED101B51EC110B53EC102B08F09CFD0028B0
S3250001422040F08780FFE79DED261B9DED240B51EC110B53EC102B08F0E3F841EC110B9DED5D
S32500014240220B51EC110B53EC102B08F03FFB41EC100B51EC100B9FED9C0B53EC102B08F0E0
S3250001426013F841EC100B8DED1C0BFFF763FB9DED1C0B53EC102B42F6F611C0F20201FFF7DA
S3250001428081FB9DED1C0B02F005FF28B1FFE79DF80201419908601EE09DED1C0B02F0E8FED4
S325000142A028B1FFE79DF802014199086012E09DED1C0B51EC100B9FED840B53EC102B07F0D7
S325000142C0E3FF41EC100B51EC100B08F02FFA41990860FFE7FFE7FFF72DFB41990A6842F684
S325000142E03011C0F20201FFF74DFB419800689DF80211884208D2FFE79DF802014199086036
S3250001430000208DF8030113E0419800689DF80111884208D9FFE79DF8010141990860002088
S325000143208DF8030103E001208DF80301FFE7FFE7ABE09DED1E1B9DED220B51EC110B53ECF7
S32500014340102B0F930E9208F0F5FB41EC100B8DED080B9DED201B9DED240B51EC110B53EC06
S32500014360102B0B930A9208F0E5FB9DED081B41EC100B51EC110B53EC102B08F041F80A9A4C
S325000143800B9B41EC100B8DED0C0B9DED260B51EC100B08F0CFFB9DED0C1B41EC100B51EC8C
S325000143A0110B53EC102B08F091FA0E9A0F9B41EC100B51EC100B07F067FF41EC100B8DEDCC
S325000143C01A0BFFF7B7FA9DED1A0B53EC102B42F6F611C0F20201FFF7D5FA9DED1A0B02F087
S325000143E059FE28B1FFE79DF80201419908601EE09DED1A0B02F03CFE28B1FFE79DF8020196
S325000144004199086012E09DED1A0B51EC100B9FED2E0B53EC102B07F037FF41EC100B51EC69
S32500014420100B08F083F941990860FFE7FFE7FFF781FA41990A6842F64A11C0F20201FFF7DD
S32500014440A1FA419800689DF80211884208D2FFE79DF802014199086000208DF8030113E0D1
S32500014460419800689DF80111884208D9FFE79DF801014199086000208DF8030103E0012036
S325000144808DF80301FFE7FFE7FFE7FFE71798D0F8CC034199097800F05DFBFFF74BFA9DF83B
S325000144A0031101F0010241990B6842F66411C0F20201FFF767FA9DF8030100F0010044B069
S325000144C080BD00BF00BF00BF000000000000E03F10B590B00F900F980190FFF72BFA42F211
S325000144E0FA71C0F20201FFF74DFA41F65820C2F200000321F9F718FC00200E90FFE70E9883
S3250001450013282FD8FFE702A8F8F7E6FC01980E9901EB410100EB011100910298039A049B1F
S32500014520DDF814C0DDF818E0079CCC61C1F818E0C1F814C00B61CA6088600898099A0A9B8A
S32500014540DDF82CC0DDF830E00D9C4C63C1F830E0C1F82CC08B624A620862FFE70E98013028
S325000145600E90CCE701990020C1F8C80341F65820C2F200000221F9F7D7FBFFF7DBF942F65B
S325000145801601C0F20201FFF7FDF910B010BD000080B594B013901398019000201290FFF7BF
S325000145A0C9F942F60101C0F20201FFF7EBF941F65820C2F200000321F9F7B6FB04A8029003
S325000145C0FDF76AFD0198029BD0F8CC030122114600F070FB0390039860B1FFE7129840F0D8
S325000145E00100129041F65820C2F200000121F9F79BFB07E041F65820C2F200000221F9F7A9
S3250001460093FBFFE7FFF796F9129A42F6C411C0F20201FFF7B7F91298009004A8FDF772FD3D
S32500014620009814B080BD000081B000900098D0F8CC0301B07047000080B588B006900591E9
S325000146400492069901910791059808600020486001F1080001F5727102910390FFE70398AD
S325000146600090F8F739FC0098029A00F13001084691420390F3D1FFE701990020C1F8C8038D
S325000146800498C1F8CC03079808B080BD82B00190009101990098486402B0704780B58CB04F
S325000146A00B900B98049000200A908DF82700FFE740F60040C2F2000003F020F90890089867
S325000146C00130002800F09580FFE708983A2804D0FFE708983B2816D1FFE7049801210A91AA
S325000146E01C30FEF7C5FB04982830FEF7C1FB049908983B38B0FA80F0400981F8340000202D
S325000147008DF8270074E00A98039000286DD0FFE7039801286AD1FFE708980A2804D0FFE7A1
S3250001472008980D2843D1FFE7049890F83400C00758B3FFE7F7F778FD014604980691069917
S3250001474002911C300090FEF77BFB01460098019101F08AFD01990246029803F097F80690FB
S325000147600698F7F747FD0146049806912830FEF767FBEBF70DFF059006980599401AB0FA76
S3250001478080F040098DF81F0003E001208DF81F00FFE79DF81F00C00730B1FFE7049800F158
S325000147A01C0100F027F8FFE700200A901CE00898402804D1FFE701208DF8270013E09DF812
S325000147C02700C00738B1FFE7049828309DF82010FEF76AFB06E004981C309DF82010FEF77A
S325000147E063FBFFE7FFE7FFE701E0FFE7FFE7FFE7FFE75DE780B59EB01D901C911D980190C2
S325000148001C98FEF77BFB002840F0A880FFE70020069005908DF813008DF812000390FFE719
S32500014820039813280ADCFFE7039A07A9002041F82200FFE7039801300390F1E700201B901F
S325000148401C98FEF7FDFA0290FFE702980699415C0020009069B1FFE706990020FE2900903D
S3250001486007DCFFE71B9900201429B8BF01200090FFE70098C007002863D0FFE7059800BB51
S32500014880FFE702980699405C272806D0FFE702980699405C222814D1FFE701200590029910
S325000148A0069A895C8DF81310029A0699114401311B9B5A1C1B9207AA42F823108DF8120074
S325000148C03BE0059880B1FFE702980699405C9DF81310884208D1FFE70299069A00208854B5
S325000148E005908DF8120027E0059870B9FFE702980699405C03F0ECFA38B1FFE70299069A1A
S32500014900002088548DF8120015E0059890B9FFE79DF81200C00768B9FFE702980699084442
S325000149201B9A511C1B9107A941F8220001208DF81200FFE7FFE7FFE7FFE7069801300690E2
S3250001494083E70198406C40B1FFE70198406C1B990268136807AA9847FFE7FFE71EB080BD85
S3250001496080B586B0059005980390FAF7C7FF03980430FF210091F9F715F90398009941F660
S325000149806432C0F2020202F108030360243242601C30FEF7BDFA039828300A21FEF7B8FAAE
S325000149A003980021049180F834103830029002F095F9019002F092F9019A04990346029840
S325000149C0FAF784FE03980499416406B080BD000080B582B001900198009000F005F80098E7
S325000149E002F010FD02B080BD80B584B003900398029041F66431C0F2020101F108030246D3
S32500014A0042F81C3B009201F12402014641F8042F01913830FAF7B2FE02982830FEF792FA93
S32500014A200098FEF78FFA0198F9F7F0F8029804B080BD000080B588B007900691059207988C
S32500014A40039000680290BDF8180001900598016809698847019A01460298059BEC46CCF80B
S32500014A6000308BB20021FEF717FC014603980491049901F001FD08B080BD00008EB00D90C6
S32500014A808DED0A0B8DED081B8DED062B8DED043B8DED024B8DED005B0D989DED0A0B80ED32
S32500014AA0000B9DED080B80ED020B9DED060B80ED040B9DED040B80ED060B9DED020B80ED9B
S32500014AC0080B9DED000B80ED0A0B0EB07047000081B000900098002141600160C1608160B2
S32500014AE041610161C161816141620162C162816201B0704780B584B0039002910398029A6D
S32500014B00182100F0BBF80190FEF714FF02990A7842F65231C0F20201FEF734FF019804B017
S32500014B2080BD000080B584B0039002910398029A192100F0A3F80190FEF7FCFE02990A7809
S32500014B4042F67231C0F20201FEF71CFF019804B080BD000080B584B003908DF80B100398ED
S32500014B600190FEF7E7FE9DF80B2042F66231C0F20201FEF707FF01989DF80B20182100F006
S32500014B808DFA04B080BD000080B584B003908DF80B1003980190FEF7CDFE9DF80B2042F616
S32500014BA08231C0F20201FEF7EDFE01989DF80B20192100F073FA04B080BD000080B584B05C
S32500014BC0039002910398029A1C2100F057F80190FEF7B0FE02990A7842F69231C0F20201F4
S32500014BE0FEF7D0FE019804B080BD000080B584B0039002910398029A1E2100F03FF80190A4
S32500014C00FEF798FE02990A7842F62C31C0F20201FEF7B8FE019804B080BD000080B584B0FD
S32500014C20039002910398029A1D2100F027F80190FEF780FE02990A7842F6A531C0F20201DF
S32500014C40FEF7A0FE019804B080BD000080B584B0039002910398029A1F2100F00FF80190A2
S32500014C60FEF768FE02990A7842F63F31C0F20201FEF788FE019804B080BD000080B588B0E6
S32500014C80079006910592079802900068BDF81820059BEC460DF10F01CCF800100021FEF7F8
S32500014CA0C3FC014602980491049901F0E5FB08B080BD00002DE9F04FCDB04C90ADF82E11C3
S32500014CC04A9249934C98229000202190479049980168096A88474998016809698847219906
S32500014CE00246229892B200F0F5F94890489808B1FFE798E12298BDF82E21012100F0EAF906
S32500014D004890489808B1FFE78DE122980221002200F0C4F94890489808B1FFE783E12298A6
S32500014D209DF82821032100F0B9F94890489808B1FFE778E122980421022200F0AFF94890A5
S32500014D40489808B1FFE76EE122980621002200F0A5F94890489808B1FFE764E122984FF454
S32500014D60807147AA00F064F94890489808B1FFE759E122984FF40071012200F0ABF948906F
S32500014D80489808B1FFE74EE1002046903EA8FDF7ABFA3CA82090FAF773FA2098FAF762FAF2
S32500014DA0FFE749980168496988471F90499801680969884701461F98884280F02981FFE739
S32500014DC0C820FAF787FD22984FF4807146AA00F02FF94890489818B1FFE7022023901AE142
S32500014DE0BDF82E014FF47A71484300F57A713CA800F0E2FE48B1FFE701204890489818B1FA
S32500014E00FFE70220239006E1FFE746984799884201D8FFE7C5E73CA8FAF724FA2298469984
S32500014E2047914FF482713EAAFFF704FE4890489818B1FFE702202390EDE03EA810900021CD
S32500014E40FDF77AFA0146109809880B910121FDF773FA0B9902462298128801F01DFB0146B4
S32500014E60229801F0E1FA10988DED1A0B0221FDF763FA0146109809880C910321FDF75CFA5F
S32500014E800C9902462298128801F006FB0146229801F0CAFA10988DED120B0421FDF74CFA84
S32500014EA00146109809880D910521FDF745FA0D9902462298128801F0EFFA0146229801F066
S32500014EC0B3FA10988DED140B0621FDF735FA0146109809880E910721FDF72EFA0E99024641
S32500014EE02298128801F0D8FA0146229801F09CFA10988DED160B0821FDF71EFA01461098A5
S32500014F0009880F910921FDF717FA0F9902462298128801F0C1FA0146229801F085FA109821
S32500014F208DED180B0A21FDF707FA01461098098811910B21FDF700FA11990246229812882B
S32500014F4001F0AAFA0146229801F06EFA9DED121B9DED142B9DED163B9DED184BB0EE405ADB
S32500014F60F0EE605A9DED1A0B30A8FFF787FD49981D903099319A329BDDF8CCC0DDF8D0E0BC
S32500014F80359C2994CDF8A0E0CDF89CC02693259224913699379A389BDDF8E4C0DDF8E8E068
S32500014FA03B9C2F94CDF8B8E0CDF8B4C02C932B922A91249A259BDDF898C0279C289D299E89
S32500014FC02A9FDDF8AC80DDF8B090DDF8B4A0DDF8B8B0DDF8BCE00068016868461E90C0F82F
S32500014FE024E01D98DDF878E0CEF820B0CEF81CA0CEF81890CEF81480CEF81070CEF80C606C
S32500015000CEF80850CEF80440CEF800C08847C8E600202390FFE73EA8FDF788F9239808B1D6
S32500015020FFE700E0FFE748984DB0BDE8F08F000080B586B0059004910392059801900068FC
S32500015040BDF81020039B0021FEF728FB014601980291029901F010FA06B080BD80B582B02A
S3250001506001908DF8031001989DF8031001F0010240F2022100F012F802B080BD80B582B026
S3250001508001908DF8031001989DF8031001F0010240F2032100F002F802B080BD80B586B011
S325000150A0059004918DF80F20059801900068BDF810209DF80F30EC460021CCF80010FEF7A0
S325000150C027FB014601980291029901F0D5F906B080BD000080B586B005900491ADF80E207F
S325000150E0059801900068BDF81020BDF80E300021FEF748FB014601980291029901F0BCF92E
S3250001510006B080BD82B00190009101980099016002B0704770477047F0B581B01546DDE9E0
S3250001512006720E4689681C467AB1814204D040684968EBF7BDFB60B931462A46234606978E
S3250001514001B0BDE8F04000F078B8406849688842F2D001B0F0BD2DE9F0411646069A0C46CA
S325000151608968984607468AB1B94230D07D6849682846EBF79DFB50B32068B8420ED041684C
S325000151802846EBF795FB48B1BDE8F0817868496888421CD0216849688842F5D12069B0428D
S325000151A020D06069B0421DD0D4E90901C4F82080013101286661A16205D1A069022804BF3C
S325000151C0012084F836000420E062BDE8F0816068B042D9D1E06901281CBFC4F81C80BDE8CB
S325000151E0F081D1E7B8F1010F18BFBDE8F08101202062BDE8F08180B5D1F808C0D0F804E0AE
S32500015200DCF80400864518BF80BD086950B190420DD0486A0130486202208861012081F87D
S32500015220360080BD01200A618B61486280BD8869022804BF8B6180BD80BD80B548684FF02D
S32500015240010E984281F835E000D080BD0B69DDF808C081F834E02BB193420FD0486A0130B2
S32500015260486217E00120BCF1010F0A61C1F818C04862EAD1086B01280CD0E6E78A69022AE3
S3250001528004BFC1F818C06246086B012818BF80BD012ADAD1012081F8360080BDF0B58FB094
S325000152A0054640684B6898422DD041F288031446C0F2020341F29402C0F20202084619466F
S325000152C00023002602F0D0F9F0B101AE0746301D3421EBF799FA4FF0FF3004900120019754
S325000152E003950D9038682268C569384631460123A84707980138B0FA80F04FEA501604BFBE
S325000153000598206000E0012630460FB0F0BD2DE9F04383B0DDE90A450E46896898469146F5
S3250001532007467DB1B94204D078684968EBF7C0FA60B931464A4643460A9403B0BDE8F0431D
S32500015340FFF77BBF786849688842F2D0B8684A46016843464F693146CDE90045B84703B07B
S32500015360BDE8F0832DE9F04383B0DDF828900C46896898461546B9F1000F07462FD0B94289
S325000153803FD07E6849683046EBF792FAC8B32068B84204D041683046EBF78AFA38BB2069AA
S325000153A0A84237D06069A84234D0E06AC4F82080042837D00020A086B868012601682A46FF
S325000153C04F6921462B46CDE90069B84794F8350030B394F834000321E16280BB22E0786830
S325000153E0496888420DD0216849688842D7D0B8682A46016843468F692146CDF80090B8476E
S325000154001DE06068A8421AD1E069012818BFC4F81C8014E0B8F1010F04BF012020620EE049
S325000154200420E062D4E90901656101310128A16205D1A069022804BF012084F8360003B0C2
S32500015440BDE8F08380B5D1F808C0D0F804E0DCF804C0E64507D08068D0F800C0DCF81CC001
S32500015460BDE880406047086950B190420DD0486A0130486202208861012081F8360080BD53
S3250001548001200A618B61486280BD8869022804BF8B6180BD80BD00002DE9F04F87B0DDE910
S325000154A0105789468968834697B1594509D0DBF8040049681C461646EBF7FAF9324623463A
S325000154C058B94946109507B0BDE8F04FFFF7B5BEDBF8040049688842F3D0DBF80C00DBF8B5
S325000154E014100BEBC000103099F834A099F8358006900020A9F83400C8074FEA212601D035
S3250001550018688659DBF81000890701681C4633442E4604954D69494658BF0226CDE90067C2
S325000155200592A84799F8341099F835004AEA010A50EA080618BF0126BAF1000F18BF4FF0EE
S32500015540010A069A0BF11808904549D2CDE9024799F83620002A43D1090609D0D9F8180098
S3250001556001283DD09BF80800800707D438E000BF000603D09BF80800C00731D00020A9F81D
S325000155803400D8F80410C8074FEA212202D102AD38CD04E0029BDDE903451868825858F8E1
S325000155A0080B8907016813444F6958BF0225059A4946CDE90054B84799F8341099F83500B9
S325000155C00AF0010251EA020A06F0010218BF4FF0010A50EA020618BF0126069A9045B7D327
S325000155E00AF0010089F8340006F0010089F8350007B0BDE8F08F00002DE9F04F83B00C9D3B
S325000156000C46896898469346002D814671D0494500F0BB80D9F8046049683046EBF748F91C
S32500015620002800F0B2802068484505D041683046EBF73EF9002865D12069584500F0AE8055
S325000156406069584500F0AA80E06AC4F82080042800F0F280D9F80C00002840F3E58009F1F8
S32500015660100606EBC00A00204FF00008029000BF0020A0867168C8074FEA212202D0DBF88B
S32500015680000082583068890701680C9FD1F814C00BEB02034FF0010521465A4658BF0225CB
S325000156A0CDE90057E04794F83600E0B994F83500B0B194F8340068B1A069012800F0CD80EA
S325000156C099F80800800740F1C88001204FF00108029005E099F80800C00708D04FF00108CA
S325000156E008365645C4D35FEAC87000F0A08003209EE0D9F804004968884246D02168496861
S32500015700884299D0D9F80C00D9F8141009EBC00000F1100AC8074FEA212202D0DBF80000CE
S325000157208258D9F81000890701685A448F694346214658BF02230095B84709F118065645A5
S3250001574080F08880D9F80800810703D4616A01292AD100BF94F8360000287BD17168C80705
S325000157604FEA212202D0DBF80000825856F8080B890701685A448F694346214658BF02230B
S325000157800095B8475645E5D364E06068584561D1E069012818BFC4F81C805BE0B8F1010FAB
S325000157A004BF0120206255E0C0071DD194F8360000284FD1606A01284CD07168C8074FEA98
S325000157C0212202D0DBF80000825856F8080B890701685A448F694346214658BF022300954F
S325000157E0B8475645E2D335E094F8360090BB606A012802D1A06901282CD07168C8074FEA5C
S32500015800212202D0DBF80000825856F8080B890701685A448F694346214658BF022300950E
S32500015820B8475645E0D315E00420E06204E004200299E062C9070DD1D4E90901C4F814B0DF
S3250001584001310128A16205D1A069022804BF012084F8360003B0BDE8F08F0320E062F9E728
S325000158602DE9F04381B0804688680C46D8F8041040689946814216461FD0D8F80C1008F141
S32500015880100000EBC107214632464B4600F030F808F11800B84228D208F12005A5F10800F5
S325000158A0214632464B4600F023F894F83600E0B9BD4205F10805F1D317E0206950B1B042D2
S325000158C00ED0606A013060620220A061012084F836000AE001202661C4F81890606204E094
S325000158E0A069022808BFC4F8189001B0BDE8F08310B5D0F804C042B15FEACC7E4FEA2C2E10
S3250001590005D0146854F80EE001E04FF0000E00685FEA8C7458BF022304687244D4F81CC010
S32500015920BDE81040604740684968401AB0FA80F04009704780B586B0059004910392049831
S3250001594002A90A22EAF731FE01900298007850B9FFE70198042801D8FFE703E00398F7F7D7
S32500015960E9FEFFE703E00398F7F7E4FEFFE7019806B080BD81B00090009890ED000B01B001
S325000159807047000080B582B00190019890ED000B90ED021B51EC110B53EC102B07F0CAF80A
S325000159A041EC100B02B080BD81B00090009890ED020B01B07047000081B00090009800699C
S325000159C001B0704780B586B0059004910392049802A90A22EAF7E9FD01900298007808B990
S325000159E0FFE703E00398F7F7A5FEFFE7019806B080BD000081B000900098007C00F0010073
S32500015A0001B0704781B000900098007800F0010001B0704780B588B0DDF828C00690059197
S32500015A2004920393059802A90A22EAF7BEFD01900298007888B9FFE701980399884205DB7A
S32500015A40FFE701980A99884204DDFFE70498F7F771FEFFE70198079005E00498F7F76AFEA6
S32500015A6000200790FFE7079808B080BD82B080B588B00B930A92079006910798019000F1C6
S32500015A800C0105A80290F9F7C7FB01990AA8049048688968069A049B0393039BEAF73CFDF3
S32500015AA0019802684168926890470298F9F7C8FB08B0BDE8804002B07047000084B00390C8
S32500015AC00291039801900298002801D4FFE70AE042F61D00C0F2020042F63921C0F2020149
S32500015AE05522EAF79FFD0298012801D8FFE70AE042F2C470C0F2020042F63921C0F20201DC
S32500015B005622EAF78FFD0198029900EB8100806A04B0704781B00090022001B07047000059
S32500015B2080B584B0039003980290007CC00720B9FFE70298C06940B1FFE7029901F11400F8
S32500015B40C96900F039F8019002E000200190FFE7019800F0010004B080BD000081B00090A5
S32500015B60009890F8200000F0010001B07047000081B000900098407A01B0704781B0009049
S32500015B800098007A01B0704780B582B001900091009803F067FAB0FA80F0400902B080BDBD
S32500015BA081B000900098007901B0704781B00090082001B07047000080B582B001900091CA
S32500015BC0019800F009F80146009A0020914288BF012002B080BD000080B582B00190019878
S32500015BE0009005F0FBF900990968401A02B080BD81B0009000980C3001B0704781B0009014
S32500015C00062001B07047000081B000900098006801B0704780B58CB00B908DF82B100B9857
S32500015C2000909DF82B00FCF779FF02460098116852680992089180690899099A414305A8FD
S32500015C400190FDF79DFA01F041F80199024603A80290FDF7F9F90298FDF7D8F908B1FFE7F4
S32500015C600BE043F2DD50C0F2020043F21B61C0F202014FF40872EAF7D5FC03A8FDF7DEF9D1
S32500015C800CB080BD81B000900098806801B0704780B58EB00C900B910A9209930C98019043
S32500015CA000F1080108A8F9F7B7FA099820F0030006900B9830B9FFE700208DF837000120D9
S32500015CC0059043E0019909980A9A10444968884236D8FFE7032004900020039006980290C9
S32500015CE0FFE703980A99884225D2FFE79DF80800800740B9FFE7029907A80422EEF76EF814
S32500015D0003200490FFE70298099988420BD3FFE707980499C900C8400B99039A8854039850
S32500015D2001300390FFE7049801380490FFE7029801300290D5E701208DF83700059005E0F3
S32500015D4000208DF8370001200590FFE708A8F9F777FA9DF837000EB080BD000081B000902B
S32500015D600098406801B0704780B582B0019001984068F5F7E3F902B080BD000080B590B00F
S32500015D800F900E918DF837200F9801909DF83700FCF7C4FE02460198116852680C920B91DB
S32500015DA0C0680B990C9A414308A80290FDF7E8F902990E9A06A80390FDF794F90398FDF73B
S32500015DC025F950B9FFE704A801221146FDF726F90498059907910690FFE701984068F5F7FB
S32500015DE0EDF928B1FFE701984068F5F74FFAFFE701984068009006A8FDF720F90146009830
S32500015E00F5F700FA01984068F5F71EFA01984068F5F772F901984068F5F7B0F910B080BDE5
S32500015E2080B584B0029002980190806828B1FFE7019880684069009003E0019880680090E0
S32500015E40FFE7009903A8FBF7A9FF039804B080BD80B582B000900098416801A8FBF79EFF7B
S32500015E60019802B080BD000081B0009000980068043001B07047000082B001900091019948
S32500015E80009800680968401A18BF012002B0704781B000900098083001B0704781B0009015
S32500015EA00098406801B0704781B00090012001B07047000084B003900291039801900298C9
S32500015EC008B9FFE70AE042F63A00C0F2020042F60F21C0F202017222EAF7A4FB019902989F
S32500015EE04968884201D2FFE70AE042F67500C0F2020042F60F21C0F202017322EAF792FBFC
S32500015F000198029901EB410100EB0110083004B07047000081B000900098083001B0704780
S32500015F2081B000900098406801B0704781B000900C2001B07047000084B0039002910398A7
S32500015F40019002980B2801D8FFE70AE042F63A00C0F2020042F60F21C0F202017222EAF77B
S32500015F6061FB019902984968884201D2FFE70AE042F67500C0F2020042F60F21C0F20201EE
S32500015F807322EAF74FFB0198029900EB4100083004B0704781B000900098083001B070473E
S32500015FA081B000900098406801B0704781B00090012001B07047000084B003900291039832
S32500015FC00190029808B9FFE70AE042F63A00C0F2020042F60F21C0F202017222EAF722FB29
S32500015FE0019902984968884201D2FFE70AE042F67500C0F2020042F60F21C0F20201732235
S32500016000EAF710FB0198029900EB4100083004B07047000081B000900098083001B0704791
S3250001602081B000900098406801B0704781B00090022001B07047000084B0039002910398B0
S3250001604001900298012801D8FFE70AE042F63A00C0F2020042F60F21C0F202017222EAF784
S32500016060E1FA019902984968884201D2FFE70AE042F67500C0F2020042F60F21C0F202016E
S325000160807322EAF7CFFA0198029900EB4100083004B0704780B586B00490039102920193FC
S325000160A0049900910198029A1044C968884210D8FFE7009B0399029A58689B68DDF804C02A
S325000160C06344D0F800C0DCF800C0E0478DF8170003E000208DF81700FFE79DF8170006B04C
S325000160E080BD000081B000900098C06801B0704780B582B0019000910198006800990968DF
S32500016100EAF7D6FBB0FA80F0400902B080BD000080B584B0029002980190C06828B1FFE767
S325000161200198C0688068009003E00198C0680090FFE7009903A8FCF703FC039804B080BD43
S3250001614080B582B000900098816801A8FCF7F8FB019802B080BD000081B0009000980068E8
S3250001616001B0704782B0019000910198006800990968401A18BF012002B0704780B584B02D
S32500016180029002980190C06828B1FFE70198C0688068009003E00198C0680090FFE7009968
S325000161A003A8FCF785FC039804B080BD80B582B000900098816801A8FCF77AFC019802B058
S325000161C080BD000081B000900098006801B0704782B0019000910198006800990968401A99
S325000161E018BF012002B0704781B000900098C06801B0704781B000900098806801B07047A5
S3250001620081B000900098406801B0704784B0039002910399019102984968884201D2FFE7B8
S325000162200AE042F6CA20C0F2020042F60831C0F202018A22EAF7F6F9019902988968884206
S3250001624001D2FFE70AE042F67500C0F2020042F60831C0F202018B22EAF7E4F9019802996E
S32500016260C068084404B0704780B582B0019001988068EAF73BFA02B080BD000080B584B051
S32500016280039002910398009002990191FFF7ECFF01460198884201D2FFE70AE042F60E40C5
S325000162A0C0F2020042F64241C0F202019522EAF7B9F9009902984968884201D2FFE70AE018
S325000162C042F62740C0F2020042F64241C0F202019622EAF7A7F9009802998068405C04B050
S325000162E080BD000081B000900098008801B0704782B0019000910198009901EB410100EB72
S325000163000110083002B0704781B000900098D0F8C80301B07047000080B586B005900491DB
S325000163200598009000F1380103A8F8F775FF009890F83400C1073A20002918BF3B2040F6EA
S325000163405441C2F2000101F0EFFAF5F76DFF029004980190FFE70198007890B1FFE7019844
S32500016360007840F65441C2F2000101F0DDFA02980199012201F08AFA02900198013001909D
S32500016380E9E70298F5F736FF01460098029190F83400C00768B1FFE7029B40F65440C2F25C
S325000163A0000042F68D41C0F202014022EAF78AF8FFE740F65441C2F200010A2001F0B4FA27
S325000163C003A8F8F73DFF06B080BD00000000000081B000909FED020B01B0704700BF00BFAD
S325000163E0000000000086A34081B00090009890ED060B01B07047000081B00090009890ED08
S325000164000A0B01B07047000081B00090009890ED000B01B07047000081B00090009890EDD9
S32500016420040B01B07047000080B582B001900091009806F0BFF941EC100B9FED0B1B53ECD6
S32500016440112B51EC100B06F041FA41EC100B51EC100B9FED070B53EC102B05F0D1FF41ECC6
S32500016460100B02B080BD00BF000000000088A340000000C0FFFF5F4183B001900091009896
S3250001648018B9FFE70020029002E001200290FFE7029803B07047000083B00290ADF806108D
S325000164A0ADF80420BDF806000090009800040090BDF80410009808430090009803B0704757
S325000164C081B00090009908684968084401B0704781B000900098006801B0704780B582B0F6
S325000164E001900091019882680099904702B080BD81B000900098C068017A0120884301B0F8
S325000165007047000080B582B001900091019882680099904702B080BD81B000900098C068D1
S32500016520017A0120884301B07047000080B584B00390029101920398836802990968019A36
S325000165401268984704B080BD81B000900098C068017A0120884301B07047000080B58AB02B
S3250001656008900898009001200990099800EB4000810005A80290042200F042FC029800F028
S3250001658033F80099019000F071FA02980199049100F026FB02980499039100F043FB0398D6
S325000165A00AB080BD80B58AB0089008980090012009900998010105A80290042200F020FCD8
S325000165C0029800F011F80099019000F08DFA02980199049100F004FB02980499039100F00D
S325000165E021FB03980AB080BD80B582B00190019800F004F8006802B080BD000080B582B0AB
S325000166000190019800F002F802B080BD81B00090009801B07047000080B582B00190009126
S32500016620019A00981168526800F0A6FB02B080BD83B0029001910092019801680098026880
S325000166400020914238BF012003B0704780B582B00190009101980099FFF740FF02B080BDDF
S3250001666080B582B001900198FFF742FF02B080BD80B582B00190009101980099FFF742FF6A
S3250001668002B080BD80B582B001900198FFF744FF02B080BD80B584B003900291019203988E
S325000166A002A901AAFFF742FF04B080BD80B582B001900198FFF748FF02B080BD80B582B031
S325000166C001900198FFF7DEFF02B080BD81B00090012001B07047000080B584B003900291EE
S325000166E00398019008300299083100F047FC01980C3002990C3100F067FC0198029900F004
S325000167004DFC04B080BD000080B582B0019001980090083000F038F900F010FA01460098E5
S32500016720C16002B080BD000080B58CB009900891099803900A90083000F026F900F0FEF9A3
S325000167400399C8600898FFF7B9FF20B3FFE700F007F9039907900798886000F01BFA03991C
S32500016760C86001200B900B98010104A80290042200F046FB0298FFF737FF0190089900F00C
S32500016780A7F90298039A0199116000F029FA029800F048FAFFE70A980CB080BD80B584B047
S325000167A00290029801900390C068406830B1FFE701990868C96849688847FFE7039804B0FB
S325000167C080BD000080B584B00290019102980390019A11685268426001600199896881607E
S325000167E00199C968C160C068406858B1FFE700F0A5F90199C860684600F0F8F801990098D7
S325000168008860FFE7039804B080BD000080B584B002900191029800900390019A11685268FF
S32500016820426001600199896881600199C968C160C068006848B1FFE70098C06801680198C5
S325000168400068884700990860FFE7039804B080BD80B58CB009900891099803900A900830DE
S3250001686000F0C4F800F06AF90399C8600898FFF72DFF30B3FFE700F0A5F803990790079864
S32500016880886000F081F90399C86001200B900B9800EB4000810004A80290042200F0B0FAD2
S325000168A00298FFF7A1FE0190089900F0D1F80298039A0199116000F093F9029800F0B2F9C4
S325000168C0FFE70A980CB080BD80B584B00290029801900390C068406830B1FFE701990868D6
S325000168E0C96849688847FFE7039804B080BD000080B582B0019001980090083000F086F8A7
S3250001690000F01CF901460098C16002B080BD000080B584B00290029801900390C0684068F3
S3250001692030B1FFE701990868C96849688847FFE7039804B080BD000080B584B003900291CD
S325000169400398006801900198029900F0D9F804B080BD000082B00190009100F095FA0000E3
S3250001696080B582B04AF63911C0F2010101A800F003F8019802B080BD82B001900091019862
S325000169800099016002B0704781B0009000984AF65511C0F20101016001B0704780B584B0A8
S325000169A0039002910398006801900198029900F06BF804B080BD000082B00190009100F05A
S325000169C063FA000080B582B04AF69D11C0F2010101A800F003F8019802B080BD82B001906B
S325000169E0009101980099016002B0704781B0009000984AF6B911C0F20101016001B0704723
S32500016A0084B003900291019200F03EFA81B0009000984AF60121C0F20101016001B0704722
S32500016A2080B584B00190019800F00EF801980390012002900398029901EB410189000422D4
S32500016A4000F0F6F904B080BD81B0009001B0704782B0019000910198009B19685A689B6868
S32500016A6083604260016002B07047000082B0019000910198009B19685A689B68836042606D
S32500016A80016002B07047000080B582B0019000910198009900F008FA02B080BD80B584B020
S32500016AA00190019800F00CF80198039001200290039802990901042200F0BAF904B080BDD8
S32500016AC080B582B00190019800F09CFB02B080BD80B584B00390029103980190029900F062
S32500016AE06BFB019804B080BD80B584B00390029103980190029900F06BFB019804B080BD69
S32500016B0080B582B0019000910198009900F0D6F902B080BD80B582B001900198009000984C
S32500016B20FFF71CFD02B080BD80B582B00190019800900098FFF736FD02B080BD42F25010EB
S32500016B40C0F202007047000081B042F26010C0F2020001B07047000081B042F27010C0F23B
S32500016B60020001B07047000080B582B001900198FFF756FF02B080BD80B582B00190019848
S32500016B80FFF78CFF02B080BD80B582B0FFF7DCFF02B080BD80B582B0FFF7DEFF02B080BD2E
S32500016BA080B586B0059004910598019000F0B6F801460198096803910499029100F0AEF8C2
S32500016BC0014602980860039838B1FFE7019800F0ADF80399FFF720FDFFE706B080BD000045
S32500016BE080B584B003900398019000F097F8014601980968029100F091F8014600200860BB
S32500016C00029804B080BD000080B584B003900291019203980090019A02A900F091F800983E
S32500016C2004B080BD80B582B00190019800900021FFF7B6FF009802B080BD000080B584B07F
S32500016C400290019102980090019900F02BF8009804B080BD80B586B00490039102920498E6
S32500016C600190039900F00EF80198029900F028F8019806B080BD000081B00090009801B010
S32500016C807047000082B001900091019800990968016002B07047000081B0009000980068B4
S32500016CA001B0704782B00190009101980099016002B0704781B00090009801B07047000054
S32500016CC082B001900091019802B0704780B500F0C7F880BD80B500F0C7F880BD80B500F0F0
S32500016CE0C7F880BD80B586B004900391029204980190039800F0ECF8029900F02DF900908D
S32500016D00039800F0F5F8029900F01AF900990246019800F0D3F906B080BD000080B582B0C6
S32500016D200190019800F04EF802B080BD80B582B001900198043000F033F802B080BD00002E
S32500016D4080B584B003900291019203980090029900F03EF800980430019900F027F8009811
S32500016D6004B080BD80B582B001900091019800F00FF802B080BD000080B584B00390029184
S32500016D8001920398029900F085F804B080BD000080B582B00190019800F054FB02B080BD06
S32500016DA081B00090009801B07047000082B0019000910198009A116852684260016002B09C
S32500016DC07047000081B00090009801B07047000082B001900091019800990968016002B02A
S32500016DE0704784B0844601A80EC040F6A84001AAC2F2000061460092E9F732FEEAF746FD76
S32500016E0080B588B001900791069207980699FFF7A9FF02900799069A04A8039000F014F854
S32500016E2001980299039AFFF7EFFE08B080BD000080B584B003900291019203980299019AAF
S32500016E40FFF79AFF04B080BD83B00290019100920298019901600099416003B07047000089
S32500016E606FF00040704700004FF00040704700004FF0FF307047000080B582B001900198C9
S32500016E8000F0C0FA02B080BD42F67D20C0F20200FFF7A7FF80B582B0019000910198FFF715
S32500016EA0EBFF02B080BD000080B582B0019000910198009900F022F902B080BD80B582B0D6
S32500016EC0019000910198009900F022F902B080BD80B582B001900198FFF7CEFE02B080BD1B
S32500016EE080B582B001900198FFF7D6FE02B080BD80B582B001900198FFF7DCFE02B080BDF1
S32500016F0080B584B0039002910398029900F002F804B080BD80B584B0029001910199029A07
S32500016F200DF10F00FFF784FB18B1FFE70198009002E002980090FFE7009804B080BD000075
S32500016F4080B584B003900291002001900298FFF7C7FF04B080BD000082B0019000910198B6
S32500016F6002B0704780B584B00391029201930399029A019B00F052F804B080BD83B00290B8
S32500016F800191029800680090019802990068086001990098086003B07047000084B00390F7
S32500016FA0029103990868496801910090029A0399106852684A60086002990098019A4A6064
S32500016FC0086004B07047000083B002900191029800680090019800680299086000980199B8
S32500016FE0086003B07047000080B586B0059004910392059801900499039AFFF72BFE01986E
S3250001700006B080BD80B584B003900291039800900299FFF713FE009804B080BD80B586B026
S32500017020059004910392029305980190049A116852684260016008300399029AFFF7D4FFBA
S32500017040019806B080BD000080B588B0079006910798019008300290069904A80390FFF734
S32500017060D1FF01980299039AFFF73CFE08B080BD82B08DED000B0098019921F000410022E6
S32500017080C7F6F07251400843B0FA80F0400902B07047000082B08DED000B0098019921F028
S325000170A00041404240F20000C7F6F07088414FF00000B8BF012002B07047000080B586B043
S325000170C005900491039204980168059802680192406801EB60010291C00730B1FFE701999B
S325000170E0029800684058009002E001980090FFE70298009A0399904706B080BD80B582B06D
S325000171000190009101980099FFF79EFF02B080BD80B582B00190009101980099FFF7A8FA3F
S3250001712002B080BD80B582B00190009101980099FFF7D2FA02B080BD80B584B0039002915E
S3250001714003980190FFF7E0FA019804B080BD000080B584B00390029103980190FFF7E4FA13
S32500017160019804B080BD000080B582B0019001980090FFF713FB009802B080BD80B58EB05F
S325000171800D900C910D9803900C9904A8029000F01FF8029908A80190FFF7DAFF01980399AC
S325000171A0FFF7C0FF0198FFF7DFFF029800F02AF803980EB080BD000080B584B003900291D5
S325000171C0039801900299FFF7FDFA019804B080BD80B584B003900291039801900299FFF71E
S325000171E015FB019804B080BD80B586B005930492039102900298019003A9FFF729FB0198A5
S3250001720006B080BD80B582B0019001980090FFF75BFB009802B080BD80B584B003900291F1
S3250001722003980190FFF764FB019804B080BD000080B582B0019001980090FFF769FB009829
S3250001724002B080BD80B582B0019000910198FFF707FA02B080BD000080B582B001900091A7
S325000172600198FFF723FA02B080BD7047804701A000F0A5FA7465726D696E6174655F6861CD
S325000172806E646C657220756E65787065637465646C792072657475726E65640040F210606D
S325000172A0C2F200000068FFF7E1FF000083B0029001910092029824380199009A03B0F6F722
S325000172C0C1BE000081B000900098243801B0F6F703BF000083B00290019100920298243834
S325000172E00199009A03B0F6F713BF000082B00190009101982438009902B0FEF7DFBB0000BE
S3250001730081B000900098243801B0FEF703BC000082B00190009101980438009902B0F7F7EA
S32500017320F5B8000083B0029001918DF803200298043801999DF8032003B0F7F759B90000BF
S3250001734082B00190009101980438009902B0F7F75FB9000081B000900098043801B0F9F776
S32500017360D9BE000081B000900098043801B0F9F7F5BE000081B000900098043801B0F9F750
S3250001738011BF000081B000900098043801B0F9F72BBF000081B000900098043801B0F9F7C0
S325000173A02DBF000081B000900098043801B0F9F72FBF000081B000900098043801B0FDF77C
S325000173C007BB000082B0009000980190043802B0FDF70ABB82B001908DF803100198043822
S325000173E09DF8031002B0FEF715BC000082B00190009101980438009902B0FEF78DBF00F0C1
S3250001740001B8000080B582B0019040F20D60C2F200000078C00708B1FFE70AE043F2E8106C
S32500017420C0F2020043F20521C0F202013322E9F7F9F8019802F08AFC02B080BDFFF7E2BFC4
S32500017440AFF3008080B582B0019040F20C60C2F200000078C00708B1FFE70AE043F2F810B4
S32500017460C0F2020043F20521C0F202012722E9F7D9F8019801F0ECFB0090009880B9FFE78F
S32500017480009808B1FFE70AE043F22820C0F2020043F20521C0F202012B22E9F7C3F8FFE7B5
S325000174A0009802B080BD000001A000F088F900BF50757265207669727475616C2066756E41
S325000174C06374696F6E2063616C6C656421000000FFF7E4FE80B582B041F2D020C2F20000CC
S325000174E00190FDF73DFA019948F6E910C0F2010044F20002C0F20002E9F78FF802B080BD03
S3250001750080B582B041F65820C2F200000190F6F733FD019942F22500C0F2010044F200020E
S32500017520C0F20002E9F779F802B080BD80B582B041F60000C2F200000190FBF797FA019950
S3250001754046F6A520C0F2010044F20002C0F20002E9F763F802B080BD80B541F61000C2F22A
S325000175600000FBF707FC80BD80B582B041F65820C2F2000000F1840140F68050C2F20000D8
S325000175800190F7F7D9F8019942F2A170C0F2010044F20002C0F20002E9F73FF802B080BD10
S325000175A080B582B040F6BC50C2F20000019040F68051C2F20001F6F745FB019941F60550C7
S325000175C0C0F2010044F20002C0F20002E9F725F802B080BD80B582B041F65820C2F200004F
S325000175E000F1480100F1540240F6BC60C2F200000190FCF749F9019947F6D500C0F20100D8
S3250001760044F20002C0F20002E9F707F802B080BD80B540F6F860C2F2000040F6BC61C2F22B
S325000176200001FDF76FFD80BD80B540F60070C2F2000040F6BC51C2F2000140F6F862C2F2DA
S325000176400002FCF7F9FF80BD80B540F66450C2F2000040F6BC51C2F2000140F60072C2F2D2
S325000176600002F5F7DBFB80BD2DE9F0439FB0044600681F4650E9026911A8CDE913131030DA
S325000176802721154604EB0608CDE91124E9F7BCF8484629460022F4F7CAFD38B1002F44D4C3
S325000176A0FE4218BF4FF00008444662E0002F1DD4E41B44451ADBCDE9055703AD05F1100034
S325000176C02721CDE90394E9F79FF801270F97D9F800004FF0000C46694846294642464346F0
S325000176E0CDE9007CB0470998002842D1D9F800000024876911A94846424601230094B84712
S325000177001A98012826D0A0BB1B99DDE91802169C81F0010180F0010008430021012A18BF9E
S325000177200C46002818BF0C4623E0B81C4FF000041FD001271D97D9F8000011A946694846F2
S3250001774042464346CDE90074B0471798012808BF44460EE01798012801D1159C09E01B98E2
S32500017760002430B91898012803D11998012808BF159C20461FB0BDE8F083000080B582B042
S32500017780019000910199009A43F21D40C0F20200E8F78CFE02B080BD7047000080B540F2D0
S325000177A08060CFF2001040F60061C0F22771EEF74DF940F6B851C2F20001086080BDEAF78B
S325000177C065F8000084B003900291039800F00100009001200190FFE70198029988420FD258
S325000177E0FFE70398400803900099039800F0010040EA41000090FFE7019801300190EBE7F3
S32500017800009804B07047000085B0049003910292FFE70298411E0291A0B3FFE70398411CCA
S32500017820039100788DF8020001200190FFE79DF8040030B3FFE70498C00F8DF803009DF82C
S3250001784002000199084207D0FFE79DF80310012088438DF80300FFE70498400004909DF877
S325000178600300C00740B1FFE7049841F6B751C0F2C14148400490FFE7FFE70198400001907F
S32500017880D5E7C6E7049805B07047000085B004900391029203980190FFE70298411E0291E1
S325000178A038B3FFE70498000B0199097880EA11100090009800F00F0142F29810C0F20200EB
S325000178C050F82110049A81EA02110491049A0199097881EA12310091009901F00F0150F89D
S325000178E02100049980EA01100490019801300190D3E7BDF8100005B07047000080B582B007
S325000179000090009840F60041C2F20001884204D1FFE701F09DFA019003E04FF0FF3001908C
S32500017920FFE7019802B080BD80B584B002900191019840F65441C2F20001884206D1FFE7A5
S325000179409DF8080001F098FA039011E0019840F6A841C2F20001884206D1FFE79DF80800EB
S3250001796001F064FA039003E04FF0FF300390FFE7039804B080BD000080B582B00190019837
S32500017980C0B1FFE740F20D60C2F200000078C00708B1FFE70AE043F2E810C0F2020043F258
S325000179A00521C0F202017C22E8F73CFE019802F0CDF9FFE702B080BD83B00290019100921F
S325000179C003B0704780B586B004908DF80F100292019300200090FFE70098052800F280801E
S325000179E0FFE704980099084490F88800002872D1FFE7049800680099F0F786FD9DF80F000D
S32500017A000499009A114481F8880002980499009A01EB820188629DF80400000600283FD5CD
S32500017A20FFE70498009900EB8101082088609DF80400400600280ED4FFE7019800F003004C
S32500017A40012808D1FFE70498009900EB81010A20C1F8900007E00498009900EB81010C206D
S32500017A60C1F89000FFE79DF80400400600280ED4FFE7019800F00300012808D0FFE70498F2
S32500017A80009900EB81011420C1F8B00007E00498009900EB81011620C1F8B000FFE716E038
S32500017AA00498009900EB81010A2088600498009900EB810142F20800C1F8900004980099AF
S32500017AC000EB810142F21100C1F8B000FFE700980130059007E0FFE70098013000907BE7B8
S32500017AE000200590FFE7059806B080BD80B582B0019000910198006800990139F0F704FD0F
S32500017B000198006800990139F0F762FD0098411E012000FA01F3019AD2F8D0109943C2F863
S32500017B20D0100099013900FA01F20199D1F8D4009043C1F8D40002B080BD000080B584B0AF
S32500017B400390029103984068EDF7FEFA0190019828B1FFE703984068EDF736FAFFE7029819
S32500017B60411E012000FA01F3039AD2F8D0101943C2F8D0100299013900FA01F20399D1F82C
S32500017B80D4009043C1F8D4000398006802990139F0F750FD0398006802990139F0F7E6FCFD
S32500017BA0019828B1FFE703984068EDF76DFAFFE704B080BD80B582B0019000910198006877
S32500017BC000990139F0F704FD02B080BD80B582B0019000910198006800990139F0F72AFD89
S32500017BE002B080BD80B582B001908DF80310FFE79DF80300082809DBFFE743F29D00C0F203
S32500017C00020040F24E41FFF7B9FDFFE7FFE7019800689DF80310F0F777FC01999DF80300ED
S32500017C200144002081F8870001999DF8032001EB820148609DF803104A1E012101FA02FC44
S32500017C40019BD3F8D02022EA0C02C3F8D0209DF80320013A01FA02F3019AD2F8D4109943F9
S32500017C60C2F8D41001999DF8032001EB8201486202B080BD80B584B00390029100200190C5
S32500017C80039800680299F0F721FDB0F5807F03D1FFE7022001901CE00398D0F8D40002995B
S32500017CA00139C840C00718B1FFE7012001900FE00398D0F8D00002990139C840C00718B1C4
S32500017CC0FFE70420019002E000200190FFE7FFE7FFE7019804B080BD80B582B001900198A2
S32500017CE00068F0F7D9FC02B080BD000080B586B004900391029201939DF80800800718B1C2
S32500017D00FFE700200590DAE00398411E012000FA01F3049AD2F8D0101943C2F8D010039924
S32500017D20013900FA01F20499D1F8D4009043C1F8D40002980499039A01EB820148640198F3
S32500017D400499039A01EB820148660498006803990139029AF0F72EFB049800680399013965
S32500017D60019AF0F7A1FB01980499039A01EB8201496A884262D3FFE701980499039A01EB45
S32500017D808201496AB0FBF1F00090019A0498039900EB8100416AB2FBF1F000FB112020B115
S32500017DA0FFE7009801300090FFE7049A10680399114491F88710009AF2F798FA049A106845
S32500017DC003994B1ED11891F8881002EB8302D2F8B020F2F715F8049B1868039901395A1824
S32500017DE092F8882003EB81039B6843F00403F0F711FB0498039900EB8100007980070028DC
S32500017E000BD5FFE7049A10680399114491F887104FF40052F2F774F809E0049A10680399E9
S32500017E20114491F887100022F2F76AF8FFE70498006803990139F0F799FB3DE0049A1068EB
S32500017E4003994B1ED11891F8881002EB8302D2F89020F1F7D5FF049B1868039901395A18FD
S32500017E6092F8882003EB81039B68F0F7D3FA0498039900EB810000798007002811D5FFE708
S32500017E80049A10680399114491F887104FF40052F2F736F80498006803990139F0F766FBE6
S32500017EA009E0049A10680399114491F887100022F2F706F8FFE7FFE701980590FFE7059825
S32500017EC006B080BD83B002900191009203B0704780B582B00190E8F7A7FA00680199405C3F
S32500017EE000F0010002B080BD80B588B000200590079041F65820C2F20000F5F76FFF41F2F2
S32500017F00D020C2F2000040F66451C2F20001FCF7BDFB05990846069039B9FFE741F2D020EE
S32500017F20C2F2000004300690FFE7069940F60070C2F20000FBF782FF00210846049039B975
S32500017F40FFE741F2D020C2F2000004300490FFE7049940F66450C2F20000F5F7E3FA6846FD
S32500017F6000230393036040F24910C0F2010042F63A41C0F202014FF4C872F7F725FC039B0E
S32500017F806846036040F26910C0F2010042F67441C0F202014FF4C8620292F7F715FC029A2D
S32500017FA0039B41F2D020C2F2000042F66741C0F20201F7F74BFC02F009F943F27A70C0F2B6
S32500017FC0020042F67D41C0F202014622E8F72AFB80B582B0019040F20C60C2F200000078BF
S32500017FE0C00708B1FFE70AE043F2F810C0F2020043F20521C0F202015122E8F713FB019830
S3250001800000F026FE0090009802B080BD80B584B00390029141F65C50C2F20200006800900E
S3250001802041F6A830C2F200000068043001F0A6FD88B9FFE741F6A830C2F200000068C16AC9
S32500018040012000FA01F241F60841C2F2020108689043086000E0FFE70398013080B9FFE778
S32500018060029868B1FFE741F6A830C2F200000068011D41F63450C2F2020001F013FE3DE087
S325000180800098039908440190019841F6A831C2F20001096848600198009988420ED2FFE78F
S325000180A041F6B430C2F20000006841F6A831C2F200010968043101F0BFFD1EE041F6B03055
S325000180C0C2F20000006841F6A831C2F200010968043101F0B1FD019841F66841C2F2020143
S325000180E00968884207D2FFE7019841F66841C2F20201086000E0FFE7FFE7FFE704B080BD64
S3250001810080B582B0019001F0F5FD41F6F831C2F2020108680130086041F6A830C2F200009A
S32500018120006898B9FFE7019841F6A831C2F20001086041F6F830C2F202000068012803D159
S32500018140FFE700F085FA00E0FFE71CE041F62850C2F202000068A0B9FFE741F6A830C2F232
S3250001816000000068C06A0199C96A884207D8FFE7019841F6A831C2F20001086000E0FFE77E
S3250001818000E0FFE7FFE741F60441C2F202010868013008600198C16A012000FA01F241F6E7
S325000181A00841C2F202010868104308600199C86A00EB800241F6BC30C2F2000000EB820010
S325000181C0043101F06FFD01F0ADFD41F62850C2F202000068C8B1FFE741F6A830C2F200007C
S325000181E00068C06A0199C96A88420CD2FFE74EF60451CEF200014FF080500860BFF34F8F2A
S32500018200BFF36F8F00E0FFE700E0FFE702B080BD80B582B001F06EFD41F66050C2F20200CC
S325000182200068B0BBFFE741F60C40C2F20200009001F0E2FC41F62040C2F20200019001F017
S32500018240DBFC0099019841F6AC32C2F20002116041F6B831C2F2000108600A200C2100221C
S3250001826002F022F9014641F66050C2F202000160006860B1FFE741F66050C2F20200006841
S3250001828043F29011C0F2020101F0C4FD00E0FFE700E0FFE701F046FD02B080BD80B582B084
S325000182A0FFE741F6FC30C2F20200006808B3FFE701F020FD41F64850C2F20200C068C068CC
S325000182C001900198043001F059FC41F6F831C2F2020108680138086041F6FC31C2F20201B0
S325000182E008680138086001F01DFD019800F08CF8D7E702B080BD000080B582B00190009118
S325000183000198006CB8B1FFE70199C8680A6C1044C86001988168C068884204D3FFE701997B
S325000183200868C86000E0FFE70098019AD168126CE8F7FBF9FFE702B080BD000080B586B0DB
S32500018340059004910392002002900598806B01900598006C78B9FFE70598006848B9FFE780
S325000183600598806802F01AFF029005990020886000E0FFE741E00398B8B9FFE7059A049919
S325000183805068126CE8F7D1F9059948680A6C10444860059948688968884204D3FFE70599D3
S325000183A00868486000E0FFE726E0059A0499D068126CE8F7BAF90599C8680A6C801AC86048
S325000183C005980168C068884206D2FFE7059988680A6C801AC86000E0FFE70398022809D1B5
S325000183E0FFE7019820B1FFE701980138019000E0FFE700E0FFE7FFE7FFE70198013005991D
S325000184008863029806B080BD80B582B001900198006B01F09BFC019801F098FC02B080BD4C
S3250001842082B001900198406A38B1FFE70198006B0068C0F10300009002E000200090FFE738
S32500018440009802B07047000082B0019041F6AC30C2F2000000680068B0FA80F040090199BD
S3250001846008600198006848B9FFE741F6AC30C2F200000068C0680068009002E000200090C4
S32500018480FFE7009802B0704782B041F6F830C2F20000083020F007000090009941F62C507E
S325000184A0C2F2020001600022426041F65C40C2F202004FF6F871C0F2010141600260009A52
S325000184C00192019A51600199086002B07047000080B582B00190FFE7FFF7E0FEFCE70000B6
S325000184E080B582B00190019868B1FFE7019800238360019803600198C360019819461A4636
S3250001850002F04AF800E0FFE702B080BD80B584B0DDF818C00390029101928DF8033002984A
S3250001852018B9FFE70698006003E0019806990860FFE703980699C86302980699086406986E
S32500018540012101F0D9FF04B080BD000080B588B0DDF834C0DDF830C0DDF82CC0DDF828C0BF
S3250001856007900691059204930C98006B05998900A522E8F71FF90C98006B059900EB81008B
S3250001858004380390039820F0070003900698F8B1FFE700200290FFE702980B2813D8FFE75D
S325000185A00698029A805C0C99114481F8340006980299405C08B9FFE705E0FFE7FFE7029830
S325000185C001300290E8E70C99002081F83F0004E00C99002081F83400FFE70A98032803D3A6
S325000185E0FFE702200A9000E0FFE70A980C99C8620A980C9908640C990020019048640C9842
S32500018600043001F011FB0C98183001F00DFB01980C9909610A99C1F103010C9A91610C99FF
S3250001862049620C9988640C9981F84C0003980799049A00F0CBFB0C9908600B9820B1FFE797
S325000186400C980B99086000E0FFE708B080BD000080B584B000200390FFE70398022810D8F9
S32500018660FFE7039800EB800141F6BC30C2F2000000EB810001F0C0FAFFE7039801300390D3
S32500018680EBE741F63440C2F20200019001F0B4FA41F64840C2F20200029001F0ADFA41F69A
S325000186A07440C2F2020001F0A7FA41F64850C2F2020001F0A1FA41F63450C2F2020001F044
S325000186C09BFA0199029841F6B032C2F20002116041F6B431C2F20001086004B080BD000060
S325000186E080B586B00590049103920293002001900498059948600598006104980399884221
S3250001870016D8FFE703980299401A05998969884203D3FFE70120019009E041F6B830C2F26A
S32500018720000000680599043101F086FAFFE717E003980299884208D2FFE7049802998842E8
S3250001874003D3FFE70120019009E041F6AC30C2F2000000680599043101F06EFAFFE7FFE794
S32500018760019806B080BD000080B582B0019001F0C1FA0198806B18B9FFE70120009002E0F4
S3250001878000200090FFE701F0CDFA009802B080BD80B582B0019001F0ADFA0198806B01994F
S325000187A0C96B884203D1FFE70120009002E000200090FFE701F0B6FA009802B080BD0000A9
S325000187C008480068006880F308884FF0000080F3148862B661B6BFF34F8FBFF36F8F00DFD3
S325000187E000BF000008ED00E080B586B00590049141F6AC30C2F200000068C068C068029038
S325000188000298043001F0BAF9029890F824004007002815D5FFE70298059B81691944049A3B
S32500018820FFF75EFF50B1FFE70298059A694600230B60194602F0CEFE039000E0FFE707E024
S32500018840029991F8240000F0FE0081F82400FFE70298016A884706B080BD000080B58AB022
S32500018860FFE741F66050C2F20200006807A9002202F0FAF8002800F07D80FFE7079800288E
S3250001888000F17780FFE7099806900698406928B1FFE70698043001F071F900E0FFE705A826
S325000188A000F0DCF803900798029009285FD80299DFE801F00505052F374905052F370699A1
S325000188C091F8240040F0010081F824000698089B81691944039AFFF703FFC0B1FFE7069804
S325000188E0016A8847069890F82400400700280CD5FFE70698089982690A44694600230B6002
S32500018900194602F067FE049000E0FFE700E0FFE72EE0069991F8240000F0FE0081F8240095
S3250001892026E0069991F8240040F0010081F824000898069988610698039B816919441A4605
S32500018940FFF7CEFE14E0069890F824008007002804D4FFE7069801F0F9F907E0069991F813
S32500018960240000F0FE0081F82400FFE700E0FFE7FFE776E70AB080BD80B584B003900291CC
S3250001898001F06EFC684600F069F801900098D8BBFFE7029860B9FFE703980199884207D85D
S325000189A0FFE702F045FD03980199FFF71DFF2AE0029858B1FFE741F6B830C2F20000006881
S325000189C00068B0FA80F040090290FFE741F66050C2F2020000680399019A891A029A01F0E1
S325000189E07BFA02F025FD60B9FFE74EF60451CEF200014FF080500860BFF34F8FBFF36F8FD7
S32500018A0000E0FFE7FFE702E002F012FDFFE704B080BD000081B041F6B030C2F20000006885
S32500018A20006840B9FFE741F66841C2F202014FF0FF3008600FE041F6B030C2F20000006859
S32500018A40C068C06800900098406841F66841C2F202010860FFE701B07047000080B582B03B
S32500018A60019002F0BBFA0090009841F6A031C2F200010968884206D2FFE700F011F8019946
S32500018A800120086003E0019900200860FFE7009841F6A031C2F200010860009802B080BD17
S32500018AA080B586B0FFE741F6AC30C2F2000000680068002840D0FFE741F6AC30C2F20000E2
S32500018AC00168C968096805910068C068C06802900298043001F052F80298016A884702982D
S32500018AE090F824004007002824D5FFE7059802998969084404900498059988420FD9FFE799
S32500018B000498029948600298006141F6AC30C2F2000000680299043101F08EF809E002987B
S32500018B20059A694600230B60194602F053FD0190FFE700E0FFE7B6E741F6AC32C2F200020C
S32500018B401068039041F6B831C2F20001086810600398086006B080BD82B0002000904FF037
S32500018B60A00080F31188BFF36F8FBFF34F8F0190FFE7009808B9FFE7FBE702B07047000001
S32500018B8080B584B00390FFE701A8FFF75DFC029002980199FFF7F0FEFFF760FEF4E700001B
S32500018BA080B582B0019001F0A5F8019890F845008DF80300FFE79DF90300012816DBFFE7BB
S32500018BC00198406A58B1FFE70198243002F0DCFB18B1FFE701F046FA00E0FFE700E005E03B
S32500018BE09DF8030001388DF80300E4E70199FF2081F8450001F096F801F07CF8019890F8CE
S32500018C0044008DF80200FFE79DF90200012816DBFFE70198006980B1FFE70198103002F020
S32500018C20B3FB18B1FFE701F01DFA00E0FFE79DF8020001388DF8020000E000E0E4E7019986
S32500018C40FF2081F8440001F06DF802B080BD000080B588B007900020039001F001FB41F611
S32500018C60A430C2F20000006848B9FFE7FFF70CFC41F6A431C2F2000101200860FFE7079849
S32500018C8078B1FFE70798083007909DF81C00400730B1FFE7079820F0070008300790FFE726
S32500018CA0FFE70798002875D0FFE707984FF6F771C0F2010188426DD8FFE741F62C50C2F279
S32500018CC00200059000680690FFE706984168079A00209142009007D2FFE7069800680028BA
S32500018CE018BF01200090FFE70098C00730B1FFE706980590069800680690E6E7069841F668
S32500018D005C41C2F20201884243D0FFE7059800680830039006980068059908600698406813
S32500018D200799401A11282AD3FFE70698079908440490069840680799401A049948600798D4
S32500018D400699486004984068019041F62C50C2F202000290FFE70298006840680199884201
S32500018D6005D2FFE7FFE7029800680290F3E70298006804990860049802990860FFE70698B1
S32500018D80426840F28061C2F200010868801A0860FFE7FFE702F04CFB039808B080BD000053
S32500018DA041F6A830C2F20000006848B1FFE741F6A830C2F200000168486C01304864FFE7FF
S32500018DC041F6A830C2F200000068704783B002900191009202980438029002994FF080708F
S32500018DE00860029804380290019820F001000299086002980438029002994CF65930C0F26F
S32500018E000100086002981438029000980299086002980438029002996FF002000860029869
S32500018E2020380290029803B07047000080B582B08DF8070041F65820C2F200001C300DF19D
S32500018E4007010122F6F778FA002002B080BD000080B582B041F65820C2F2000010300DF16A
S32500018E6003014FF0FF32F6F7B9FA9DF803000190019802B080BD000080B582B08DF8070033
S32500018E8041F65820C2F200001C300DF107010122F6F752FA002002B080BD000080B582B044
S32500018EA001900091FFE7BDF80400202809D3FFE743F2D700C0F202004FF4D971FEF75EFC44
S32500018EC0FFE7FFE7FFE70098000948B1FFE743F2D700C0F202004FF4DA71FEF74FFCFFE7E5
S32500018EE0FFE7019800F01F0001909DF80000C00748B1FFE70199012088404FF21C01C4F27A
S32500018F000F010860FFE79DF800008007002809D5FFE70199012088404FF23401C4F20F0125
S32500018F200860FFE79DF800004007002809D5FFE70199012088404FF23C01C4F20F010860E5
S32500018F40FFE79DF800000007002809D5FFE70199012088404FF22401C4F20F010860FFE79F
S32500018F6002B080BD80B584B003900291FFE7BDF80C00402809D3FFE743F2D700C0F20200DB
S32500018F8040F26221FEF7FAFBFFE7FFE7FFE74FF20800C4F20F00006848B9FFE743F2D70010
S32500018FA0C0F2020040F26321FEF7E8FBFFE7FFE7039800F03F0003904FF20800C4F20F0031
S32500018FC0006801900198039900EB0110806843F6F771C0F2FC010840029908430199039AC3
S32500018FE001EB0211886004B080BD000080B582B00190FFE7BDF80400202808D3FFE743F2BD
S32500019000D700C0F20200B821FEF7B8FBFFE7FFE7019800F01F01012088404FF22C01C4F2BB
S325000190200F01086002B080BD80B582B00190FFE7BDF80400202808D3FFE743F2D700C0F264
S3250001904002009D21FEF79AFBFFE7FFE7019800F01F01012088404FF22801C4F20F010860C9
S3250001906002B080BD80B584B00390FFE7BDF80C00402809D3FFE743F2D700C0F2020040F23B
S325000190800241FEF77BFBFFE7FFE7FFE74FF20800C4F20F00006848B9FFE743F2D700C0F24E
S325000190A0020040F20341FEF769FBFFE7FFE7039800F03F0003904FF20800C4F20F00006839
S325000190C002900298039900EB0110806800F007000190019820F00100042806D0FFE701982A
S325000190E020F00100062805D1FFE7019820F001000190FFE7019804B080BD000080B588B056
S32500019100DDF828C00790069105920493FFE7BDF81C00402809D3FFE743F2D700C0F202008E
S3250001912040F2D221FEF72AFBFFE7FFE7FFE74FF20800C4F20F00006848B9FFE743F2D700CE
S32500019140C0F2020040F2D321FEF718FBFFE7FFE7FFE70698072809D3FFE743F2D700C0F227
S3250001916002004FF43571FEF709FBFFE7FFE7FFE705990020B0EB517F09D1FFE743F2D7005D
S32500019180C0F2020040F2D521FEF7F8FAFFE7FFE7FFE704990020B0EB517F09D1FFE743F236
S325000191A0D700C0F2020040F2D621FEF7E7FAFFE7FFE7FFE70A9828B1FFE70A98B0F5806FD5
S325000191C009D9FFE743F2D700C0F2020040F2D721FEF7D4FAFFE7FFE7079800F03F000790E2
S325000191E04FF20800C4F20F00006803900398079900EB0110806843F6F771884302909DF8AD
S325000192001C00800600280ED5FFE70698042804D0FFE70698062805D1FFE7069840F00100D9
S325000192200690FFE7FFE706980A9A6FF00F0101EB02110143029808430290029800F0406030
S3250001924001900198B0F1406F0DD0FFE70198800E01900A98019988400090059800990844FC
S3250001926001380590FFE705980399079A12018850029800F0404001900198B0F1404F1FD01B
S32500019280FFE70698042804D0FFE70698062809D1FFE70398079941F0200100EB01100C300C
S325000192A004900CE00198800F01900A9801998840009004980099084401380490FFE7FFE7C0
S325000192C004980399079A01EB0211486002980399079A01EB0211886008B080BD80B582B0ED
S325000192E00190FFE7019940F2FF3021EA0000884208D0FFE743F2D700C0F20200F821FEF794
S325000193003DFAFFE7FFE7FFE701990020B0EB517F08D1FFE743F2D700C0F20200F921FEF7AA
S325000193202DFAFFE7FFE701984FF20801C4F20F01086002B080BD00004FF20401C4F20F0127
S32500019340012008607047000080B584B0039002910192FFE70298062809D3FFE743F29D0062
S32500019360C0F202004FF49961FEF708FAFFE7FFE70198022804D1FFE74FF48040009042E0FF
S325000193800198042804D1FFE74FF40040009039E00198082804D1FFE74FF44040009030E033
S325000193A00198102804D1FFE74FF48030009027E00198202804D1FFE74FF4A03000901EE053
S325000193C00198402804D1FFE74FF4C030009015E00198802804D1FFE74FF4E03000900CE047
S325000193E00198B0F5807F04D1FFE74FF40030009002E000200090FFE7FFE7FFE7FFE7FFE75B
S32500019400FFE7FFE7FFE70398029900EB8101C87900064860009A0398029900EB8101486814
S325000194201043486002980138039901EB80018968FFF798FD04B080BD80B586B004908DF85D
S325000194400F10029201939DF804000006002803D5FFE70020009002E001200090FFE7FFE72A
S325000194600098052800F2AB80FFE704980099084490F88800002840F09D80FFE79DF80F008D
S325000194800499009A114481F8880002980499009A01EB820188629DF804000006002842D530
S325000194A0FFE70498009900EB810148F20000C0F6014088609DF80400400600280ED4FFE735
S325000194C0019800F00300012808D1FFE70498009900EB81010A20C1F8900007E004980099E0
S325000194E000EB81010C20C1F89000FFE79DF80400400600280ED4FFE7019800F00300012819
S3250001950008D0FFE70498009900EB81011420C1F8B00007E00498009900EB81011620C1F8CF
S32500019520B000FFE719E00498009900EB810148F20000CCF2010088600498009900EB810170
S3250001954042F20800C1F890000498009900EB810142F21100C1F8B000FFE7049800689DF8B0
S325000195600F10009AF0F7E4FB00980F21FFF796FC0098049901EB80018968FFF7F3FC9DF808
S3250001958004000006002808D5FFE7049800689DF80F100022F0F794FC08E0049800689DF8FD
S325000195A00F104FF40052F0F78BFCFFE700980130059007E0FFE700980230009050E70020C0
S325000195C00590FFE7059806B080BD000080B582B0019000910198009900EB8100406800F0BA
S325000195E04060B0F1406F0AD1FFE7019A10680099114491F887100022F0F762FC0AE0019AA6
S3250001960010680099114491F887104FF40052F0F757FCFFE700980138FFF7E8FC0098411E66
S32500019620012000FA01F3019AD2F8D0109943C2F8D0100099013900FA01F20199D1F8D40062
S325000196409043C1F8D40002B080BD000080B584B00390029103984068EBF776FD0190019863
S3250001966028B1FFE703984068EBF7AEFCFFE70298411E012000FA01F3039AD2F8D0101943C4
S32500019680C2F8D0100299013900FA01F20399D1F8D4009043C1F8D4000398029900EB81002C
S325000196A0406800F04060B0F1406F0AD1FFE7039A10680299114491F887100022F0F720FC10
S325000196C00AE0039A10680299114491F887104FF40052F0F715FCFFE702980138FFF7A4FC98
S325000196E0019828B1FFE703984068EBF7CDFCFFE704B080BD82B00190009102B07047000089
S3250001970082B00190009102B07047000080B582B001908DF80310FFE79DF80300062809DB65
S32500019720FFE743F29D00C0F202004FF48561FEF725F8FFE7FFE79DF8030001380F21FFF7B8
S32500019740ADFB01989DF80310084490F88800000600280DD5FFE7019908689DF803201144B0
S3250001976091F8881001F07F010022F0F7A9FB0DE0019908689DF80320114491F8881001F08D
S325000197807F014FF40052F0F79BFBFFE701999DF803000144002081F8870001999DF8032061
S325000197A001EB820148609DF803104A1E012101FA02FC019BD3F8D02022EA0C02C3F8D02044
S325000197C09DF80320013A01FA02F3019AD2F8D4109943C2F8D41001999DF8032001EB82011B
S325000197E0486202B080BD000083B002900191002000900298D0F8D40001990139C840C007E9
S3250001980018B1FFE7012000900FE00298D0F8D00001990139C840C00718B1FFE704200090BA
S3250001982002E000200090FFE7FFE7009803B0704780B584B003900020029002900399D1F81C
S32500019840D01001910090FFE7009807281EDCFFE79DF80400C00768B1FFE70098FFF702FC87
S3250001986040B9FFE70099012000FA01F1029808430290FFE7019840080190019808B9FFE74D
S3250001988004E0FFE7009801300090DDE7029804B080BD000080B58AB0089007910692059380
S325000198A00598402805D3FFE79DF81800800718B1FFE700200990ACE00798411E012000FA9D
S325000198C001F3089AD2F8D0101943C2F8D0100799013900FA01F20899D1F8D4009043C1F8BA
S325000198E0D40006980899079A01EB8201486405980899079A01EB82014866089A10680799DC
S32500019900114491F88710F0F753FD0490079801380390059801900898079900EB8100406813
S3250001992000F00850B0F1085F04D1FFE70198800801900FE00898079900EB8100406800F030
S325000199400850B0F1085F04D1FFE7019840080190FFE7FFE70898079900EB8100406800F063
S325000199604060B0F1406F0BD1FFE70398049A069B0199EC46CCF800100121FFF7BFFB0AE0F8
S325000199800398069A049B0199EC46CCF800100121FFF7B4FBFFE705980899079A01EB82014B
S325000199A0496A884220D9FFE705980899079A01EB8201496AB0FBF1F00290089A106807996B
S325000199C0114491F88710029AF0F790FC089A106807994B1ED11891F8881002EB8302D2F893
S325000199E0B020F0F70DFA0DE0089A106807994B1ED11891F8881002EB8302D2F89020F0F7B5
S32500019A00FFF9FFE708980799FFF720FE05980990FFE709980AB080BD80B584B003900291CA
S32500019A200192FFE70198082811D0FFE7019810280DD0FFE70198202809D0FFE743F29D0010
S32500019A40C0F2020040F26A41FDF798FEFFE7FFE7FFE70298062809D3FFE743F29D00C0F224
S32500019A60020040F26C41FDF789FEFFE7FFE70198082818D1FFE7002000900398029900EB4E
S32500019A808100406800F04060B0F1406F05D1FFE7009840F04060009004E0009840F04040D6
S32500019AA00090FFE736E00198102819D1FFE74FF0885000900398029900EB8100406800F091
S32500019AC04060B0F1406F05D1FFE7009840F09840009004E0009840F044400090FFE718E005
S32500019AE04FF0085000900398029900EB8100406800F04060B0F1406F05D1FFE7009840F08A
S32500019B000C40009004E0009840F048400090FFE7FFE7FFE70398029900EB8101486820F089
S32500019B207F404860009A0398029900EB810148681043486002980138039901EB8001896802
S32500019B40FFF710FA04B080BD017809B1002070474178012903D08A0705D402224270481EA7
S32500019B6018BF0120704780B543F2ED70C0F20200FDF725FE012101704170704782B00190DF
S32500019B8001980069009001984168806888600199486889684860009840680199884205D1BD
S32500019BA0FFE7019880680099486000E0FFE701990020086100990868013808600098006863
S32500019BC002B0704780B584B003900398019000F091F80199C86B896B401A029000F0A2F83D
S32500019BE0029804B080BD000082B001900091FFE7FEE700007047000081B00090009901F1B1
S32500019C000800486000994FF0FF308860009901F10800C860009901F108000861009900202E
S32500019C20086001B07047000081B0009000990020086101B07047000084B00390029102980E
S32500019C40006800900098013020B9FFE703980069019010E0039808300190FFE7019840686D
S32500019C6000680099884205D8FFE7FFE7019840680190F3E7FFE701984068029948600298B9
S32500019C8041688860019802998860029801994860039802990861039908680130086004B03C
S32500019CA07047000083B0029001910298406800900098019948600098806801998860019848
S32500019CC0009989684860019800998860029801990861029908680130086003B07047000086
S32500019CE0DFF80C00016841F4700101607047000088ED00E081B04FF0A00080F31188BFF330
S32500019D006F8FBFF34F8F009040F27C60C2F200000168013101600068012801D1FFE7FFE731
S32500019D2001B0704781B040F27C60C2F20000016801390160006830B9FFE70020009000983E
S32500019D4080F31188FFE701B07047000080B586B0059005980490059878B3FFE704980838E7
S32500019D6004900498039000F07BFA03984068019041F62C50C2F202000290FFE702980068FD
S32500019D8040680199884205D2FFE7FFE7029800680290F3E702980068039908600398029963
S32500019DA008600398426840F28061C2F2000108681044086001F03CFBFFE706B080BD0000FA
S32500019DC0074B19680868B0E8F04F80F30988BFF36F8F4FF0000080F31188704700BF00BF2E
S32500019DE0A81B00204EF21001CEF20001002008604EF21802CEF2000210604EF21402CEF23D
S32500019E0000024DF2BF40C0F201001060072008607047000083B00290019100200090FFE7A5
S32500019E20009813281DD8FFE7009941F68840C2F2020050F8310070B9FFE70198009A41F62D
S32500019E408841C2F2020141F832000298009A01EBC201486005E0FFE7FFE70098013000907B
S32500019E60DEE703B07047000080B582B0019001980090009800F006F80098FFF767FF02B05F
S32500019E8080BD000082B0019000200090FFE7009813281FD8FFE7009941F68840C2F2020027
S32500019EA000EBC1004068019988420DD1FFE7009A41F68841C2F20201002041F83200009AA9
S32500019EC001EBC201486005E0FFE7FFE7009801300090DCE702B0704780B584B0039002915F
S32500019EE0019203980090FFF705FF009890F94400013028B9FFE70099002081F84400FFE7EA
S32500019F00009890F94500013028B9FFE70099002081F84500FFE7FFF705FF0098806B38B911
S32500019F20FFE7009824300299019A00F0B7F800E0FFE70098FEF734FE04B080BD80B582B096
S32500019F40019000200090019850B1FFE700F088F901980021FEF75AF801F06AFA009000E002
S32500019F60FFE7009860B9FFE74EF60451CEF200014FF080500860BFF34F8FBFF36F8F00E06C
S32500019F80FFE702B080BD000080B586B0059004910020019000F064F941F65C50C2F20200B9
S32500019FA00068009005980068049908440390009805990968884210D2FFE70398059909683E
S32500019FC0884208D2FFE703980099884203D9FFE70120019000E0FFE70FE00398059909681F
S32500019FE0884205D3FFE703980099884203D9FFE70120019000E0FFE7FFE703980599086013
S3250001A000019838B1FFE703980099401A0021FDF7FDFF00E0FFE701F00BFA0290029860B931
S3250001A020FFE74EF60451CEF200014FF080500860BFF34F8FBFF36F8F00E0FFE706B080BD69
S3250001A04081B0009041F66C40C2F2020000680099086041F65C50C2F20200006800994860F4
S3250001A06001B0704741F66851C2F20201012008607047000080B582B001900091019841F631
S3250001A080A831C2F2000109681831FFF7D5FD00980121FDF7BBFF02B080BD000080B584B0E9
S3250001A0A0039002910192039841F6A831C2F2000109681831FFF7F6FD019820B1FFE74FF04E
S3250001A0C0FF300290FFE702980199FDF79FFF04B080BD000080B586B0059004910598039056
S3250001A0E001200090059800286DD0FFE70398006C0499884203D2FFE70498019003E00398EC
S3250001A100006C0190FFE70398C06A0199884258D0FFE70398406C012851D1FFE70398C06AE1
S3250001A120029001980399C8620398C07E0006002806D4FFE70198C0F103000399886100E0AE
S3250001A140FFE703984069029901EB810241F6BC31C2F2000101EB820188422ED1FFE7039832
S3250001A1600430FFF70BFD68B9FFE70398C16A012000FA01F241F60841C2F202010868904351
S3250001A180086000E0FFE70398C16A012000FA01F241F60841C2F202010868104308600399B8
S3250001A1A0C86A00EB800241F6BC30C2F2000000EB82000431FFF776FD00E0FFE700E0FFE78B
S3250001A1C000E0FFE700E0FFE706B080BD80B584B041F66441C2F20201684641600023036028
S3250001A1E04CF2D140C0F2010043F28B11C0F202014FF4C87200F080FE02900298012804D1BB
S3250001A200FFE701F0BFF9029000E0FFE70298012823D1FFE74FF0A00080F31188BFF36F8F18
S3250001A220BFF34F8F039041F66841C2F202014FF0FF30086041F62851C2F202010120086097
S3250001A24041F65C51C2F202010020086000F0BAF808B1FFE700E0FFE700E0FFE704B080BD16
S3250001A26041F60041C2F20201086801300860704780B586B041F60040C2F20200006838B1FF
S3250001A280FFE741F66851C2F202010120086063E041F66851C2F202010020086041F6A83020
S3250001A2A0C2F200000068006B03904FF0A530029003980068B0F1A53F12D1FFE70398406843
S3250001A2C0B0F1A53F0CD1FFE703988068B0F1A53F06D1FFE70398C068B0F1A53F0AD0FFE762
S3250001A2E041F6A831C2F20001086809683431FFF77BFCFFE741F60840C2F2020000680590C7
S3250001A3000598B0FA80F08DF813009DF81300C0F11F000190019800EB800141F6BC30C2F202
S3250001A320000000EB810000900099486840684860009948680831884205D1FFE70099486830
S3250001A34040684860FFE700984068C06841F6A831C2F200010860FFE706B080BD0000000052
S3250001A360EFF30980BFF36F8F154B1A681EF0100F08BF20ED108A20E9F04F10602DE9090067
S3250001A3804FF0A00080F31188BFF34F8FBFF36F8FFFF76EFF4FF0000080F31188BDE809002F
S3250001A3A019680868B0E8F04F1EF0100F08BFB0EC108A80F30988BFF36F8F704700BF00BFBB
S3250001A3C0A81B002080B582B04EF62051CEF20001086840F460000860086840F060400860A2
S3250001A3E0FFF700FD40F27C61C2F20001002001900860FFF775FC4EF63471CEF20001086805
S3250001A40040F040400860FEF7DBF9FFF731FFFEF7A3FB019802B080BD80B582B04FF0A000CD
S3250001A42080F31188BFF36F8FBFF34F8F009000F0DFFD40B1FFE74EF60451CEF200014FF0FD
S3250001A44080500860FFE700200190019880F3118802B080BD80B584B0039002910398002147
S3250001A460022200F021F80190019820B1FFE702980199886300E0FFE7019804B080BD000058
S3250001A48080B584B08DF80F0001200190002100919DF80F2000F008F802900298FEF720F867
S3250001A4A0029804B080BD000080B588B0079006918DF8172007980699484303900398483044
S3250001A4C0FEF7C6FB0490049890B1FFE70498029002984830029007980699029A9DF81730E0
S3250001A4E0DDF810C0EE46CEF800C0FEF70FF800E0FFE7049808B080BD80B584B00390029114
S3250001A50003980190FFF7F6FB01990B68C86B0A6C00FB0230886001990020886301990868A7
S3250001A520486001990B68C86B0A6C013800FB0230C8600199FF2081F84400019981F845005A
S3250001A5400298D0B9FFE701980069A0B1FFE70198103000F019FF60B1FFE74EF60451CEF281
S3250001A56000014FF080500860BFF34F8FBFF36F8F00E0FFE700E0FFE708E001981030FFF7D9
S3250001A5803BFB01982430FFF737FBFFE7FFF7CAFB012004B080BD000080B58AB00890079117
S3250001A5A0069205930020049008980090FFE7FFF7A1FB0098806B0099C96B884204D3FFE731
S3250001A5C00598022834D1FFE700980799059AFDF7B5FE03900098406AA0B1FFE7009824304C
S3250001A5E000F0D2FE60B1FFE74EF60451CEF200014FF080500860BFF34F8FBFF36F8F00E0AC
S3250001A600FFE710E0039860B1FFE74EF60451CEF200014FF080500860BFF34F8FBFF36F8FBA
S3250001A62000E0FFE7FFE7FFF77DFB0120099065E0069828B9FFE7FFF775FB002009905DE039
S3250001A640049830B9FFE701A8FFF7FAFC0120049000E0FFE7FFE7FFE7FFF764FBFFF700FE63
S3250001A660FFF748FB009890F94400013028B9FFE70099002081F84400FFE7009890F945007B
S3250001A680013028B9FFE70099002081F84500FFE7FFF748FB01A806A900F0E4FB28BBFFE735
S3250001A6A00098FEF775F8C8B1FFE7009810300699FFF7E0FC0098FEF773FA00F0B9FE60B937
S3250001A6C0FFE74EF60451CEF200014FF080500860BFF34F8FBFF36F8FFFE705E00098FEF724
S3250001A6E05FFA00F0A5FEFFE707E00098FEF758FA00F09EFE0020099000E058E709980AB0FC
S3250001A70080BD000080B58CB0089007910692059308980290EFF311814FF0A00080F3118893
S3250001A720BFF36F8FBFF34F8F0A9109900A9803900298806B0299C96B884204D3FFE70598F1
S3250001A740022833D1FFE7029890F845008DF807000298806B009002980799059AFDF7EEFD1E
S3250001A7609DF907000130B8B9FFE70298406A88B1FFE70298243000F007FE48B1FFE70698EA
S3250001A78020B1FFE706990120086000E0FFE700E0FFE700E0FFE706E09DF807000130029933
S3250001A7A081F84500FFE70120049002E000200490FFE703980B900B9880F3118804980CB080
S3250001A7C080BD000080B58AB00690059106980290EFF311814FF0A00080F31188BFF36F8F5B
S3250001A7E0BFF34F8F08910790089803900298806B019001980299C96B88422FD2FFE7029896
S3250001A80090F845008DF8030001980130029988639DF903000130B8B9FFE70298406A88B1EE
S3250001A820FFE70298243000F0AFFD48B1FFE7059820B1FFE705990120086000E0FFE700E0A1
S3250001A840FFE700E0FFE706E09DF803000130029981F84500FFE70120049002E0002004900C
S3250001A860FFE703980990099880F3118804980AB080BD000080B584B00390039801900198B6
S3250001A8808068009000F084FB01460098884213D1FFE70199C8680138C8600198C06838B97A
S3250001A8A0FFE70198002319461A46FFF775FE00E0FFE70120029002E000200290FFE702983A
S3250001A8C004B080BD83B00290029800900098806B18B9FFE70120019002E000200190FFE72C
S3250001A8E0019803B07047000083B00290029800900098806B0099C96B884203D1FFE701206A
S3250001A900019002E000200190FFE7019803B0704780B58AB008900791069200200590089897
S3250001A9200190FFE7FFF7E6F90198806B0090009840B3FFE70198C068029001980799FDF7BF
S3250001A940DBFC02980199C8600198406AA0B1FFE70198243000F018FD60B1FFE74EF60451C1
S3250001A960CEF200014FF080500860BFF34F8FBFF36F8F00E0FFE700E0FFE7FFF7D3F90120E9
S3250001A98009906DE0069828B9FFE7FFF7CBF90020099065E0059830B9FFE703A8FFF750FB55
S3250001A9A00120059000E0FFE7FFE7FFE7FFF7BAF9FFF756FCFFF79EF9019890F94400013033
S3250001A9C028B9FFE70199002081F84400FFE7019890F94500013028B9FFE70199002081F8BA
S3250001A9E04500FFE7FFF79EF903A806A900F03AFA30BBFFE70198FDF7B7FED0B1FFE7019807
S3250001AA0024300699FFF736FB0198FEF7C9F800F00FFD60B9FFE74EF60451CEF200014FF032
S3250001AA2080500860BFF34F8FBFF36F8F00E0FFE705E00198FEF7B4F800F0FAFCFFE70EE0F8
S3250001AA400198FEF7ADF800F0F3FC0198FDF78CFE18B1FFE70020099002E0FFE7FFE761E768
S3250001AA6009980AB080BD000080B58AB00890079106920020059008980290FFE7FFF73AF90A
S3250001AA800298806B0190019830B3FFE702980799FDF732FC01980138029988630298006980
S3250001AAA0A0B1FFE70298103000F06EFC60B1FFE74EF60451CEF200014FF080500860BFF3AA
S3250001AAC04F8FBFF36F8F00E0FFE700E0FFE7FFF729F9012009906DE0069828B9FFE7FFF7DB
S3250001AAE021F90020099065E0059830B9FFE703A8FFF7A6FA0120059000E0FFE7FFE7FFE742
S3250001AB00FFF710F9FFF7ACFBFFF7F4F8029890F94400013028B9FFE70299002081F84400D9
S3250001AB20FFE7029890F94500013028B9FFE70299002081F84500FFE7FFF7F4F803A806A92D
S3250001AB4000F090F930BBFFE70298FDF70DFED0B1FFE7029824300699FFF78CFA0298FEF70C
S3250001AB601FF800F065FC60B9FFE74EF60451CEF200014FF080500860BFF34F8FBFF36F8F56
S3250001AB8000E0FFE705E00298FEF70AF800F050FCFFE70EE00298FEF703F800F049FC029809
S3250001ABA0FDF7E2FD18B1FFE70020099002E0FFE7FFE763E709980AB080BD000080B58CB052
S3250001ABC008900791069208980390EFF311814FF0A00080F31188BFF36F8FBFF34F8F0A9139
S3250001ABE009900A9804900398806B0290029898B3FFE7039890F844008DF80700039807996E
S3250001AC00FDF77AFB02980138039988639DF907000130B8B9FFE70398006988B1FFE7039887
S3250001AC20103000F0B1FB48B1FFE7069820B1FFE706990120086000E0FFE700E0FFE700E069
S3250001AC40FFE706E09DF807000130039981F84400FFE70120059002E000200590FFE7049846
S3250001AC600B900B9880F3118805980CB080BD000080B58AB008900791002006900899039163
S3250001AC800290FFE7FFF736F80398806B0190019860B3FFE70198013803998863039800680C
S3250001ACA028B9FFE7FEF77CF80399886000E0FFE703980069A0B1FFE70398103000F064FBAE
S3250001ACC060B1FFE74EF60451CEF200014FF080500860BFF34F8FBFF36F8F00E0FFE700E0BF
S3250001ACE0FFE7FFF71FF8012009908DE0079828B9FFE7FFF717F80020099085E0069830B923
S3250001AD00FFE704A8FFF79CF90120069000E0FFE7FFE7FFE7FFF706F8FFF7A2FAFEF7EAFF62
S3250001AD20039890F94400013028B9FFE70399002081F84400FFE7039890F94500013028B9D2
S3250001AD40FFE70399002081F84500FFE7FEF7EAFF04A807A900F086F8A8BBFFE70398FDF726
S3250001AD6003FD48B3FFE70398006850B9FFE7FEF7C1FF0398806800F079FA0290FEF7D2FF06
S3250001AD8000E0FFE7039824300799FFF773F90398FDF706FF00F04CFB60B9FFE74EF6045192
S3250001ADA0CEF200014FF080500860BFF34F8FBFF36F8F00E0FFE705E00398FDF7F1FE00F0FB
S3250001ADC037FBFFE71FE00398FDF7EAFE00F030FB0398FDF7C9FCA0B1FFE7029870B1FFE797
S3250001ADE0FEF788FF0398FDF71BFB0090039880680099FFF76FF9FEF795FFFFE700200990F9
S3250001AE0002E0FFE7FFE73DE709980AB080BD000080B586B00590049105980290029880687B
S3250001AE20019000F0B5F801460198884207D1FFE70299C8680130C860012003900EE0029815
S3250001AE400499FFF715FF0390039828B1FFE70299C8680130C86000E0FFE7FFE7039806B036
S3250001AE6080BD000080B586B005900491FEF742FF41F65C50C2F202000068029002980599F8
S3250001AE804968401A019004980068013018B9FFE7002003902BE041F66C40C2F20200006864
S3250001AEA005990968884209D0FFE7029805994968884203D3FFE70120039017E001980499A3
S3250001AEC0096888420BD2FFE7019A04990868801A08600598FFF7B4F80020039005E004994F
S3250001AEE00020086001200390FFE7FFE7FFE7FEF719FF039806B080BD70B58CB0DDF844C088
S3250001AF00DDF840C00B900A91ADF826200893BDF826008000FDF79CFE0590059880B1FFE767
S3250001AF205020FDF795FE0790079820B1FFE705980799086303E00598FEF708FFFFE702E03A
S3250001AF4000200790FFE70798D8B1FFE70B980A99BDF82620089BDDF840C0119C079DEE4601
S3250001AF600026CEF80C60CEF80850CEF80440CEF800C0FDF7EBFA0798FDF7C2F801200690E7
S3250001AF8003E04FF0FF300690FFE706980CB070BD81B041F6A830C2F20000006800900098D2
S3250001AFA001B0704781B041F62850C2F20200006818B9FFE7012000900DE041F60040C2F2A4
S3250001AFC00200006818B9FFE70220009002E000200090FFE7FFE7009801B0704781B041F6D1
S3250001AFE05C50C2F2020000680090009801B0704780B586B00020039041F60040C2F20200A5
S3250001B0000068002840F0BD80FFE741F65C51C2F20201086801300290029808600298C0B963
S3250001B020FFE741F6B032C2F200021068019041F6B431C2F20001086810600198086041F662
S3250001B0406C41C2F20201086801300860FDF7E2FC00E0FFE7029841F66841C2F20201096842
S3250001B060884262D3FFE7FFE741F6B030C2F200000068006840B9FFE741F66841C2F20201ED
S3250001B0804FF0FF3008604FE041F6B030C2F200000068C068C0680590059840680490029819
S3250001B0A00499884207D2FFE7049841F66841C2F20201086038E0FFE705980430FEF75EFDA9
S3250001B0C00598806A28B1FFE705981830FEF756FD00E0FFE70598C16A012000FA01F241F623
S3250001B0E00841C2F202010868104308600599C86A00EB800241F6BC30C2F2000000EB82009D
S3250001B1000431FEF7CFFD0598C06A41F6A831C2F200010968C96A884203D3FFE701200390C8
S3250001B12000E0FFE7FFE79FE7FFE741F6A830C2F200000068C06A00EB800141F6BC30C2F258
S3250001B140000050F82100022803D3FFE70120039000E0FFE741F67040C2F20200006818B949
S3250001B160FFE7FEF747FD00E0FFE741F66850C2F20200006818B1FFE70120039000E0FFE7AD
S3250001B18009E041F67041C2F20201086801300860FEF730FDFFE7039806B080BD80B584B018
S3250001B1A0039003980290002001900398002859D0FFE70299486C013848640299C86A096CCF
S3250001B1C088424DD0FFE70298406C002846D1FFE702980430FEF7D2FCD0B9FFE70298C06A6C
S3250001B1E000EB800141F6BC30C2F2000050F8210068B9FFE70298C16A012000FA01F241F68B
S3250001B2000841C2F20201086890430860FFE700E0FFE70299086CC8620299C86AC0F1030016
S3250001B22088610298C16A0120009000FA01F241F60841C2F202010868104308600299C86A8C
S3250001B24000EB800241F6BC30C2F2000000EB82000431FEF727FD0098019000E0FFE700E019
S3250001B260FFE700E0FFE7019804B080BD80B584B003900398029000200190039800287ED0A6
S3250001B280FFE70298C06A41F6A831C2F200010968C96A884262D2FFE70298C07E00060028AA
S3250001B2A00BD4FFE741F6A830C2F200000068C06AC0F103000299886100E0FFE70299486923
S3250001B2C0C96A01EB810241F6BC31C2F2000101EB8201884236D1FFE702980430FEF74EFCB9
S3250001B2E068B9FFE70298C16A012000FA01F241F60841C2F2020108689043086000E0FFE7C5
S3250001B30041F6A830C2F200000068C06A0299C8620298C16A012000FA01F241F60841C2F205
S3250001B32002010868104308600299C86A00EB800241F6BC30C2F2000000EB82000431FEF730
S3250001B340B1FC08E041F6A830C2F200000068C06A0299C862FFE7012001900FE00298006CAA
S3250001B36041F6A831C2F200010968C96A884203D2FFE70120019000E0FFE7FFE700E0FFE7B4
S3250001B380019804B080BD000080B584B003900398C068C068029002981830FEF7EFFB41F6AB
S3250001B3A00040C2F202000068F0B9FFE702980430FEF7E4FB0298C16A012000FA01F241F6ED
S3250001B3C00841C2F202010868104308600299C86A00EB800241F6BC30C2F2000000EB8200BD
S3250001B3E00431FEF75FFC09E0029800F1180141F67440C2F20200FEF755FCFFE70298C06AA3
S3250001B40041F6A831C2F200010968C96A884208D9FFE70120019041F66851C2F2020108606A
S3250001B42002E000200190FFE7019804B080BD000080B584B0002003900290FEF75BFC41F6D1
S3250001B4400040C2F202000168013901600068002840F09280FFE741F6F830C2F202000068B6
S3250001B460002800F08880FFE7FFE741F67440C2F202000068E0B3FFE741F67440C2F20200B6
S3250001B480C068C068039003981830FEF777FB03980430FEF773FB0398C16A012000FA01F272
S3250001B4A041F60841C2F202010868104308600399C86A00EB800241F6BC30C2F2000000EB26
S3250001B4C082000431FEF7EEFB0398C06A41F6A831C2F200010968C96A884207D3FFE741F6E1
S3250001B4E06851C2F202010120086000E0FFE7BCE7039818B1FFE7FDF78DFAFFE741F6704051
S3250001B500C2F20200006801900198E0B1FFE7FFE7FFF76EFD38B1FFE741F66851C2F20201A8
S3250001B5200120086000E0FFE7019801380190FFE701980028ECD1FFE741F67041C2F2020169
S3250001B5400020086000E0FFE741F66850C2F20200006870B1FFE7012002904EF60451CEF276
S3250001B56000014FF080500860BFF34F8FBFF36F8F00E0FFE7FFE700E0FFE7FEF7D3FB02983D
S3250001B58004B080BD80B584B000200390FCF740FE41F66050C2F202000068B8B1FFE741F6DB
S3250001B5A06450C2F2020069464860022008604CF68130C0F2010043F29511C0F202014FF4C0
S3250001B5C048720023FFF798FC039000E0FFE7039804B080BD80B588B0DDF828C007900691C0
S3250001B5E0059204930020039041F66050C2F202000068A8B3FFE70698009005980190079822
S3250001B6000290069805281EDCFFE7FFF7CBFC02280CD1FFE741F66050C2F2020000680A9A93
S3250001B62069460023FEF7B8FF03900BE041F66050C2F202000068694600231A46FEF7ACFF30
S3250001B6400390FFE70BE041F66050C2F202000068049A69460023FFF755F80390FFE700E06E
S3250001B660FFE7039808B080BD5FEA400C08BF91F0000F4FEA8C234FEAC12243EA51514FEA55
S3250001B6801C5018BF00F5F0404FEA300018BF41F000415FEA6C5C00F02980BCF1FF3F08BF2D
S3250001B6A040F080407047130C06BF12044FF0100C4FF0000C130E04BF12020CF1080C130F11
S3250001B6C004BF12010CF1040C930F04BF92000CF1020CD30F04BF52000CF1010C11464FF0E7
S3250001B6E00002A0F11F00A0EB0C00704711F0004F08BF704731F000413FF4D5AF0B0C06BF80
S3250001B70009044FF0100C4FF0000C0B0E04BF09020CF1080C0B0F04BF09010CF1040C8B0FE9
S3250001B72004BF89000CF1020CCB0F04BF49000CF1010CCCF1200322FA03F341EA030102FA9E
S3250001B7400CF2A0EB0C0000F10100704723F07F4720F07F4C80EA030000F00040ACEB0703B2
S3250001B76003F57C5303F1FF032DE9804909B44FEA144324EA03484FEA154B25EA0B4E0FF27E
S3250001B780042606EB13273E7803FB0667C7F5000707FB06F64FEAD64606F102064FEA543753
S3250001B7A007FB066CCCF1005C4FEA1C472CEA074C0CFB06F507FB06F404EB15464FEA9616C3
S3250001B7C049085FEA320234BF00204FF000404FEAD13706FB07FC4FEA1C4C0CFB0BF7D21B26
S3250001B7E003FB0CF761EB07010CFB0EF7B0EB074072EB17420CFB08F734BFA2EB0742B2EBDD
S3250001B800074261EB17414FEA0C444FEA910706FB07FC4FEA1C4C0CFB0BF7B0EBC74072EB2D
S3250001B820573203FB0CF734BFA2EBC742B2EBC74261EB57310CFB0EF7B0EBC70072EB5772E0
S3250001B8400CFB08F734BFA2EBC702B2EBC70261EB57714FEA816141EA92114FEA826242EAE6
S3250001B86090124FEA806004EBCC04039F4FEAD13706FB07FC4FEA1C4C0CFB0BF7D21B03FBCB
S3250001B8800CF761EB07010CFB0EF7B0EB074072EB17420CFB08F734BFA2EB0742B2EB0742F1
S3250001B8A061EB17414FEA8C5504EB9C244FEA910706FB07FC4FEA1C4C0CFB0BF7B0EBC740F3
S3250001B8C072EB573203FB0CF734BFA2EBC742B2EBC74261EB57310CFB0EF7B0EBC70072EBAC
S3250001B8E057720CFB08F734BFA2EBC702B2EBC70261EB57714FEA816141EA92114FEA8262A9
S3250001B90042EA90124FEA806015EB4C2544F100044FEAD13706FB07FC4FEA1C4C0CFB0BF7A0
S3250001B920D21B03FB0CF761EB07010CFB0EF7B0EB074072EB17420CFB08F734BFA2EB07424B
S3250001B940B2EB074261EB17414FEA813141EA92414FEA823242EA90424FEA80304FEA0C76DE
S3250001B96015EB1C1544F1000448EA03434EEA0B484FF0000EB2EB080C71EB030724BF624664
S3250001B98039464EEB0E0E4FF0000B0018524149414BEB0B0BB2EB080C71EB03077BF1000B73
S3250001B9A024BF624639464EEB0E0E4FF0000B0018524149414BEB0B0BB2EB080C71EB03073F
S3250001B9C07BF1000B24BF624639464EEB0E0E51EA020718BF46F0010616EB0E7655F1000265
S3250001B9E054F1000103D5BDE88901BDE80088BDE88901BDE80048B619524141EB0101A3F186
S3250001BA000103704780807F7E7D7C7B7A7978777676757473727171706F6E6E6D6C6C6B6AA0
S3250001BA206A696868676666656464636362616160605F5F5E5E5D5D5C5C5B5B5A5A595958F2
S3250001BA4058575756565555555454535352525251515050504F4F4F4E4E4D4D4D4C4C4C4BB9
S3250001BA604B4B4A4A4A494949484848474747474646464545454444444443434343424242F9
S3250001BA804241414110B546EA06464FEA164646EA42564FEAD22242EA41524FEAD121A3F54D
S3250001BAA07053A3F1010300F02FF820F0004000F0004700F1020CBCF5006F01EB00501146D4
S3250001BAC040EA070000D210BDBAF1000F0AD01CB503B44FF004004FF004014FF000000FBCE2
S3250001BAE0BDE810404FF00001BBF1010FB9BF04484FF0FF310348002140EA070010BD00BFF2
S3250001BB00FFFFEF7F0000F07F9C46002B30D477002BD04FEA37071CB503B44FF010004FF033
S3250001BB201001BAF1000F06D0BCF1000FDCBF40F0080040F008014FF000000FBCBDE8104096
S3250001BB400BF1010BBBF1010F08BF5FEA170722BF12F1010211F101014FF0004143F100034A
S3250001BB6000F0004043EA00007047F9D35708D0E746EA06464FEA164613F1400F1FDD13F164
S3250001BB80200FDFBF16430A46002120335B42BED0C3F1200746EA06464FEA164602FA07F7A3
S3250001BBA046EA070622FA03F2C3F1200701FA07F742EA070221FA03F14FF00003A7E746EA18
S3250001BBC0020646EA06464FEA164646EA0106BCBF46EA0646360C4FF000034FF000024FF013
S3250001BBE0000194E72DE9804C70B49A46934691E8380007C831EA400C48BF34EA430C03D5D0
S3250001BC00FFF7A4FDFFF780FFF0BCBDE8008C2DE9804C70B49A46934691E8380007C831EADA
S3250001BC20400C48BF34EA430C03D5FFF78FFDFFF729FFF0BCBDE8008C2DE9804C70B49A4602
S3250001BC40934691E8380007C810F0804F08BF13F0804F03D100F01AF8FFF756FFF0BCBDE8AA
S3250001BC60008C2DE9804C70B49A46934691E8380007C810F0804F08BF13F0804F03D100F0C6
S3250001BC8005F8FFF7FFFEF0BCBDE8008C20F07F4723F07F4C80EA030000F0004007EB0C037E
S3250001BCA0A3F57C53A3F1FE0392F0000F00F0B38095F0000F00F077802DE901494FEA114068
S3250001BCC021EA00484FEA144624EA064700FB06FC08FB06F607FB08F818EB06484CEB164C34
S3250001BCE000FB07F718EB07484CEB17404FEA124B22EA0B4E4FEA154625EA06470BFB06FC71
S3250001BD000EFB06F607FB0EFE1EEB064E4CEB164C0BFB07F71EEB074E4CEB174B18EB0B0802
S3250001BD2040F1000018EB0E0B58EB000840F100008F1A4FF000014FF000063CBFC943661B7D
S3250001BD4014BFB5EB040C00213CBFC943F61B4FEA174427EA04454FEA1C472CEA074C04FB2E
S3250001BD60076205FB07F70CFB05F616EB074642EB174204FB0CFC16EB0C4642EB1C421BEB94
S3250001BD80060658EB020241414EEA8E0E46EA9E0601D5BDE80189B619524141EB0101A3F1F6
S3250001BDA00103BDE801894FEA144524EA05464FEA114721EA074C05FB07F406FB07F70CFB6E
S3250001BDC006F111EB074144EB174405FB0CFC11EB0C4144EB1C444FEA124722EA074C05FBC6
S3250001BDE007F206FB07F70CFB06F616EB074642EB174205FB0CFC16EB0C4642EB1C456A1802
S3250001BE0054F1000148BF7047B619524141EB0101A3F10103704795F0000F37D04FEA114211
S3250001BE2021EA02464FEA144724EA074C02FB07F106FB07F70CFB06F414EB074441EB1741F0
S3250001BE4002FB0CFC14EB0C4441EB1C414FEA154725EA074C02FB07F506FB07F70CFB06F60C
S3250001BE6016EB074645EB174502FB0CFC16EB0C4645EB1C42121951F1000148BF7047B61900
S3250001BE80524141EB0101A3F1010370474FEA144524EA05464FEA114721EA074C05FB07F1B9
S3250001BEA006FB07F70CFB06F212EB074241EB174105FB0CFC12EB0C4251EB1C414FF0000682
S3250001BEC048BF7047921841EB0101A3F10103704703B401984100009850EAC12018BF042037
S3250001BEE04A0D18BF40F0010040F2FF72B2EB515F08BF40F00200012808BF052002B0704775
S3250001BF0030B52DED048B81B0B0EE408AF0EE608A6A4651EC180B00F013F900989FED329B2E
S3250001BF207E300090002821DC53EC192B51EC180B00F0C0FB1AD0002140F608004FF0000081
S3250001BF40044651EC180B00F06DF908EE100A40F6080004EA00014FF00000B5EEC08AF1EE92
S3250001BF6010FA04BF0220E7F708F92DE00098FF2830DB002108464FF0000000F4400553ECEF
S3250001BF80192B51EC180B00F09FFD8CBF002401240220E7F7F2F89FED168A4DB1002C0CBFCB
S3250001BFA04FF400004FF48000A84218BF9FED118A042108464FF00000002C01BFB1EE480AFD
S3250001BFC001B0BDEC048B30BDB0EE480A01B0BDEC048B30BD51EC180B00F024F901B000EEB2
S3250001BFE0100ABDEC048B30BD00000000000000000000807FFFFF7F7F30B540F2FF742DED5C
S3250001C000048BF0EE608A18EE901A85B0B0EE408A9FED2B9B05468DED008B34EA115147D03C
S3250001C02053EC192B51EC180B00F044FB40D02A4651EC180B00F0E1FE41EC180B18EE900A48
S3250001C0408DED008B34EA10501CD053EC192B51EC180B00F02FFB2BD10220E7F78EF800F0FB
S3250001C06043F810EE901A18EE900A8DED020B8DED008B61F31E0003909DED020B05B0BDECB0
S3250001C080048B30BD0220E7F778F800F01DF810EE901A18EE900A8DED020B8DED008B61F380
S3250001C0A01E0003909DED020B05B0BDEC048B30BD05B0B0EE480AF0EE680ABDEC048B30BD3D
S3250001C0C000000000000000009FED050B10B553EC102B51EC100B00F0F9FB41EC100B10BD2D
S3250001C0E000000000000000709FED050B10B553EC102B51EC100B00F0E9FB41EC100B10BDAD
S3250001C100000000000000001010B5044691ED000BFFF7F6FE84ED000A10BD10B5044690EDB2
S3250001C120000B0846FFF768FF84ED000B10BD30380A2801D2012070470020704700000000DD
S3250001C14010B582B01446CDE900010023009A2360194B21F0004098422ADA024328D0B0F51B
S3250001C160801FA8BF226810DA9FED150B53EC102B9DED000B51EC100B00F0A8FBCDE90001E1
S3250001C1806FF0350221F0004022600F4B6FF31E5103EB20501044206041F0FF5040F00050D2
S3250001C1A001909DED000B00BF02B051EC100B10BD9DED000BF8E700000000F07F00000000D9
S3250001C1C0000000000000504302FCFFFF10B500290AD00878002807D005487844E4F768FB3B
S3250001C1E0002801D0002010BD0248784410BD0000D6360000CE36000010B500290AD0087827
S3250001C200002807D005487844E4F752FB002801D0002010BD0248784410BD0000BA3700003D
S3250001C220B237000021F0004201F00043A2F16052B2F5801F28BFD2F17F6C0BD95FEA001C1E
S3250001C24043EAC20242EB507018BF704728BF20F001007047B2F5801FBCBF184670474FEAAD
S3250001C260410C1CF5001F02D2084600F088BD70B500F0D6FB00000089FFF7F6BF4FF000404A
S3250001C280A0F580007047000010B591EA030F48BF83F0004300F15684841A71EB030C05D211
S3250001C2A0121943EB0C03001B61EB0C014FEA1154A4EB135CDFF81CE11EEA430F18BF9EEA72
S3250001C2C0445F00F0748021EA045123EA0E0343F48013DCF1200E32D322FA0CFE10EB0E0059
S3250001C2E023FA0CFE41EB0E01CCF1200E03FA0EFE10EB0E00CCF1200E51F10001B1F5801F65
S3250001C30032D201EB045112FA0EF2BDE8104058BF7047401C38BF5FEA420218BF704700286C
S3250001C32014BF20F0010041F100014FEA410313F5001F38BF7047A1F1C04100F0BFBB012A65
S3250001C34043EB0302ACF1200CDCF11F0E32BF4FF0000E23FA0CF310EB030041EB0451B4EB68
S3250001C360115FD0D0A1EB045101F58011490801EB04515FEA30000ED350F1000038BF12FA0E
S3250001C3800EFE08D1BDE81040C9E7401C38BF5FEA4202CAD1C3E7BDE810404FEA410313F56D
S3250001C3A0001F38BF7047A1F1C04100F087BB9EEA445F08D011EA5E0FBDE8104004BF01F0D0
S3250001C3C0004100207047BDE8104070B500F028FB64FBBE3E0000E0FF02494FF0000000F05D
S3250001C3E0DABC00BF0000F87F491058BFC1F140415B1058BFC3F140438B42EFF30080704728
S3250001C4002DE9C04130B4DFF8A4C23CEA111418BF3CEA131400F0ED801CEA111481EA030573
S3250001C42044EAD57418BF1CEA131500F0C880A4EB050404F17F7404F500344FF0004545EAE1
S3250001C440C12145EAC32341EA505143EA52534FEAC0204FEAC222994208BF904200F09D8089
S3250001C4604FEA13650FF24416765D4FEA134506FB05F7C7F1807706FB07F74FEAD737A7FBB1
S3250001C48003687642A7FB06CEC8F5803838BFA8F1010807FB08E6A6FB028C4FF0000EE6FBA1
S3250001C4A003CEDCF1000CCEF1004E38BFAEF1010EA6FB0C584FF00007E6FB0E87A1FB08C6EE
S3250001C4C0A0FB07CE16EB0E064FF0000545F10005E1FB076515F1E04E7EBFA4F580345FEA02
S3250001C4E046066D4116F1800745F100054FEA172747EA05674FEA15254FEA0666A6F1DE468B
S3250001C500B6F1805F20D9384605EBC47124F0010C01EB0C11BCF1FE6F02D8F0BCBDE8008102
S3250001C52024425CBF01F5801E9EEAC47F02D4F0BCBDE80081244200F13980A1F1C041F0BC1D
S3250001C540BDE8004100F0BABA4FEAD02040EA41504FEAD1214FEAD22242EA43524FEAD3235E
S3250001C560A7FB028607FB036605FB02661EEA0E0F58BFA6EB0056B6EB00564FEA520E4EEACC
S3250001C580C37E18EB0E0E56EB530EBCD518EB02085E417F1C55F10005B5E74FF480154FF0BC
S3250001C5A000074FF000064FF00008ACE701F1C04101F000414FF00000F0BCBDE800810CEA22
S3250001C5C0131511EA0C1F00D00CE013EA0C1F00F026804FF0000081EA030101F00041F0BC00
S3250001C5E0BDE80081F0BCBDE8004181EA030100F065BAF0BCBDE8004170B500F011FA00BF8D
S3250001C600097EFC3E00F007B84FF0000081EA030101F00041704781EA030100F04FBAF0BCF8
S3250001C620BDE8004122494FF000007047FFFDFBF9F7F5F4F2F0EEEDEBE9E8E6E4E3E1E0DE17
S3250001C640DDDBDAD8D7D5D4D3D1D0CFCDCCCBCAC8C7C6C5C4C2C1C0BFBEBDBCBBBAB9B8B7C4
S3250001C660B6B5B4B3B2B1B0AFAEADACABAAA9A8A8A7A6A5A4A3A3A2A1A09F9F9E9D9C9C9BBF
S3250001C6809A9999989797969595949393929191908F8F8E8E8D8C8C8B8B8A89898888878794
S3250001C6A08685858484838382828181800000FF070000F87F51EA030C17D41CF5801F58BFD6
S3250001C6C0BCF5801F00F10680994218BF704708BF9042704707D711F5801F58BF13F5801F92
S3250001C6E019D499427047894270471CF5801F08D5BCF5801FF7D58B4218BF704708BF8242A3
S3250001C70070474FF4001C1CEB410F38BF1CEB430F01D28B42704770B500F082F9922449006F
S3250001C7204FF000514FF08053FFF75EBE4FEA1153A3F58063D3F11E03A8BFD3F1200C08DB07
S3250001C7404FF0004242EAC12252EA505232FA03F0704709420BD4102BC4BF0020704703F5D7
S3250001C760787CBCF1FF3F05D04FF0FF3070474FF00000704770B500F053F900BF4992248044
S3250001C78000207047F0E710F0004248BF4042B0FA80F310FA03F10AD0C3F11D0303F5806375
S3250001C7A002EB03524FEA415002EBD12170474FF000007047B0FA80F310FA03F10AD0C3F131
S3250001C7C01D0303F580634FEA03524FEA415002EBD12170474FF000007047000051EA030C29
S3250001C7E017D41CF5801F58BFBCF5801F00F10680994218BF704708BF9042704707D711F51C
S3250001C800801F58BF13F5801F19D499427047894270471CF5801F08D5BCF5801FF7D58B423D
S3250001C82018BF704708BF824270474FF4001C1CEB410F38BF1CEB430F01D28B42704770B59F
S3250001C84000F0EEF8922449004FF080514FF00053FFF7CABD51EA030C17D41CF5801F58BFE1
S3250001C860BCF5801F00F10680994218BF704708BF9042704707D711F5801F58BF13F5801FF0
S3250001C88019D499427047894270471CF5801F08D5BCF5801FF7D58B4218BF704708BF824201
S3250001C8A070474FF4001C1CEB410F38BF1CEB430F01D28B42704770B500F0B2F8922449009F
S3250001C8C04FF000514FF08053FFF78EBD70B5DFF848C11CEA111E1EBF1CEA13159EEA0C0F86
S3250001C8E095EA0C0F00F06F8081EA03044EEAD47EAE4421EA4C1123EA4C1341F4801143F4F9
S3250001C9008013AEF17F7EA1FB024CA0FB0365361955EB0C05A1FB034C4CF10003A0FB021C70
S3250001C92016EB0C06654153F10003094218BF46F0010613F4007F0BD14FEA03314FEA053054
S3250001C94041EA155140EA165034036FF003020AE04FEAC3214FEAC52041EA555140EA56504E
S3250001C960F4026FF0020202EB2E4201EB025585EACE710AD05FEA440C18BF24F0004450F126
S3250001C980000041F1000120EAD47040F2FE7C624500D270BDA84214BF4FF080444FF040443A
S3250001C9A0002E08BF0024BEF1806FA8BFA1F1C041BDE8704080F2828001F1C04101F00041D1
S3250001C9C04FF0000070470CEA13159EEA0C0F18BF95EA0C0F06D081EA030E4FF000000EF099
S3250001C9E0004170BD00F01CF88900013E00F007B800F009B84FEA430C5FEA5C5C08D081EACA
S3250001CA00030100F05BB84FEA410C5FEA5C5CF6D102494FF0000070470000FF070000F87FFC
S3250001CA200EF1020E2EF0030E5EF8046B364205D4012A43EB030515F5001F12D8012841EBD2
S3250001CA40010C1CF5001F0CD80ED14FEAD17C0CEB4C0C0CF1020C15F5001F08BF4CEBD37C79
S3250001CA6004E04FF0080C01E04FEAD37C0CEB4C0526FA05F606F00706B6F1040C06D20EEB21
S3250001CA80860CBDE870404CF0010C6047DFE80CF0090B02024FF00041A1F500214FF0000067
S3250001CAA070BD19461046012851EB010418BFD4F5001484BF002001F0004170BD0808A0F508
S3250001CAC000114FEA3101704753EA010C17D41CF5801F58BFBCF5801F00F106808B4218BFB5
S3250001CAE0704708BF8242704707D713F5801F58BF11F5801F19D48B4270479B4270471CF5DF
S3250001CB00801F08D5BCF5801FF7D5994218BF704708BF904270474FF4001C1CEB430F38BF0E
S3250001CB201CEB410F01D2994270470FB40CBC03BCFFF7C1BE10B591EA030F48BF83F0004364
S3250001CB403FF5AAAB841A71EB030C07D28CF0004C121943EB0C03001B61EB0C014FEA115421
S3250001CB60A4EB135CDFF8A4E11EEA430F18BF9EEA445F00F0B48021EA045123EA6E03524262
S3250001CB80C3EB6E0338BF5B1EDCF1200E25D322FA0CFE10EB0E0043FA0CFE41EB0E01CCF19E
S3250001CBA0200E03FA0EFE10EB0E00CCF1200E51F1000129D401EB045112FA0EF2BDE81040C1
S3250001CBC058BF7047401C1CBFB2F1004F704700280CBF491C20F00100704712EB020E43EB45
S3250001CBE0030218BF4FF0010E4EEA4202ACF1200CDCF11E0E56D943FA0CFE10EB0E00CCF18A
S3250001CC001E0E51F1FF31D5D50EF1010E12FA0EFE404141EB010101EB445C5FEA5C5C10D97A
S3250001CC2001EB045110EBDE7038BFBEF1004FBDE8104018BF704700280CBF491C20F0010082
S3250001CC40704734D24FEAD42C24F4006411F500111BD0B1FA81F20B3AA41AA41ED2F1200390
S3250001CC60914030FA03F31943904001EBCC7101EB0451002CBDE81040A8BF704701F1C041F4
S3250001CC8001F000414FF000007047B0FA80F310FA03F102D1BDE810407047E41A173C48052D
S3250001CCA0C90AE2E701EB0451BDE81040704749104FEA300001EB0451BDE8104002E04FF0CB
S3250001CCC0000170474A0008BF0042F8D0B2F5001F28BF704701F000414FF0000070479EEA66
S3250001CCE0445F07D011EA5E0FBDE8104004BF002100207047BDE8104070B5FFF791FE00BF3D
S3250001CD0040DFF63E104683F0004170470000E0FF10B5FFF7CFFC0CBF0120002010BD10B5F5
S3250001CD20FFF7C8FC14BF0120002010BD10B5FFF755FD8CBF0120002010BD10B5FFF74EFDE5
S3250001CD402CBF0120002010BD10B5FFF783FD94BF0120002010BD10B5FFF77CFD34BF0120EF
S3250001CD60002010BDF1EE100A4FF6FF71C0F2C03120EA010040F04070E1EE100A7047FF21C3
S3250001CD8041EAD050C00570474FF000007047E4F759BFE5F78DB80CF00F03092B08BF08208A
S3250001CDA000F05F800A2B0BD0082B18BF704708BF1CF0400F0AD04FF000004FF0000170479A
S3250001CDC01CF0400F18BF4FF0004070471CF0100F08D000F07F4220F0704342EAD3014FEA34
S3250001CDE04370704700F0604021F07F4242EA000201F07F4040EA727070474FF0FF0C4CF435
S3250001CE00E06C1CEA11531CBF9CEA030C9445C2BFDA4201EB02517047002B0DD0BCF1000FB5
S3250001CE200FD001F00041002AA4BF41F0E04141F07F614FF00000704701F000414FF0000083
S3250001CE40704750EA01334FF09B0C18BF4CF0806C7FF4C2AA7047E5F7C3BCE6F795B9E6F7C8
S3250001CE6023BB1CF4801F11D01CF4E02F03D06FEACC31490070474FF04050EFF3008222F0B0
S3250001CE80704242EA000282F3008870474FF00000704700000000000000000000303132333B
S3250001CEA0343536373839414243444546403058003031323334353637383961626364656665
S3250001CEC04030780004000008000000000000000200010000103031323334353637383961D6
S3250001CEE06263646566787000303132333435363738394142434445465850000002400000C3
S3250001CF00000000A00000000005400000000000C8000000000C4000000000409C0000000035
S3250001CF20194000000020BCBE0000000034400000BFC91B8E00000004B5400000504BCFD01F
S3250001CF406607E2CF010000006C4100003E8251AADFEEA73401000000D9420000DCB5A0E26C
S3250001CF603A301F97FFFFFFFFB4450000FD25A0C8E9A3C14FFFFFFFFFFF3F000000000080B5
S3250001CF8000000000FF3F00000000008000000000050000003603530065006C0066002000E4
S3250001CFA050006F0077006500720065006400200043006F006E006600690067007500720037
S3250001CFC06100740069006F006E00040309042C03410043004D00200043006F006E00740067
S3250001CFE072006F006C00200049006E0074006500720066006100630065000000010000002B
S3250001D00000CA9A3B01000000010000000100000040420F0001000000E8030000000001CC1D
S3250001D02001D8001401F0003C002801E401A0006C007801B40050019C0188004400000000CE
S3250001D040C41B0200F8120200541002009C1B020006130200C41B0200171302004C10020037
S3250001D0609C1B020029130200EC1B02003B13020000000000020000006411020002000000DE
S3250001D0806010020002040000C41B020045130200E8120200C41B02006613020088100200E4
S3250001D0A0C41B02008813020094100200C41B0200AD13020094100200C41B0200D313020033
S3250001D0C088100200EC1B0200FB13020000000000020000000C11020002000000E41002007D
S3250001D0E0022400009C1B020028140200EC1B0200561402000000000002000000641102001E
S3250001D100020000001811020002040000C41B020083140200201102009C1B0200B1140200A8
S3250001D1209C1B0200DF140200C41B02000015020034110200C41B020021150200401102008F
S3250001D1409C1B02003F150200C41B02005E150200541102009C1B0200721502009C1B020001
S3250001D160871502009C1B020099150200C41B0200AE150200C8110200C41B0200D215020056
S3250001D18014120200C41B0200EC150200C8110200EC1B020006160200000000000200000078
S3250001D1A058120200020000000C12020002040000C41B02002116020068120200C41B02005D
S3250001D1C03D160200701202009C1B02005B160200C41B02007516020040120200C41B0200A0
S3250001D1E0AF16020050120200C41B0200D216020050120200C41B0200F4160200501202007D
S3250001D200C41B020016170200681202009C1B0200311702009C1B0200501702009C1B02009D
S3250001D220621702009C1B02008B1702009C1B0200B6170200C41B0200EE1702004812020043
S3250001D2409C1B0200051802009C1B0200351802009C1B02004D1802009C1B0200651802008F
S3250001D2609C1B02007A1802009C1B02008F1802009C1B0200A5180200C41B0200BD180200C8
S3250001D280841202009C1B0200DA180200C41B0200EF180200A01202009C1B0200421902008E
S3250001D2A09C1B0200961902009C1B0200C7190200C41B0200141A0200A8120200C41B0200B4
S3250001D2C0661A0200B0120200EC1B0200D01A020000000000020000008C1202000200000068
S3250001D2E098120200020000009C1B0200FC1A0200141C0200091B020031314170706C696395
S3250001D3006174696F6E003134436F6D6D616E6448616E646C65720031354170706C696361E9
S3250001D32074696F6E42617365003135436F6D6D616E64526573706F6E7365003850726F7460
S3250001D3406F636F6C004E31305F5F637878616269763131365F5F7368696D5F747970655F30
S3250001D360696E666F45004E31305F5F637878616269763131375F5F636C6173735F7479702A
S3250001D380655F696E666F45004E31305F5F637878616269763132305F5F73695F636C617340
S3250001D3A0735F747970655F696E666F45004E31305F5F637878616269763132315F5F766DEB
S3250001D3C0695F636C6173735F747970655F696E666F45004E31305F5F637878616269763164
S3250001D3E032335F5F66756E64616D656E74616C5F747970655F696E666F45004E35736F6638
S3250001D400696531366F626A65637464696374696F6E6172793133456E74727950726F6475A3
S3250001D42063657249694545004E35736F66696531366F626A65637464696374696F6E61723B
S3250001D44079313449456E74727950726F647563657249694545004E35736F66696531366F9D
S3250001D460626A65637464696374696F6E61727931364F626A65637444696374696F6E61720C
S3250001D4807945004E35736F66696531366F626A65637464696374696F6E6172793137456EFF
S3250001D4A074727950726F64756365724261736545004E35736F66696531366F626A6563748B
S3250001D4C064696374696F6E6172793137494F626A65637444696374696F6E61727945004E5E
S3250001D4E035736F66696531366F626A65637464696374696F6E61727935456E74727945003A
S3250001D5004E35736F666965326963386E656F706978656C3130534B3638313252474257458A
S3250001D520004E35736F666965326963386E656F706978656C384E656F706978656C45004EA2
S3250001D54035736F666965326963386E656F706978656C39494E656F706978656C45004E3551
S3250001D560736F666965326F73345069706549684545004E35736F666965326F733549506999
S3250001D580706549684545004E35736F666965326F73354D7574657845004E35736F666965A1
S3250001D5A0326F733852756E6E61626C6545004E35736F666965336D637532746934746D3433
S3250001D5C063313353657269616C4F76657255736245004E35736F666965336D6375327469F2
S3250001D5E034746D3463344770696F45004E35736F666965336D637532746934746D34633470
S3250001D6005561727445004E35736F666965336D637532746934746D34633554696D657245DB
S3250001D620004E35736F666965336D637532746934746D346336456570726F6D45004E35733E
S3250001D6406F666965336D637532746934746D3463385761746368646F6745004E35736F6674
S3250001D660696534636F7265313049496E7465727275707445004E35736F66696534636F722B
S3250001D6806531314172726179537461746963494E3945736553656E736F7231314D65617306
S3250001D6A07572656D656E74454C6A31454545004E35736F66696534636F726531314172726B
S3250001D6C0617953746174696349744C6A3132454545004E35736F66696534636F7265313184
S3250001D6E0417272617953746174696349744C6A31454545004E35736F66696534636F7265D3
S3250001D7003131417272617953746174696349744C6A32454545004E35736F66696534636F26
S3250001D72072653131456570726F6D426C6F636B45004E35736F66696534636F7265313549EC
S3250001D74043617074757265436F6D7061726545004E35736F66696534636F72653349496F38
S3250001D76045004E35736F66696534636F7265344C697374494E535F336D637532746934749F
S3250001D7806D34633350696E454545004E35736F66696534636F7265344C697374495031390C
S3250001D7A074736B5461736B436F6E74726F6C426C6F636B4545004E35736F66696534636F88
S3250001D7C07265344C69737449504E535F31366F626A65637464696374696F6E61727931308D
S3250001D7E05472616E736D69746572454545004E35736F66696534636F726535417272617980
S3250001D80049684545004E35736F66696534636F726536494172726179494E3945736553652D
S3250001D8206E736F7231314D6561737572656D656E74454545004E35736F66696534636F7257
S3250001D840653649417272617949684545004E35736F66696534636F726536494172726179AF
S3250001D86049744545004E35736F66696534636F7265364954696D657245004E35736F6669EB
S3250001D8806534636F726536537472696E6745004E35736F66696534636F726537494565703D
S3250001D8A0726F6D45004E35736F66696534636F726539495761746368646F6745004E35736A
S3250001D8C06F666965346D61746831335363616C654672616374696F6E45004E35736F6669C5
S3250001D8E065346D61746836495363616C6545004E5374335F5F3231305F5F66756E63746952
S3250001D9006F6E33345F5F6D617962655F6465726976655F66726F6D5F756E6172795F667537
S3250001D9206E6374696F6E494676524E35736F66696534636F7265364954696D657245454539
S3250001D94045004E5374335F5F3231305F5F66756E6374696F6E33355F5F6D617962655F64C7
S3250001D96065726976655F66726F6D5F62696E6172795F66756E6374696F6E494676524E35EF
S3250001D980736F66696534636F7265364954696D657245454545004E5374335F5F32313475E7
S3250001D9A06E6172795F66756E6374696F6E49524E35736F66696534636F7265364954696D27
S3250001D9C0657245764545004E5374335F5F32313562696E6172795F66756E6374696F6E49F3
S3250001D9E0504E35736F666965326963386E656F706978656C384E656F706978656C45524E3C
S3250001DA0053315F34636F7265364954696D657245764545004E5374335F5F3231385F5F77A4
S3250001DA2065616B5F726573756C745F74797065494D4E35736F666965326963386E656F7078
S3250001DA406978656C384E656F706978656C454676524E53315F34636F7265364954696D6522
S3250001DA607245454545004E5374335F5F32365F5F62696E64494D4E35736F66696532696323
S3250001DA80386E656F706978656C384E656F706978656C454676524E53315F34636F726536D0
S3250001DAA04954696D657245454A5053345F524B4E535F3132706C616365686F6C6465727315
S3250001DAC0345F5F7068494C6931454545454545004E5374335F5F323866756E6374696F6ED2
S3250001DAE0494676524E35736F66696534636F7265364954696D65724545454500537439744A
S3250001DB007970655F696E666F007600000000000040100200990C01003515010041050100A5
S3250001DB2065070100510C0100000000004C100200A9B401000000000054100200BD1801001B
S3250001DB403515010035130100E11401005517010000000000601002000D1C0100051C010009
S3250001DB60A9B4010000000000681002009D86010019A301008D860100E9890100D189010003
S3250001DB80FCFFFFFF68100200C5B30100B5B30100EDB3010000000000941002005902010086
S3250001DBA05D02010015910100179101009D9201001991010057910100F79101000000000061
S3250001DBC0A0100200590201006D02010015910100179101009D9201000F93010065930100A4
S3250001DBE04594010000000000AC100200590201007D02010015910100179101009D9201002A
S3250001DC0099940100F99501006198010000000000B8100200590201008D02010015910100E9
S3250001DC20179101002799010000000000C4100200D12701003521010011210100BD9A0100C2
S3250001DC40159B010045200100D9200100DCFFFFFFC4100200D5B20100EDB2010001B3010020
S3250001DC60ADB20100C5B2010000000000E4100200A9B40100A9B40100A9B40100A9B4010057
S3250001DC80A9B4010000000000EC100200C9220100F1250100112601000D250100FCFFFFFFBA
S3250001DCA0EC10020025B3010041B3010011B30100000000000C110200D1270100A9B4010056
S3250001DCC00000000018110200A9B40100A9B40100A9B401000000000020110200A9B4010067
S3250001DCE00000000028110200212B01002D2C0100952B0100AD9B0100A19B010000000000F4
S3250001DD0034110200212B01002D2C0100952B0100AD9B0100A19B0100000000004011020074
S3250001DD20A9B40100A9B40100A9B40100A9B40100A9B401000000000048110200393401003D
S3250001DD40393301009D330100E9340100A1320100DD33010001340100A1340100213301001A
S3250001DD60E93201000533010025340100913201000000000054110200A9B40100A9B4010006
S3250001DD80A9B40100A9B40100A9B40100A9B40100A9B40100A9B40100A9B40100A9B401008C
S3250001DDA0A9B40100A9B40100A9B40100000000005C1102007D370100653701000000000081
S3250001DDC064110200A9B40100000000006C110200D13B0100000000007811020011430100FB
S3250001DDE095430100E1420100B54301000000000084110200154B010000000000901102008B
S3250001DE00FD510100115201004D4F0100B14E0100159C0100F54C0100E9510100A551010085
S3250001DE205D51010015510100FCFFFFFF9011020095B30100A5B3010085B30100D5B30100C5
S3250001DE4075B3010065B3010055B3010000000000B0110200919C0100915401004154010003
S3250001DE60615401005D9D010000000000BC1102007D9D0100699D010000000000C81102001E
S3250001DE80A9B4010000000000D0110200695F0100115F010011610100B59E0100A99E0100F1
S3250001DEA09D9E01005560010089600100855E0100919E0100715E010005610100ED600100E6
S3250001DEC000000000DC11020031620100DD61010039630100399F01002D9F0100219F010075
S3250001DEE0A5620100D9620100B1610100159F01008D6101002D630100156301000000000016
S3250001DF00E811020045640100F163010045650100B99F0100AD9F0100A19F0100B164010058
S3250001DF20E5640100CD630100959F0100B1630100396501002165010000000000F4110200E8
S3250001DF4051660100FD6501005967010039A001002DA0010021A00100C5660100F9660100E8
S3250001DF60D965010015A00100BD6501004D67010035670100000000000012020095A00100E6
S3250001DF80ED670100B5670100D5670100E5A00100000000000C120200A9B40100A9B4010069
S3250001DFA0A9B40100A9B40100A9B40100A9B40100A9B401000000000014120200A9B40100FE
S3250001DFC0A9B40100A9B40100A9B40100000000001C120200F5690100DD690100000000004A
S3250001DFE024120200A56A01008D6A0100000000002C120200116B0100F96A010000000000B9
S3250001E00034120200F56B0100A16B0100196D01000DA2010001A20100F5A10100396C01002B
S3250001E020716C0100896B0100E9A101007D6B0100DD6C0100C56C01000000000040120200C2
S3250001E040A9B40100A9B40100A9B40100A9B40100A9B40100A9B40100A9B40100A9B40100C9
S3250001E060A9B40100A9B40100A9B401000000000048120200A9B40100A9B40100A9B4010009
S3250001E080A9B40100A9B40100A9B40100A9B40100A9B40100A9B40100A9B40100A9B4010089
S3250001E0A00000000050120200A9B40100A9B40100A9B40100A9B40100A9B40100A9B40100C1
S3250001E0C0A9B40100A9B40100A9B40100A9B40100A9B401000000000058120200A9B4010099
S3250001E0E0A9B40100A9B40100A9B40100A9B40100A9B4010000000000601202007DA20100AF
S3250001E100716F01000000000068120200A9B40100A9B40100A9B40100A9B40100A9B40100C5
S3250001E1200000000070120200A9B40100A9B401000000000078120200E570010049700100FC
S3250001E1400000000084120200A9B40100A9B40100000000000000000001000000F01202005F
S3250001E16015AB010069AB010000000000BC12020029AB010079AB010000000000C81202001C
S3250001E1803A535444455252003A535444494E003A5354444F55540000000000002110000060
S3250001E1A0422000006330000084400000A5500000C6600000E77000000881000029910000EA
S3250001E1C04AA100006BB100008CC10000ADD10000CEE10000EFF100001C2702002427020045
S3250001E1E0642702006C2702004000000000000000000100003E00080000000000000100006E
S3250001E200A000000002000000000100003454010000000000000100002B7006000000000029
S3250001E220000100002800000000000000000100002700010000000000000100002000000064
S3250001E24000000000000100005000000002000000000100001AAC000000000000000100009C
S3250001E26017940900000000000001000016980500000000000001000014000000000000001A
S3250001E28000010000138008000000000000010000A000000008000000000100001000000021
S3250001E2A00000000000010000280000000200000000010000400000000400000000010000E6
S3250001E2C06000000000000000000100005D000C00000000000001000050000000000000001C
S3250001E2E0000100004E000200000000000001000041AC010000000000000100003C0000009A
S3250001E30000000000000100003A800900000000000001000030000000000000000001000000
S3250001E3202800000000000000000100002700010000000000000100002360060000000000FB
S3250001E340000100002160080000000000000100001E00000000000000000100001DC004002B
S3250001E360000000000001000050000000020000000001000018000000000000000001000029
S3250001E380140000000000000000010000600000000400000000010000000003402300000096
S3250001E3A00010034025000000002003402700000000300340330000000040034056000000D5
S3250001E3C0005003406C000000006003406E000000007003407000000000C00440720000008D
S3250001E3E000D004407400000000E004407600000000F00440780000000000034023000000E2
S3250001E400001003402500000000200340270000000030034033000000004003404F0000007B
S3250001E420005003405100000000000E407200000000100E407400000000C00040150000004A
S3250001E44000D000401600000000E000403100000000F000404B000000000001404C00000036
S3250001E460001001404D000000002001404E000000003001404F00000000C000401500000073
S3250001E48000D000401600000000E000403100000000F00040480000000000014049000000FC
S3250001E4A0001001404A000000002001404B000000003001404C000000BDC2000049BB0000CE
S3250001E4C00000000059C9000000000000E5C7000065C0000035C90000DDBF00004DC8000093
S3250001E4E019C2000051CA000081CC000080E100E084E100E088E100E08CE100E090E100E065
S3250001E50000E100E004E100E008E100E00CE100E010E100E000400040008005400050004032
S3250001E520009005400060004000A005400070004000B005400040024000C0054000500240BC
S3250001E54000D005400060024000E005400070024000F0054000D00340000006400010064042
S3250001E5600010064000200640002006400030064000300640004006400040064000500640E4
S3250001E5800050064000600640006006400070064000700640008006400080064000900640C4
S3250001E5A00090064000E200E004E200E008E200E00CE200E010E200E00000000018ED00E0A7
S3250001E5C01CED00E020ED00E000E400E004E400E008E400E00CE400E010E400E014E400E08A
S3250001E5E018E400E01CE400E020E400E024E400E028E400E02CE400E030E400E034E400E0C4
S3250001E60038E400E03CE400E040E400E044E400E048E400E04CE400E050E400E054E400E0A3
S3250001E62058E400E05CE400E060E400E064E400E068E400E06CE400E070E400E074E400E083
S3250001E64078E400E07CE400E080E400E084E400E088E400E000688909001C4E0E40420F005C
S3250001E66000201C0080841E0000802500999E36000040380000093D0000803E0000004B005C
S3250001E680404B4C0000204E00808D5B0000C05D000080700000127A0000007D008096980002
S3250001E6A0001BB7000080BB00C0E8CE00647ADA000024F4000000FA0080A81201002D31016C
S3250001E6C000366E0140787D01090400000102020104052400100104240206052406000105A2
S3250001E6E0240101010705810310000109040100020A00000007058202400000070501024012
S3250001E700000009040100020A00000007058202000200070501020002000000000400000031
S3250001E72018060020040000002806002000000000F18B00000000000051880000758A0000EE
S3250001E74000000000000000006D8F0000058E00001D8A0000298B0000E98800002300000034
S3250001E760C8260200030000003806002003000000440600200900000050060020170000003E
S3250001E780EB2602001700000002270200080000006B0600200024F40030003000005A62024E
S3250001E7A09100910000879303D200D20000B4C4041301130100E1F50554015401000E27070A
S3250001E7C0950195017374617469635F636173743C73697A655F743E28696E64657829203CA7
S3250001E7E0206279746573202F2073697A656F662854290043484945202B0042415345202B5D
S3250001E8000053454C46202B004D454153202B00534C4544202D0042415345202D00696E64F3
S3250001E8206578203E3D203000636F756E745F203C20434150414349545900696E646578207F
S3250001E8403C2043415041434954590073697A65203C3D20434150414349545900636F756E90
S3250001E860745F202B206E756D203C3D20434150414349545900696E646578203C20636F7521
S3250001E8806E745F004D454153202D206461726B313D25662076616C7565313D2566206C65DB
S3250001E8A064506F776572313D2564206461726B323D25662076616C7565323D2566206C6505
S3250001E8C064506F776572323D25640043484945207C2064656C74613D2566206F643D256468
S3250001E8E0004155544F202B206C6576656C3D2564004155544F207C206D696E4C6564506F82
S3250001E9007765723D2564206D61784C6564506F7765723D2564004155544F207C2070617454
S3250001E920683D31206C6564506F7765723D2564004155544F207C20706174683D32206C65D0
S3250001E94064506F7765723D2564004155544F207C20706174683D33206C6564506F77657205
S3250001E9603D2564004155544F202D20666F756E643D2564206C6564506F7765723D2564001A
S3250001E98043484945207C206F6C64506F7765723D2564206F643D2564206C6564506F7765E0
S3250001E9A0723D256400534C4544202B207374617475733D25640043484945202D207265744A
S3250001E9C03D25640053454C46202D207265743D2564004155544F207C20783D2566207831C4
S3250001E9E03D25662079313D25662078323D25662079323D2566004155544F207C206C656467
S3250001EA00506F776572446F75626C653D2566002E2E2F636F6D6D6F6E2F736F6669655C63A7
S3250001EA206F72652F735F636F72655F61727261797374617469632E68002E2E2F636F6D6D0C
S3250001EA406F6E2F736F6669655C6F626A65637464696374696F6E6172792F735F6F626A65E3
S3250001EA60637464696374696F6E6172795F656E74727970726F64756365722E6800626164D0
S3250001EA805F66756E6374696F6E5F63616C6C20776173207468726F776E20696E202D666E6A
S3250001EAA06F2D657863657074696F6E73206D6F6465002530325800636F756E745F203C20C9
S3250001EAC063617061636974795F00696E646578203C2063617061636974795F0073697A6586
S3250001EAE0203C3D2063617061636974795F00636F756E745F202B206E756D203C3D206361E9
S3250001EB007061636974795F002E2E2F636F6D6D6F6E2F736F6669655C636F72652F735F6343
S3250001EB206F72655F61727261792E6800474D4E31202A20706F7765724D696E3D2564004799
S3250001EB404D4E32202A20706F7765724D696E3D256400474C5031202A20706F7765723D2553
S3250001EB606400534C5031202A20706F7765723D256400474C5032202A20706F7765723D259F
S3250001EB806400534C5032202A20706F7765723D256400474D5831202A20706F7765724D612A
S3250001EBA0783D256400474D5832202A20706F7765724D61783D256400430047004D00560042
S3250001EBC05A005620256400432025692025690058202569202530336620253033662025755A
S3250001EBE020253033662025303366202575004D20252E30336620252E303366202575202574
S3250001EC002E30336620252E30336620257500696E646578203C206C656E6774682829005346
S3250001EC2054415254202A00696E646578203C206D61784C656E6774685F007461736B4C6549
S3250001EC4064002E2E2F636F6D6D6F6E2F736F6669655C636F72652F735F636F72655F7374FB
S3250001EC6072696E672E68007461736B50726F746F636F6C007461736B4D61696E00737263C2
S3250001EC802F6D61696E2E63707000735F0025632564005120272573270056203000302E38B2
S3250001ECA02E3000643138323032393038333036326538393830663634326630613934393015
S3250001ECC03931370041004600480053002532686858253858002532686858004520256400C9
S3250001ECE0482025640054202564005920256400562025730025303664200071756575655F7C
S3250001ED0020213D2030004D5650303000485345002E2E2F636F6D6D6F6E2F736F6669655C36
S3250001ED206F732F735F6F735F706970652E6800657669466C756F002E2E2F636F6D6D6F6E76
S3250001ED402F736F6669652F3370617274792F54697661576172652F322E322E302E32393596
S3250001ED602F6472697665726C69622F6770696F2E63002E2E2F636F6D6D6F6E2F736F666937
S3250001ED80652F3370617274792F54697661576172652F322E322E302E3239352F6472697652
S3250001EDA065726C69622F696E746572727570742E63002E2E2F636F6D6D6F6E2F736F66699D
S3250001EDC0652F3370617274792F54697661576172652F322E322E302E3239352F6472697612
S3250001EDE065726C69622F73797363746C2E63002E2E2F636F6D6D6F6E2F736F6669652F33E1
S3250001EE0070617274792F54697661576172652F322E322E302E3239352F6472697665726C55
S3250001EE2069622F7379737469636B2E63002E2E2F636F6D6D6F6E2F736F6669652F337061AA
S3250001EE407274792F54697661576172652F322E322E302E3239352F6472697665726C69621B
S3250001EE602F74696D65722E63002E2E2F636F6D6D6F6E2F736F6669652F3370617274792F90
S3250001EE8054697661576172652F322E322E302E3239352F6472697665726C69622F776174EE
S3250001EEA06368646F672E63002E2E2F636F6D6D6F6E2F736F6669652F3370617274792F5447
S3250001EEC0697661576172652F322E322E302E3239352F6472697665726C69622F7561727492
S3250001EEE02E63002E2E2F636F6D6D6F6E2F736F6669652F3370617274792F54697661576114
S3250001EF0072652F322E322E302E3239352F6472697665726C69622F7573622E63002E2E2F9F
S3250001EF20636F6D6D6F6E2F736F6669652F3370617274792F54697661576172652F322E3257
S3250001EF402E302E3239352F7573626C69622F7573626275666665722E63002E2E2F636F6D80
S3250001EF606D6F6E2F736F6669652F3370617274792F54697661576172652F322E322E302ECA
S3250001EF803239352F7573626C69622F7573626D6F64652E63002E2E2F636F6D6D6F6E2F73B5
S3250001EFA06F6669652F3370617274792F54697661576172652F322E322E302E3239352F7532
S3250001EFC073626C69622F75736272696E676275662E63002E2E2F636F6D6D6F6E2F736F669C
S3250001EFE069652F3370617274792F54697661576172652F322E322E302E3239352F757362F2
S3250001F0006C69622F6465766963652F757362646364632E63002E2E2F636F6D6D6F6E2F73C5
S3250001F0206F6669652F3370617274792F54697661576172652F322E322E302E3239352F75B1
S3250001F04073626C69622F6465766963652F75736264636F6E6669672E63002E2E2F636F6D50
S3250001F0606D6F6E2F736F6669652F3370617274792F54697661576172652F322E322E302EC9
S3250001F0803239352F7573626C69622F6465766963652F75736264656E756D2E63002E2E2FCC
S3250001F0A0636F6D6D6F6E2F736F6669652F3370617274792F54697661576172652F322E32D6
S3250001F0C02E302E3239352F7573626C69622F757362646D612E63002E2E2F636F6D6D6F6EFD
S3250001F0E02F736F6669652F3370617274792F54697661576172652F322E322E302E323935F3
S3250001F1002F6472697665726C69622F75646D612E63002E2E2F636F6D6D6F6E2F736F66699B
S3250001F120652F3370617274792F54697661576172652F322E322E302E3239352F64726976AE
S3250001F14065726C69622F656570726F6D2E63002E2E2F636F6D6D6F6E2F736F6669652F3397
S3250001F16070617274792F54697661576172652F322E322E302E3239352F6472697665726CF2
S3250001F18069622F666C6173682E630049444C4500546D725100546D7220537663006F666673
S3250001F1A0736574202B2073697A65203C3D20656570726F6D2E73697A652829002E2E2F636D
S3250001F1C06F6D6D6F6E2F736F6669652F636F72652F735F636F72655F656570726F6D626C86
S3250001F1E06F636B2E6370700064656C6574654973416C6C6F776564006E65774973416C6C44
S3250001F2006F776564002E2E2F636F6D6D6F6E2F736F6669652F6F732F735F6F735F6D656D4D
S3250001F2206F72792E6370700070747220213D206E756C6C7074720073656D6170686F726533
S3250001F2405F002E2E2F636F6D6D6F6E2F736F6669652F6F732F735F6F735F6D757465782E3B
S3250001F260637070002E2E2F636F6D6D6F6E2F736F6669652F6F732F735F6F735F74687265E5
S3250001F28061642E637070007265740070696E735F20213D203000706F72745F20213D20300D
S3250001F2A0002E2E2F636F6D6D6F6E2F736F6669652F6D63752F74692F746D34632F735F6D59
S3250001F2C063755F74695F746D34635F6770696F2E637070002E2E2F636F6D6D6F6E2F736F98
S3250001F2E06669652F6D63752F74692F746D34632F735F6D63755F74695F746D34635F73651C
S3250001F3007269616C5F6F7665725F7573622E6370700064656E6F6D696E61746F7220213DEB
S3250001F3202030006E756D657261746F7220213D2030002E2E2F636F6D6D6F6E2F736F6669D7
S3250001F340655C6D6174682F735F6D6174685F7363616C652E68002E2E2F636F6D6D6F6E2F50
S3250001F360736F6669652F6D63752F74692F746D34632F735F6D63755F74695F746D34635F91
S3250001F3807761746368646F672E637070007065726970686572616C5F20213D203000696E74
S3250001F3A0746572727570745F20213D2030002E2E2F636F6D6D6F6E2F736F6669652F6D63AB
S3250001F3C0752F74692F746D34632F735F6D63755F74695F746D34635F756172742E63707019
S3250001F3E0002E2E2F636F6D6D6F6E2F736F6669652F6D63752F74692F746D34632F735F6D18
S3250001F40063755F74695F746D34635F746D34632E63707000535953455849540A0045525286
S3250001F4204F523A2025733A25690A003A535444494E003A535444455252003A5354444F55CD
S3250001F4405400287573656454696D6572735B74696D6572546F42697449647828302C205489
S3250001F460494D45525F41295D203D3D2066616C7365202626207573656454696D6572735B61
S3250001F48074696D6572546F42697449647828302C2054494D45525F42295D203D3D20666170
S3250001F4A06C736529207C7C20287573656454696D6572735B74696D6572546F426974496448
S3250001F4C07828312C2054494D45525F41295D203D3D2066616C73652026262075736564540B
S3250001F4E0696D6572735B74696D6572546F42697449647828312C2054494D45525F42295D15
S3250001F500203D3D2066616C73652900626173655F20213D20300074696D65725F20213D2010
S3250001F5203000636C6F636B46726571656E63795F20213D2030007573656454696D657273F9
S3250001F5405B74696D6572546F4269744964782874696D65724964785F2C2054494D45525F28
S3250001F56041295D203D3D2066616C7365202626207573656454696D6572735B74696D6572CB
S3250001F580546F4269744964782874696D65724964785F2C2054494D45525F42295D203D3D02
S3250001F5A02066616C7365007573656454696D6572735B74696D6572546F4269744964782849
S3250001F5C074696D65724964785F2C2074696D65725F295D203D3D2066616C7365007265731E
S3250001F5E0756C742E697356616C69642829203D3D2074727565002E2E2F636F6D6D6F6E2FA7
S3250001F600736F6669655C636F72652F735F636F72655F6269747365742E68002E2E2F636F41
S3250001F6206D6D6F6E2F736F6669652F6D63752F74692F746D34632F735F6D63755F74695FBF
S3250001F640746D34635F74696D65722E63707000696E646578203C206B43617061636974790D
S3250001F6600073746F726167655F006D6573736167652E747970652829203D3D20747970658D
S3250001F6805F002E2E2F636F6D6D6F6E2F736F6669655C6F626A65637464696374696F6E618D
S3250001F6A072792F735F6F626A65637464696374696F6E6172795F656E747279636F6E7375F1
S3250001F6C06D6572626173652E68002E2E2F636F6D6D6F6E2F736F6669652F6F626A656374AF
S3250001F6E064696374696F6E6172792F735F6F626A65637464696374696F6E6172795F6F62EF
S3250001F7006A65637464696374696F6E6172792E63707000646D614368616E6E656C5F2E61BC
S3250001F7206C7465726E617465203E2030006E756D6265724F665472616E7366657273203E61
S3250001F740203000646D614368616E6E656C5F2E7072696D617279203E203000747265735F0B
S3250001F7606E735F203C203130303030303000745F6E735F203D3D2031323530002E2E2F63F2
S3250001F7806F6D6D6F6E2F736F6669652F69632F6E656F706978656C2F735F69635F6E656FFB
S3250001F7A0706978656C5F74692E637070007430685F6E735F203D3D2031202A206E656F70C1
S3250001F7C06978656C54696D65556E6974007431685F6E735F203D3D2032202A206E656F708D
S3250001F7E06978656C54696D65556E6974005F5F6378615F67756172645F616371756972656C
S3250001F8002064657465637465642072656375727369766520696E697469616C697A6174695C
S3250001F8206F6E3A20646F20796F75206861766520612066756E6374696F6E2D6C6F63616C37
S3250001F84020737461746963207661726961626C652077686F736520696E697469616C697A60
S3250001F8606174696F6E20646570656E6473206F6E20746861742066756E6374696F6E3F00D0
S3250001F880003C020000000020000C00009C42000000400200000C002070130200FC420000E8
S3250001F8A0000000000000F07FFFFFFFFFFFFFEF7F1001000043000000F8FFFFFF0040404061
S3250001F8C04040404040404141414141404040404040404040404040404040404040050202D3
S3250001F8E0020202020202020202020202022020202020202020202002020202020202909079
S3250001F900909090901010101010101010101010101010101010101010020202020202888844
S3250001F9208888888808080808080808080808080808080808080808080202020240000000B8
S3250001F9400000000000000000000000000000000000000000000000000000000000000000A0
S3250001F960000000000000000000000000000000000000000000000000000000000000000080
S3250001F980000000000000000000000000000000000000000000000000000000000000000060
S3250001F9A0000000000000000000000000000000000000000000000000000000000000000040
S3250001F9C01C00000043000000F8FFFFFF0C0000000E0000000F0000002E000000ADB9FEFF12
S3250001F9E0A1B9FEFFCDB9FEFFC1B9FEFF0000000000000000000000000000000000000000AF
S3250001FA000000000000000000000000000000000000000000000000000000000000000000DF
S3250001FA200000000000000000000000000000000000000000000000000000000000000000BF
S3250001FA4000000000000000000000000000000000000000000000000000000000000000009F
S3250001FA6000000000000000000000000000000000000000000000000000000000000000007F
S3250001FA8000000000000000000000000000000000000000000000000000000000000000005F
S3250001FAA000000000000000000000000000000000000000000000000000000000000000003F
S3250001FAC000000000000000000000000000000000000000000000000000000000000000001F
S3250001FAE00000000000000000000000000000000000000000000000000000000000000000FF
S3250001FB000000000000000000000000000000000000000000000000000000000000000000DE
S3250001FB200000000000000000000000000000000000000000000000000000000000000000BE
S3250001FB4000000000000000000000000000000000000000000000000000000000000000009E
S3250001FB6000000000000000000000000000000000000000000000000000000000000000007E
S3250001FB8000000000000000000000000000000000000000000000000000000000000000005E
S3250001FBA000000000000000000000000000000000000000000000000000000000000000003E
S3250001FBC000000000000000000000000000000000000000000000000000000000000000001E
S3250001FBE00000000000000000000000000000000000000000000000000000000000000000FE
S3250001FC000AFDA50109FD0109FD0109FD0109FD0109FD013901C1230101238D583203147428
S3250001FC2027021A8C041A5C041A7C04A9105A8410A91C691814090209200B020105C0FA12C2
S3250001FC40011001025A405A16020301080B1C02020264291432081AAA011BF8FF1101FF0180
S3250001FC60FF01FF01FF01FF01800000000000000000000000000000000000000000000000FD
S3250001FC8000000000000000000000000000000000000000000000000000000000000000005D
S3250001FCA000000000000000000000000000000000000000000000000000000000000000003D
S3250001FCC000000000000000000000000000000000000000000000000000000000000000001D
S3250001FCE00000000000000000000000000000000000000000000000000000000000000000FD
S3250001FD000000000000000000000000000000000000000000000000000000000000000000DC
S3250001FD200000000000000000000000000000000000000000000000000000000000000000BC
S3250001FD4000000000000000000000000000000000000000000000000000000000000000009C
S3250001FD6000000000000000000000000000000000000000000000000000000000000000007C
S3250001FD8000000000000000000000000000000000000000000000000000000000000000005C
S3250001FDA000000000000000000000000000000000000000000000000000000000000000003C
S3250001FDC000000000000000000000000000000000000000000000000000000000000000001C
S3250001FDE00000000000000000000000000000000000000000000000000000000000000000FC
S3250001FE000000000000000000000000000000000000000000000000000000000000000000DB
S3250001FE200000000000000000000000000000000000000000000000000000000000000000BB
S3250001FE4000000000000000000000000000000000000000000000000000000000000000009B
S3250001FE6000000000000000000000000000000000000000000000000000000000000000007B
S3250001FE8000000000000000000000000000000000000000000000000000000000000000005B
S3250001FEA000000000000000000000000000000000000000000000000000000000000000003B
S3250001FEC000000000000000000000000000000000000000000000000000000000000000001B
S3250001FEE00000000000000000000000000000000000000000000000000000000000000000FB
S3250001FF000000000000000000000000000000000000000000000000000000000000000000DA
S3250001FF200000000000000000000000000000000000000000000000000000000000000000BA
S3250001FF4000000000000000000000000000000000000000000000000000000000000000009A
S3250001FF6000000000000000000000000000000000000000000000000000000000000000007A
S3250001FF8000000000000000000000000000000000000000000000000000000000000000005A
S3250001FFA000000000000000000000000000000000000000000000000000000000000000003A
S3250001FFC000000000000000000000000000000000000000000000000000000000000000001A
S3250001FFE00000000000000000000000000000000000000000000000000000000000000000FA
S5031000EC
S70500000000FA
